{
"type": "FeatureCollection",
"name": "map_comuni",
"crs": { "type": "name", "properties": { "name": "urn:ogc:def:crs:OGC:1.3:CRS84" } },
"features": [
{ "type": "Feature", "properties": { "com_altname": null, "com_area_code": "ITA", "com_capoluogo": "No", "com_code": "22092", "com_name": "Giovo", "com_name_lower": "giovo", "com_name_upper": "GIOVO", "com_type": "Comune", "geo_point_2d": { "lat": 46.17913557609393, "lon": 11.160776410127012 }, "prov_code": "22", "prov_name": "Trento", "reg_code": "4", "reg_name": "Trentino-Alto Adige", "rip_code": "2", "rip_name": "Nord-Est", "year": "2022" }, "geometry": { "type": "Polygon", "coordinates": [ [ [ 11.171254, 46.154202 ], [ 11.171495, 46.155999 ], [ 11.175369, 46.156826 ], [ 11.179122, 46.156893 ], [ 11.1793, 46.157365 ], [ 11.178268, 46.159897 ], [ 11.18026, 46.16158 ], [ 11.180374, 46.162624 ], [ 11.180868, 46.163311 ], [ 11.18075, 46.164909 ], [ 11.180173, 46.166118 ], [ 11.178532, 46.167555 ], [ 11.178396, 46.168258 ], [ 11.177336, 46.169716 ], [ 11.177583, 46.172063 ], [ 11.177276, 46.173102 ], [ 11.176517, 46.173619 ], [ 11.176404, 46.175788 ], [ 11.177458, 46.176493 ], [ 11.177722, 46.177591 ], [ 11.178444, 46.178657 ], [ 11.177476, 46.180636 ], [ 11.177149, 46.18429 ], [ 11.176299, 46.186412 ], [ 11.175335, 46.187949 ], [ 11.176186, 46.189102 ], [ 11.177867, 46.190719 ], [ 11.179884, 46.193299 ], [ 11.183295, 46.1955 ], [ 11.184674, 46.196697 ], [ 11.185507, 46.199577 ], [ 11.187224, 46.198744 ], [ 11.189947, 46.198555 ], [ 11.192462, 46.198773 ], [ 11.19248, 46.200528 ], [ 11.194504, 46.202659 ], [ 11.196352, 46.20598 ], [ 11.196897, 46.20993 ], [ 11.197207, 46.210675 ], [ 11.197122, 46.211924 ], [ 11.197486, 46.214711 ], [ 11.1981, 46.216121 ], [ 11.198992, 46.21736 ], [ 11.201424, 46.221439 ], [ 11.201651, 46.222884 ], [ 11.198451, 46.223311 ], [ 11.196104, 46.224386 ], [ 11.19015, 46.225616 ], [ 11.188345, 46.226231 ], [ 11.186739, 46.226528 ], [ 11.185578, 46.226478 ], [ 11.183939, 46.225789 ], [ 11.182108, 46.226904 ], [ 11.178771, 46.229155 ], [ 11.17749, 46.22976 ], [ 11.17606, 46.231441 ], [ 11.175725, 46.231049 ], [ 11.172691, 46.228893 ], [ 11.173764, 46.227459 ], [ 11.176856, 46.224727 ], [ 11.176866, 46.222468 ], [ 11.176617, 46.221658 ], [ 11.174965, 46.221339 ], [ 11.174612, 46.220886 ], [ 11.175787, 46.218636 ], [ 11.177109, 46.217063 ], [ 11.177223, 46.21563 ], [ 11.176974, 46.214667 ], [ 11.176147, 46.213994 ], [ 11.175342, 46.21446 ], [ 11.174478, 46.213918 ], [ 11.172987, 46.213807 ], [ 11.171359, 46.212754 ], [ 11.171657, 46.212014 ], [ 11.173061, 46.211655 ], [ 11.174086, 46.21033 ], [ 11.175544, 46.210559 ], [ 11.176401, 46.209026 ], [ 11.17665, 46.207905 ], [ 11.178707, 46.208127 ], [ 11.179425, 46.206547 ], [ 11.18065, 46.207181 ], [ 11.183898, 46.206876 ], [ 11.184074, 46.206382 ], [ 11.183398, 46.205711 ], [ 11.181004, 46.204227 ], [ 11.181446, 46.20389 ], [ 11.181054, 46.20302 ], [ 11.178841, 46.201149 ], [ 11.176965, 46.200254 ], [ 11.175053, 46.198754 ], [ 11.174508, 46.19876 ], [ 11.173275, 46.197051 ], [ 11.172938, 46.195044 ], [ 11.172148, 46.194545 ], [ 11.171207, 46.192728 ], [ 11.170418, 46.191877 ], [ 11.170303, 46.191016 ], [ 11.169698, 46.190015 ], [ 11.168055, 46.189754 ], [ 11.167344, 46.188356 ], [ 11.167157, 46.186537 ], [ 11.16533, 46.185406 ], [ 11.163542, 46.183761 ], [ 11.16241, 46.183335 ], [ 11.16137, 46.18352 ], [ 11.158634, 46.184892 ], [ 11.15753, 46.185137 ], [ 11.156879, 46.185819 ], [ 11.156929, 46.186496 ], [ 11.155281, 46.187572 ], [ 11.153999, 46.187689 ], [ 11.151599, 46.187328 ], [ 11.151164, 46.18786 ], [ 11.148578, 46.189139 ], [ 11.14751, 46.188181 ], [ 11.144504, 46.186435 ], [ 11.140115, 46.188028 ], [ 11.13928, 46.18611 ], [ 11.138341, 46.185239 ], [ 11.137863, 46.18323 ], [ 11.136592, 46.18308 ], [ 11.136094, 46.180543 ], [ 11.135569, 46.176448 ], [ 11.135156, 46.174479 ], [ 11.13415, 46.171517 ], [ 11.132326, 46.16856 ], [ 11.129719, 46.167234 ], [ 11.126472, 46.165092 ], [ 11.124049, 46.162855 ], [ 11.124069, 46.160714 ], [ 11.123657, 46.159946 ], [ 11.122029, 46.157914 ], [ 11.121672, 46.156903 ], [ 11.119336, 46.152957 ], [ 11.118702, 46.151503 ], [ 11.117103, 46.1486 ], [ 11.117376, 46.147423 ], [ 11.116863, 46.145599 ], [ 11.116754, 46.141815 ], [ 11.117686, 46.141164 ], [ 11.118812, 46.14125 ], [ 11.119245, 46.141917 ], [ 11.120658, 46.142277 ], [ 11.121268, 46.143333 ], [ 11.120884, 46.144868 ], [ 11.121656, 46.145386 ], [ 11.121621, 46.146675 ], [ 11.122635, 46.148028 ], [ 11.124889, 46.147844 ], [ 11.125407, 46.148348 ], [ 11.128516, 46.148481 ], [ 11.130121, 46.14902 ], [ 11.132467, 46.150468 ], [ 11.142042, 46.150752 ], [ 11.145934, 46.150412 ], [ 11.147115, 46.149678 ], [ 11.148088, 46.149594 ], [ 11.149816, 46.150083 ], [ 11.150964, 46.149223 ], [ 11.152699, 46.148581 ], [ 11.15439, 46.148942 ], [ 11.155503, 46.149452 ], [ 11.156294, 46.150625 ], [ 11.159982, 46.151873 ], [ 11.161991, 46.152113 ], [ 11.164123, 46.15256 ], [ 11.1653, 46.1533 ], [ 11.166784, 46.153867 ], [ 11.170508, 46.154015 ], [ 11.171254, 46.154202 ] ] ] } },
{ "type": "Feature", "properties": { "com_altname": null, "com_area_code": "ITA", "com_capoluogo": "No", "com_code": "22068", "com_name": "Croviana", "com_name_lower": "croviana", "com_name_upper": "CROVIANA", "com_type": "Comune", "geo_point_2d": { "lat": 46.33216859255075, "lon": 10.913643909431082 }, "prov_code": "22", "prov_name": "Trento", "reg_code": "4", "reg_name": "Trentino-Alto Adige", "rip_code": "2", "rip_name": "Nord-Est", "year": "2022" }, "geometry": { "type": "Polygon", "coordinates": [ [ [ 10.935818, 46.325032 ], [ 10.933722, 46.327189 ], [ 10.931596, 46.328638 ], [ 10.927273, 46.328383 ], [ 10.922707, 46.332507 ], [ 10.921722, 46.33432 ], [ 10.919043, 46.337669 ], [ 10.918424, 46.339436 ], [ 10.91688, 46.340656 ], [ 10.915629, 46.341247 ], [ 10.915004, 46.341903 ], [ 10.913069, 46.341482 ], [ 10.912697, 46.34233 ], [ 10.911087, 46.343894 ], [ 10.910792, 46.345209 ], [ 10.906048, 46.349108 ], [ 10.903404, 46.350689 ], [ 10.900364, 46.349334 ], [ 10.899619, 46.348827 ], [ 10.898, 46.348609 ], [ 10.89727, 46.348932 ], [ 10.893451, 46.346263 ], [ 10.892375, 46.345028 ], [ 10.894697, 46.343748 ], [ 10.895271, 46.343044 ], [ 10.897216, 46.341437 ], [ 10.899448, 46.339114 ], [ 10.90112, 46.337722 ], [ 10.901763, 46.336947 ], [ 10.901838, 46.336138 ], [ 10.90392, 46.33395 ], [ 10.904181, 46.332512 ], [ 10.905723, 46.331113 ], [ 10.906866, 46.329781 ], [ 10.907974, 46.329425 ], [ 10.90932, 46.328301 ], [ 10.909867, 46.327235 ], [ 10.910135, 46.325927 ], [ 10.911476, 46.323703 ], [ 10.912786, 46.322744 ], [ 10.914434, 46.320895 ], [ 10.915233, 46.320505 ], [ 10.917233, 46.320039 ], [ 10.916634, 46.318929 ], [ 10.915811, 46.316409 ], [ 10.916802, 46.315755 ], [ 10.917777, 46.314185 ], [ 10.917809, 46.313044 ], [ 10.92014, 46.311407 ], [ 10.920864, 46.311558 ], [ 10.921646, 46.312384 ], [ 10.922593, 46.312722 ], [ 10.926959, 46.312139 ], [ 10.928642, 46.312801 ], [ 10.92769, 46.313634 ], [ 10.926775, 46.315388 ], [ 10.926665, 46.316084 ], [ 10.925066, 46.319261 ], [ 10.924415, 46.319611 ], [ 10.923644, 46.321087 ], [ 10.92308, 46.322675 ], [ 10.923892, 46.323205 ], [ 10.927504, 46.323952 ], [ 10.928226, 46.324624 ], [ 10.930713, 46.323951 ], [ 10.933123, 46.324181 ], [ 10.935818, 46.325032 ] ] ] } },
{ "type": "Feature", "properties": { "com_altname": null, "com_area_code": "ITA", "com_capoluogo": "No", "com_code": "22025", "com_name": "Brentonico", "com_name_lower": "brentonico", "com_name_upper": "BRENTONICO", "com_type": "Comune", "geo_point_2d": { "lat": 45.804416655612094, "lon": 10.935775322504908 }, "prov_code": "22", "prov_name": "Trento", "reg_code": "4", "reg_name": "Trentino-Alto Adige", "rip_code": "2", "rip_name": "Nord-Est", "year": "2022" }, "geometry": { "type": "Polygon", "coordinates": [ [ [ 10.883413, 45.779756 ], [ 10.884772, 45.779252 ], [ 10.885852, 45.778397 ], [ 10.88677, 45.777311 ], [ 10.888564, 45.776648 ], [ 10.890401, 45.776626 ], [ 10.891242, 45.776054 ], [ 10.895191, 45.775038 ], [ 10.895288, 45.774442 ], [ 10.896213, 45.773539 ], [ 10.899644, 45.772773 ], [ 10.900818, 45.7723 ], [ 10.905123, 45.77156 ], [ 10.906699, 45.770489 ], [ 10.90702, 45.76987 ], [ 10.90937, 45.769066 ], [ 10.910681, 45.767989 ], [ 10.912405, 45.767652 ], [ 10.915662, 45.766163 ], [ 10.919751, 45.765487 ], [ 10.920639, 45.765019 ], [ 10.923015, 45.765027 ], [ 10.923716, 45.764818 ], [ 10.924733, 45.765556 ], [ 10.926114, 45.765631 ], [ 10.928014, 45.765111 ], [ 10.929721, 45.764234 ], [ 10.930202, 45.765088 ], [ 10.931321, 45.764467 ], [ 10.932306, 45.764519 ], [ 10.932306, 45.763744 ], [ 10.933553, 45.763759 ], [ 10.935174, 45.764156 ], [ 10.937625, 45.764333 ], [ 10.937727, 45.765269 ], [ 10.937052, 45.765632 ], [ 10.937063, 45.766614 ], [ 10.938626, 45.766749 ], [ 10.939482, 45.767273 ], [ 10.94158, 45.767348 ], [ 10.94424, 45.767191 ], [ 10.945604, 45.766644 ], [ 10.946466, 45.767468 ], [ 10.947675, 45.767756 ], [ 10.948285, 45.767292 ], [ 10.947836, 45.766719 ], [ 10.949629, 45.765839 ], [ 10.950544, 45.765944 ], [ 10.951636, 45.765206 ], [ 10.952187, 45.765472 ], [ 10.953503, 45.765247 ], [ 10.956366, 45.765202 ], [ 10.957533, 45.764966 ], [ 10.959813, 45.765744 ], [ 10.961975, 45.765707 ], [ 10.962563, 45.764778 ], [ 10.966523, 45.764698 ], [ 10.967112, 45.765069 ], [ 10.9667, 45.765983 ], [ 10.967391, 45.766736 ], [ 10.969077, 45.767211 ], [ 10.96866, 45.768417 ], [ 10.968939, 45.770597 ], [ 10.970064, 45.772466 ], [ 10.972759, 45.777608 ], [ 10.974654, 45.779263 ], [ 10.977459, 45.779787 ], [ 10.978011, 45.780213 ], [ 10.978194, 45.781517 ], [ 10.981023, 45.785591 ], [ 10.981323, 45.786786 ], [ 10.98541, 45.788991 ], [ 10.986299, 45.789758 ], [ 10.988269, 45.790151 ], [ 10.992153, 45.792243 ], [ 10.994608, 45.796384 ], [ 10.996221, 45.79753 ], [ 10.997951, 45.797315 ], [ 11.000169, 45.79743 ], [ 11.002322, 45.798237 ], [ 11.006248, 45.799296 ], [ 11.005308, 45.800233 ], [ 11.004523, 45.799525 ], [ 11.001329, 45.801251 ], [ 10.999612, 45.801342 ], [ 10.99837, 45.800894 ], [ 10.997364, 45.801301 ], [ 10.997566, 45.802327 ], [ 10.997072, 45.803298 ], [ 10.995791, 45.80324 ], [ 10.995038, 45.803837 ], [ 10.991548, 45.805693 ], [ 10.991061, 45.807301 ], [ 10.991565, 45.808903 ], [ 10.991731, 45.810413 ], [ 10.993246, 45.810242 ], [ 10.996373, 45.811603 ], [ 10.995986, 45.8126 ], [ 10.995424, 45.815579 ], [ 10.994878, 45.815857 ], [ 10.994839, 45.816745 ], [ 10.993431, 45.816972 ], [ 10.992862, 45.818251 ], [ 10.993388, 45.818557 ], [ 10.993572, 45.820508 ], [ 10.992426, 45.822181 ], [ 10.991425, 45.822478 ], [ 10.990594, 45.82363 ], [ 10.990967, 45.825022 ], [ 10.990901, 45.825689 ], [ 10.988633, 45.826832 ], [ 10.986757, 45.826524 ], [ 10.984155, 45.827184 ], [ 10.975312, 45.826195 ], [ 10.973975, 45.825492 ], [ 10.971922, 45.825271 ], [ 10.96724, 45.823713 ], [ 10.964467, 45.826136 ], [ 10.96408, 45.829081 ], [ 10.96347, 45.831243 ], [ 10.962971, 45.834387 ], [ 10.964706, 45.839321 ], [ 10.964515, 45.841771 ], [ 10.963909, 45.843424 ], [ 10.962573, 45.844688 ], [ 10.961971, 45.84567 ], [ 10.960402, 45.844568 ], [ 10.95771, 45.842279 ], [ 10.954781, 45.841085 ], [ 10.952308, 45.841774 ], [ 10.950046, 45.842017 ], [ 10.948475, 45.841742 ], [ 10.947112, 45.841058 ], [ 10.945911, 45.841108 ], [ 10.941375, 45.844339 ], [ 10.941293, 45.845624 ], [ 10.940817, 45.846059 ], [ 10.941543, 45.846995 ], [ 10.940246, 45.847057 ], [ 10.939283, 45.84765 ], [ 10.93689, 45.848705 ], [ 10.934678, 45.849088 ], [ 10.932799, 45.850219 ], [ 10.931878, 45.848449 ], [ 10.930185, 45.848736 ], [ 10.928989, 45.848528 ], [ 10.927615, 45.847758 ], [ 10.926408, 45.847602 ], [ 10.924668, 45.84845 ], [ 10.923244, 45.848804 ], [ 10.92149, 45.8486 ], [ 10.920083, 45.847444 ], [ 10.919171, 45.846973 ], [ 10.917779, 45.845147 ], [ 10.916974, 45.84529 ], [ 10.915916, 45.8464 ], [ 10.915194, 45.847969 ], [ 10.914066, 45.847844 ], [ 10.914446, 45.849347 ], [ 10.912914, 45.84986 ], [ 10.912786, 45.850909 ], [ 10.91145, 45.852173 ], [ 10.908864, 45.853543 ], [ 10.90797, 45.851715 ], [ 10.906812, 45.849941 ], [ 10.906095, 45.847331 ], [ 10.904512, 45.844155 ], [ 10.902026, 45.843048 ], [ 10.9016, 45.842513 ], [ 10.900873, 45.839108 ], [ 10.899895, 45.838239 ], [ 10.90018, 45.837429 ], [ 10.899293, 45.835805 ], [ 10.899212, 45.834741 ], [ 10.898783, 45.834101 ], [ 10.898272, 45.831648 ], [ 10.89651, 45.828404 ], [ 10.897029, 45.826992 ], [ 10.897829, 45.826459 ], [ 10.903596, 45.826635 ], [ 10.904156, 45.825313 ], [ 10.89858, 45.822817 ], [ 10.896687, 45.821859 ], [ 10.895848, 45.819206 ], [ 10.893367, 45.818218 ], [ 10.891676, 45.816341 ], [ 10.891978, 45.812205 ], [ 10.889072, 45.809911 ], [ 10.888503, 45.808229 ], [ 10.886651, 45.806066 ], [ 10.884455, 45.805732 ], [ 10.881073, 45.806167 ], [ 10.880003, 45.805687 ], [ 10.878974, 45.804652 ], [ 10.876761, 45.803324 ], [ 10.876763, 45.799884 ], [ 10.876122, 45.798415 ], [ 10.875569, 45.798001 ], [ 10.87565, 45.796554 ], [ 10.874117, 45.795546 ], [ 10.874014, 45.794412 ], [ 10.873006, 45.790539 ], [ 10.872903, 45.789033 ], [ 10.872542, 45.787938 ], [ 10.87405, 45.788398 ], [ 10.87647, 45.788242 ], [ 10.877133, 45.787968 ], [ 10.87717, 45.787048 ], [ 10.87821, 45.786276 ], [ 10.878503, 45.784573 ], [ 10.880104, 45.783361 ], [ 10.880538, 45.782073 ], [ 10.880455, 45.781251 ], [ 10.882335, 45.780701 ], [ 10.883413, 45.779756 ] ] ] } },
{ "type": "Feature", "properties": { "com_altname": null, "com_area_code": "ITA", "com_capoluogo": "No", "com_code": "22136", "com_name": "Peio", "com_name_lower": "peio", "com_name_upper": "PEIO", "com_type": "Comune", "geo_point_2d": { "lat": 46.37027790980213, "lon": 10.652078297101438 }, "prov_code": "22", "prov_name": "Trento", "reg_code": "4", "reg_name": "Trentino-Alto Adige", "rip_code": "2", "rip_name": "Nord-Est", "year": "2022" }, "geometry": { "type": "Polygon", "coordinates": [ [ [ 10.739784, 46.324331 ], [ 10.740573, 46.325172 ], [ 10.741594, 46.326855 ], [ 10.744273, 46.327296 ], [ 10.747535, 46.3282 ], [ 10.748664, 46.328652 ], [ 10.749757, 46.329763 ], [ 10.749569, 46.331236 ], [ 10.748533, 46.333774 ], [ 10.74878, 46.339003 ], [ 10.7487, 46.339755 ], [ 10.74915, 46.341214 ], [ 10.750428, 46.342734 ], [ 10.751658, 46.343577 ], [ 10.752148, 46.345181 ], [ 10.754472, 46.348007 ], [ 10.754787, 46.349106 ], [ 10.753659, 46.351152 ], [ 10.751992, 46.353157 ], [ 10.748488, 46.355277 ], [ 10.747199, 46.355908 ], [ 10.744654, 46.356652 ], [ 10.740661, 46.358426 ], [ 10.740614, 46.359466 ], [ 10.740953, 46.360926 ], [ 10.741594, 46.362071 ], [ 10.737786, 46.364183 ], [ 10.737052, 46.364486 ], [ 10.733603, 46.365173 ], [ 10.735063, 46.36674 ], [ 10.735613, 46.367685 ], [ 10.735974, 46.369387 ], [ 10.736046, 46.372469 ], [ 10.734909, 46.373674 ], [ 10.731059, 46.375846 ], [ 10.72951, 46.376449 ], [ 10.727246, 46.378512 ], [ 10.726985, 46.379711 ], [ 10.726304, 46.381241 ], [ 10.724968, 46.383237 ], [ 10.724152, 46.385288 ], [ 10.723679, 46.387216 ], [ 10.723096, 46.388543 ], [ 10.722882, 46.390161 ], [ 10.721649, 46.390151 ], [ 10.722838, 46.391381 ], [ 10.72389, 46.39308 ], [ 10.723578, 46.394935 ], [ 10.724382, 46.39838 ], [ 10.725837, 46.399369 ], [ 10.72553, 46.401605 ], [ 10.724561, 46.403042 ], [ 10.723204, 46.406203 ], [ 10.719856, 46.408135 ], [ 10.719251, 46.408765 ], [ 10.719658, 46.409713 ], [ 10.717583, 46.412408 ], [ 10.717429, 46.414147 ], [ 10.718469, 46.41495 ], [ 10.721699, 46.417926 ], [ 10.72314, 46.41947 ], [ 10.723284, 46.421133 ], [ 10.723901, 46.422545 ], [ 10.725415, 46.42434 ], [ 10.726722, 46.425347 ], [ 10.725659, 46.427118 ], [ 10.723803, 46.428532 ], [ 10.722918, 46.429778 ], [ 10.72215, 46.430177 ], [ 10.721694, 46.430984 ], [ 10.722018, 46.431772 ], [ 10.721373, 46.433608 ], [ 10.716332, 46.433909 ], [ 10.71406, 46.434933 ], [ 10.711974, 46.434838 ], [ 10.71041, 46.435609 ], [ 10.70743, 46.437705 ], [ 10.70637, 46.437946 ], [ 10.704734, 46.438906 ], [ 10.703442, 46.439241 ], [ 10.701375, 46.439334 ], [ 10.689697, 46.453187 ], [ 10.689285, 46.453751 ], [ 10.687008, 46.452975 ], [ 10.686191, 46.452258 ], [ 10.684644, 46.451471 ], [ 10.682145, 46.449393 ], [ 10.679381, 46.448866 ], [ 10.67776, 46.449493 ], [ 10.6751, 46.450216 ], [ 10.672698, 46.451709 ], [ 10.67114, 46.452281 ], [ 10.667936, 46.452283 ], [ 10.665606, 46.451888 ], [ 10.662136, 46.450109 ], [ 10.659606, 46.45007 ], [ 10.657663, 46.449427 ], [ 10.654481, 46.449596 ], [ 10.651513, 46.448997 ], [ 10.650374, 46.448415 ], [ 10.645264, 46.447847 ], [ 10.639086, 46.446231 ], [ 10.637871, 46.445281 ], [ 10.635587, 46.443943 ], [ 10.633612, 46.444088 ], [ 10.630349, 46.445545 ], [ 10.628268, 46.446757 ], [ 10.622149, 46.448095 ], [ 10.621837, 46.447961 ], [ 10.618502, 46.445461 ], [ 10.616761, 46.443896 ], [ 10.616624, 46.442032 ], [ 10.61783, 46.440057 ], [ 10.61837, 46.437993 ], [ 10.619529, 46.436307 ], [ 10.619598, 46.434509 ], [ 10.617651, 46.432197 ], [ 10.617432, 46.430782 ], [ 10.616245, 46.429695 ], [ 10.616445, 46.427791 ], [ 10.617454, 46.425212 ], [ 10.617632, 46.422474 ], [ 10.619199, 46.418524 ], [ 10.617683, 46.417256 ], [ 10.617496, 46.416176 ], [ 10.617868, 46.414839 ], [ 10.620305, 46.414134 ], [ 10.621066, 46.413749 ], [ 10.62235, 46.412561 ], [ 10.623409, 46.411242 ], [ 10.625002, 46.407993 ], [ 10.628461, 46.407628 ], [ 10.630466, 46.407874 ], [ 10.62919, 46.405102 ], [ 10.628952, 46.403828 ], [ 10.630462, 46.402551 ], [ 10.632297, 46.40175 ], [ 10.632254, 46.401389 ], [ 10.62892, 46.400808 ], [ 10.627267, 46.400718 ], [ 10.626514, 46.399116 ], [ 10.623695, 46.398195 ], [ 10.622309, 46.397172 ], [ 10.62142, 46.395183 ], [ 10.617864, 46.392695 ], [ 10.617103, 46.392292 ], [ 10.61665, 46.391493 ], [ 10.616292, 46.388481 ], [ 10.611021, 46.387349 ], [ 10.609429, 46.386615 ], [ 10.607859, 46.386267 ], [ 10.607824, 46.385925 ], [ 10.609134, 46.382392 ], [ 10.607379, 46.379297 ], [ 10.602739, 46.379234 ], [ 10.600695, 46.37907 ], [ 10.599154, 46.37717 ], [ 10.597345, 46.377432 ], [ 10.593816, 46.377516 ], [ 10.592548, 46.377211 ], [ 10.587567, 46.377319 ], [ 10.584273, 46.37792 ], [ 10.581007, 46.377853 ], [ 10.579704, 46.37746 ], [ 10.577524, 46.376088 ], [ 10.576083, 46.37594 ], [ 10.573264, 46.376132 ], [ 10.571471, 46.376422 ], [ 10.570212, 46.377065 ], [ 10.567372, 46.377894 ], [ 10.566464, 46.377601 ], [ 10.564597, 46.375902 ], [ 10.563086, 46.375731 ], [ 10.56153, 46.374708 ], [ 10.56076, 46.373301 ], [ 10.560072, 46.372707 ], [ 10.557434, 46.372036 ], [ 10.555553, 46.37026 ], [ 10.554194, 46.369294 ], [ 10.55341, 46.368057 ], [ 10.55114, 46.3671 ], [ 10.548062, 46.366933 ], [ 10.545405, 46.36619 ], [ 10.543497, 46.366164 ], [ 10.540994, 46.364148 ], [ 10.540686, 46.362967 ], [ 10.541339, 46.36147 ], [ 10.543934, 46.358866 ], [ 10.543371, 46.358136 ], [ 10.543201, 46.356558 ], [ 10.541016, 46.355234 ], [ 10.539238, 46.354452 ], [ 10.537701, 46.354125 ], [ 10.53454, 46.354171 ], [ 10.533046, 46.356257 ], [ 10.529049, 46.356919 ], [ 10.526566, 46.356491 ], [ 10.523149, 46.356397 ], [ 10.520395, 46.356134 ], [ 10.519473, 46.355739 ], [ 10.519032, 46.354253 ], [ 10.518911, 46.350898 ], [ 10.518099, 46.349497 ], [ 10.518079, 46.348671 ], [ 10.515934, 46.346363 ], [ 10.515715, 46.343218 ], [ 10.518453, 46.342966 ], [ 10.521691, 46.343663 ], [ 10.527679, 46.342086 ], [ 10.528383, 46.341221 ], [ 10.532878, 46.339596 ], [ 10.535905, 46.338343 ], [ 10.537392, 46.338092 ], [ 10.542731, 46.335482 ], [ 10.544283, 46.335141 ], [ 10.546818, 46.33485 ], [ 10.548312, 46.334263 ], [ 10.550961, 46.332409 ], [ 10.554075, 46.331148 ], [ 10.556322, 46.329906 ], [ 10.557731, 46.329564 ], [ 10.559856, 46.328234 ], [ 10.561771, 46.327848 ], [ 10.564046, 46.326818 ], [ 10.565621, 46.326343 ], [ 10.56525, 46.32468 ], [ 10.565446, 46.323649 ], [ 10.564911, 46.322424 ], [ 10.563653, 46.320974 ], [ 10.563749, 46.319755 ], [ 10.564306, 46.317345 ], [ 10.564112, 46.31483 ], [ 10.56486, 46.313015 ], [ 10.566436, 46.311628 ], [ 10.568292, 46.310388 ], [ 10.570388, 46.308759 ], [ 10.57139, 46.307344 ], [ 10.572416, 46.306908 ], [ 10.575263, 46.306368 ], [ 10.576727, 46.303707 ], [ 10.577453, 46.30282 ], [ 10.578885, 46.301947 ], [ 10.579202, 46.300846 ], [ 10.578618, 46.299888 ], [ 10.579573, 46.298828 ], [ 10.583267, 46.299685 ], [ 10.58429, 46.300056 ], [ 10.586412, 46.301074 ], [ 10.589315, 46.302997 ], [ 10.590811, 46.304465 ], [ 10.594147, 46.304502 ], [ 10.594914, 46.305341 ], [ 10.595131, 46.306267 ], [ 10.597343, 46.307616 ], [ 10.598556, 46.308099 ], [ 10.601547, 46.308688 ], [ 10.602933, 46.309764 ], [ 10.603933, 46.31093 ], [ 10.605665, 46.311763 ], [ 10.606739, 46.312015 ], [ 10.60865, 46.311167 ], [ 10.611321, 46.31054 ], [ 10.612449, 46.309935 ], [ 10.613946, 46.308626 ], [ 10.615397, 46.309118 ], [ 10.616918, 46.310444 ], [ 10.617936, 46.312013 ], [ 10.619963, 46.312944 ], [ 10.62119, 46.313864 ], [ 10.62413, 46.315142 ], [ 10.625931, 46.316413 ], [ 10.626506, 46.316516 ], [ 10.627581, 46.3182 ], [ 10.629062, 46.318561 ], [ 10.630883, 46.318386 ], [ 10.631643, 46.318574 ], [ 10.635228, 46.318042 ], [ 10.637395, 46.319743 ], [ 10.638196, 46.320936 ], [ 10.639829, 46.322447 ], [ 10.640708, 46.322906 ], [ 10.643181, 46.323743 ], [ 10.64359, 46.323664 ], [ 10.6478, 46.320852 ], [ 10.650741, 46.320203 ], [ 10.65484, 46.318622 ], [ 10.657918, 46.317841 ], [ 10.661098, 46.317556 ], [ 10.663789, 46.31714 ], [ 10.666141, 46.316587 ], [ 10.66721, 46.317201 ], [ 10.668936, 46.319199 ], [ 10.672364, 46.320364 ], [ 10.67691, 46.321447 ], [ 10.679258, 46.322319 ], [ 10.68117, 46.322308 ], [ 10.682984, 46.321044 ], [ 10.683417, 46.319937 ], [ 10.684794, 46.318927 ], [ 10.688266, 46.31794 ], [ 10.69115, 46.317316 ], [ 10.692705, 46.316766 ], [ 10.701727, 46.314455 ], [ 10.70393, 46.313969 ], [ 10.709123, 46.314238 ], [ 10.712568, 46.31297 ], [ 10.71503, 46.314518 ], [ 10.718674, 46.316138 ], [ 10.720327, 46.31747 ], [ 10.719404, 46.317646 ], [ 10.717881, 46.318768 ], [ 10.719096, 46.319999 ], [ 10.720289, 46.319568 ], [ 10.720964, 46.318783 ], [ 10.722816, 46.318001 ], [ 10.722994, 46.31763 ], [ 10.724581, 46.316792 ], [ 10.726308, 46.315131 ], [ 10.727643, 46.31733 ], [ 10.728458, 46.316717 ], [ 10.730838, 46.315848 ], [ 10.732528, 46.314928 ], [ 10.734851, 46.318638 ], [ 10.735791, 46.320419 ], [ 10.736256, 46.32184 ], [ 10.739784, 46.324331 ] ], [ [ 10.644102, 46.363001 ], [ 10.646019, 46.361759 ], [ 10.648125, 46.360006 ], [ 10.649837, 46.358321 ], [ 10.652894, 46.356572 ], [ 10.651415, 46.355975 ], [ 10.652093, 46.354698 ], [ 10.651219, 46.354566 ], [ 10.650407, 46.355668 ], [ 10.64932, 46.3554 ], [ 10.648612, 46.35449 ], [ 10.649582, 46.352061 ], [ 10.64889, 46.351208 ], [ 10.647894, 46.350623 ], [ 10.64464, 46.34974 ], [ 10.643603, 46.348935 ], [ 10.64143, 46.34823 ], [ 10.640541, 46.347146 ], [ 10.638366, 46.346256 ], [ 10.636314, 46.346445 ], [ 10.634968, 46.345841 ], [ 10.633992, 46.344975 ], [ 10.632924, 46.344772 ], [ 10.632008, 46.343224 ], [ 10.630619, 46.342912 ], [ 10.628946, 46.34191 ], [ 10.624941, 46.342063 ], [ 10.62351, 46.342331 ], [ 10.622264, 46.343001 ], [ 10.621682, 46.344192 ], [ 10.620179, 46.345808 ], [ 10.617822, 46.347629 ], [ 10.616312, 46.349108 ], [ 10.608543, 46.356198 ], [ 10.606761, 46.357962 ], [ 10.607029, 46.358356 ], [ 10.610167, 46.35965 ], [ 10.613814, 46.360498 ], [ 10.617812, 46.362262 ], [ 10.621813, 46.362701 ], [ 10.625929, 46.363004 ], [ 10.628561, 46.362702 ], [ 10.629756, 46.364347 ], [ 10.62958, 46.366565 ], [ 10.628551, 46.371929 ], [ 10.630024, 46.371055 ], [ 10.634259, 46.368077 ], [ 10.637455, 46.365268 ], [ 10.641561, 46.364444 ], [ 10.644102, 46.363001 ] ] ] } },
{ "type": "Feature", "properties": { "com_altname": null, "com_area_code": "ITA", "com_capoluogo": "No", "com_code": "22161", "com_name": "Rovereto", "com_name_lower": "rovereto", "com_name_upper": "ROVERETO", "com_type": "Comune", "geo_point_2d": { "lat": 45.86520286267696, "lon": 11.045777674408624 }, "prov_code": "22", "prov_name": "Trento", "reg_code": "4", "reg_name": "Trentino-Alto Adige", "rip_code": "2", "rip_name": "Nord-Est", "year": "2022" }, "geometry": { "type": "Polygon", "coordinates": [ [ [ 11.04252, 45.917074 ], [ 11.040939, 45.915889 ], [ 11.038312, 45.91298 ], [ 11.0336, 45.909444 ], [ 11.032362, 45.907842 ], [ 11.030742, 45.904985 ], [ 11.030172, 45.902427 ], [ 11.029071, 45.900551 ], [ 11.027201, 45.899092 ], [ 11.025234, 45.898319 ], [ 11.022305, 45.896875 ], [ 11.019797, 45.894328 ], [ 11.016443, 45.89201 ], [ 11.015515, 45.890671 ], [ 11.015127, 45.889502 ], [ 11.01512, 45.887104 ], [ 11.01599, 45.885659 ], [ 11.017332, 45.883995 ], [ 11.017722, 45.882888 ], [ 11.019215, 45.881311 ], [ 11.01867, 45.879659 ], [ 11.016629, 45.876612 ], [ 11.015078, 45.874661 ], [ 11.014461, 45.873399 ], [ 11.011776, 45.869616 ], [ 11.01101, 45.868737 ], [ 11.008307, 45.867165 ], [ 11.006688, 45.866805 ], [ 11.003161, 45.866832 ], [ 11.001478, 45.865654 ], [ 10.999965, 45.863948 ], [ 10.997256, 45.860378 ], [ 10.996807, 45.858513 ], [ 10.997894, 45.85722 ], [ 10.999451, 45.856617 ], [ 11.00036, 45.855475 ], [ 11.000345, 45.853284 ], [ 10.999869, 45.851673 ], [ 10.999034, 45.850211 ], [ 10.997337, 45.847946 ], [ 10.996457, 45.846251 ], [ 10.996497, 45.845445 ], [ 10.99721, 45.84533 ], [ 10.998976, 45.843235 ], [ 11.002374, 45.841533 ], [ 11.007259, 45.84022 ], [ 11.009003, 45.839514 ], [ 11.009002, 45.838222 ], [ 11.007196, 45.836717 ], [ 11.00313, 45.835203 ], [ 11.001822, 45.834812 ], [ 11.00028, 45.831205 ], [ 11.000187, 45.828808 ], [ 11.000661, 45.826922 ], [ 11.001909, 45.825552 ], [ 11.00429, 45.823732 ], [ 11.007454, 45.820936 ], [ 11.00804, 45.821255 ], [ 11.011233, 45.82058 ], [ 11.013619, 45.820428 ], [ 11.016391, 45.820559 ], [ 11.016584, 45.819614 ], [ 11.017723, 45.818615 ], [ 11.019369, 45.817619 ], [ 11.023003, 45.816177 ], [ 11.027572, 45.814594 ], [ 11.032882, 45.813462 ], [ 11.034549, 45.813431 ], [ 11.037513, 45.813136 ], [ 11.042737, 45.813359 ], [ 11.049344, 45.813463 ], [ 11.049575, 45.811605 ], [ 11.0494, 45.810678 ], [ 11.049858, 45.808284 ], [ 11.054059, 45.805761 ], [ 11.055621, 45.804207 ], [ 11.056878, 45.802469 ], [ 11.058257, 45.802908 ], [ 11.060387, 45.802326 ], [ 11.062756, 45.802228 ], [ 11.064408, 45.801309 ], [ 11.066148, 45.800835 ], [ 11.067025, 45.799456 ], [ 11.068798, 45.799287 ], [ 11.068755, 45.799754 ], [ 11.067582, 45.801315 ], [ 11.066488, 45.802262 ], [ 11.065925, 45.804224 ], [ 11.064907, 45.805831 ], [ 11.06565, 45.806362 ], [ 11.064384, 45.807546 ], [ 11.062627, 45.810994 ], [ 11.062036, 45.811142 ], [ 11.06192, 45.813344 ], [ 11.061614, 45.814085 ], [ 11.06001, 45.815808 ], [ 11.058837, 45.816033 ], [ 11.059007, 45.817434 ], [ 11.0581, 45.819045 ], [ 11.056, 45.82119 ], [ 11.055382, 45.82215 ], [ 11.053732, 45.822908 ], [ 11.052713, 45.825082 ], [ 11.052446, 45.827401 ], [ 11.052024, 45.828184 ], [ 11.05195, 45.829618 ], [ 11.051184, 45.831037 ], [ 11.05046, 45.834175 ], [ 11.050696, 45.834814 ], [ 11.051797, 45.835698 ], [ 11.051352, 45.836335 ], [ 11.05263, 45.836642 ], [ 11.053507, 45.837365 ], [ 11.053838, 45.838482 ], [ 11.053599, 45.840003 ], [ 11.052994, 45.840532 ], [ 11.05322, 45.841683 ], [ 11.052974, 45.842437 ], [ 11.053214, 45.843461 ], [ 11.052889, 45.84496 ], [ 11.053484, 45.846121 ], [ 11.054609, 45.846905 ], [ 11.054491, 45.848004 ], [ 11.053459, 45.849061 ], [ 11.05325, 45.849699 ], [ 11.05454, 45.850813 ], [ 11.054834, 45.851818 ], [ 11.056212, 45.852663 ], [ 11.057034, 45.854253 ], [ 11.058149, 45.854811 ], [ 11.059468, 45.857635 ], [ 11.059838, 45.859089 ], [ 11.061041, 45.861009 ], [ 11.061401, 45.861967 ], [ 11.06093, 45.864274 ], [ 11.061143, 45.865546 ], [ 11.060081, 45.867741 ], [ 11.059951, 45.86857 ], [ 11.056348, 45.870697 ], [ 11.054507, 45.871946 ], [ 11.051492, 45.873037 ], [ 11.050049, 45.874189 ], [ 11.048464, 45.87514 ], [ 11.047283, 45.876982 ], [ 11.04596, 45.881007 ], [ 11.046864, 45.881845 ], [ 11.048644, 45.882886 ], [ 11.050623, 45.88323 ], [ 11.051142, 45.883813 ], [ 11.051698, 45.885486 ], [ 11.052863, 45.88665 ], [ 11.054802, 45.88634 ], [ 11.055866, 45.884998 ], [ 11.057474, 45.884739 ], [ 11.058995, 45.884858 ], [ 11.060712, 45.883299 ], [ 11.061872, 45.881082 ], [ 11.062834, 45.88085 ], [ 11.063869, 45.879176 ], [ 11.065936, 45.878975 ], [ 11.068657, 45.879223 ], [ 11.071176, 45.878213 ], [ 11.073026, 45.877073 ], [ 11.075437, 45.876805 ], [ 11.07672, 45.87756 ], [ 11.080288, 45.876055 ], [ 11.081185, 45.876254 ], [ 11.083652, 45.875261 ], [ 11.084108, 45.874522 ], [ 11.085419, 45.873263 ], [ 11.085959, 45.872378 ], [ 11.091275, 45.869933 ], [ 11.091927, 45.871198 ], [ 11.09264, 45.871558 ], [ 11.093237, 45.872651 ], [ 11.094192, 45.872821 ], [ 11.095743, 45.872649 ], [ 11.097161, 45.873968 ], [ 11.097491, 45.87468 ], [ 11.099416, 45.875217 ], [ 11.101411, 45.878302 ], [ 11.102823, 45.879476 ], [ 11.104577, 45.880347 ], [ 11.105196, 45.881326 ], [ 11.106146, 45.881746 ], [ 11.106365, 45.883293 ], [ 11.107634, 45.884222 ], [ 11.107176, 45.885831 ], [ 11.107172, 45.88675 ], [ 11.107865, 45.887781 ], [ 11.111196, 45.889258 ], [ 11.112326, 45.889571 ], [ 11.119413, 45.892108 ], [ 11.12209, 45.892616 ], [ 11.124014, 45.893953 ], [ 11.12207, 45.89641 ], [ 11.122019, 45.897401 ], [ 11.12131, 45.900205 ], [ 11.120925, 45.900914 ], [ 11.11972, 45.901198 ], [ 11.118343, 45.901003 ], [ 11.117338, 45.901721 ], [ 11.116093, 45.901739 ], [ 11.115283, 45.902553 ], [ 11.113961, 45.901576 ], [ 11.113864, 45.900808 ], [ 11.112597, 45.899521 ], [ 11.112015, 45.899672 ], [ 11.110066, 45.89926 ], [ 11.10891, 45.898768 ], [ 11.107442, 45.897468 ], [ 11.104689, 45.898221 ], [ 11.100615, 45.899664 ], [ 11.09796, 45.900944 ], [ 11.095693, 45.901648 ], [ 11.090555, 45.901791 ], [ 11.088029, 45.902563 ], [ 11.086557, 45.902623 ], [ 11.085395, 45.902271 ], [ 11.084456, 45.902542 ], [ 11.082704, 45.902187 ], [ 11.081628, 45.902375 ], [ 11.0798, 45.903448 ], [ 11.078517, 45.903886 ], [ 11.077559, 45.9038 ], [ 11.076878, 45.904226 ], [ 11.074745, 45.906583 ], [ 11.072678, 45.905769 ], [ 11.070521, 45.90756 ], [ 11.068743, 45.906307 ], [ 11.067809, 45.904771 ], [ 11.067613, 45.90335 ], [ 11.066704, 45.902074 ], [ 11.064475, 45.902334 ], [ 11.06394, 45.903301 ], [ 11.063159, 45.903055 ], [ 11.062368, 45.903906 ], [ 11.059441, 45.903822 ], [ 11.058409, 45.904106 ], [ 11.057765, 45.904784 ], [ 11.05549, 45.905659 ], [ 11.054949, 45.907368 ], [ 11.054806, 45.910183 ], [ 11.051812, 45.913045 ], [ 11.049619, 45.91357 ], [ 11.048328, 45.914097 ], [ 11.047188, 45.915142 ], [ 11.048768, 45.917243 ], [ 11.04644, 45.918959 ], [ 11.04252, 45.917074 ] ] ] } },
{ "type": "Feature", "properties": { "com_altname": null, "com_area_code": "ITA", "com_capoluogo": "No", "com_code": "22049", "com_name": "Castelnuovo", "com_name_lower": "castelnuovo", "com_name_upper": "CASTELNUOVO", "com_type": "Comune", "geo_point_2d": { "lat": 46.03746768768144, "lon": 11.49485540703317 }, "prov_code": "22", "prov_name": "Trento", "reg_code": "4", "reg_name": "Trentino-Alto Adige", "rip_code": "2", "rip_name": "Nord-Est", "year": "2022" }, "geometry": { "type": "Polygon", "coordinates": [ [ [ 11.508833, 46.050241 ], [ 11.507074, 46.052548 ], [ 11.506155, 46.05448 ], [ 11.504353, 46.056346 ], [ 11.503636, 46.056672 ], [ 11.502283, 46.058218 ], [ 11.500933, 46.05918 ], [ 11.500421, 46.059976 ], [ 11.498816, 46.061126 ], [ 11.497941, 46.060654 ], [ 11.496372, 46.060361 ], [ 11.494901, 46.059053 ], [ 11.491355, 46.058346 ], [ 11.489555, 46.058146 ], [ 11.487395, 46.057642 ], [ 11.484412, 46.057298 ], [ 11.481176, 46.057125 ], [ 11.478028, 46.056786 ], [ 11.477032, 46.056314 ], [ 11.475871, 46.05632 ], [ 11.475414, 46.051867 ], [ 11.474689, 46.052205 ], [ 11.472485, 46.052208 ], [ 11.470959, 46.05067 ], [ 11.470656, 46.049997 ], [ 11.469571, 46.049421 ], [ 11.46828, 46.048244 ], [ 11.467635, 46.047103 ], [ 11.46843, 46.046089 ], [ 11.468842, 46.0445 ], [ 11.469851, 46.042432 ], [ 11.471597, 46.039588 ], [ 11.473094, 46.035317 ], [ 11.474967, 46.034368 ], [ 11.477025, 46.032641 ], [ 11.479286, 46.032194 ], [ 11.480855, 46.031064 ], [ 11.482432, 46.030753 ], [ 11.484383, 46.028894 ], [ 11.484136, 46.027699 ], [ 11.484851, 46.026475 ], [ 11.485399, 46.024718 ], [ 11.487066, 46.023936 ], [ 11.487915, 46.022735 ], [ 11.489121, 46.020173 ], [ 11.490258, 46.018554 ], [ 11.491144, 46.01678 ], [ 11.492907, 46.01434 ], [ 11.491956, 46.011443 ], [ 11.491201, 46.00855 ], [ 11.494186, 46.009652 ], [ 11.498376, 46.010334 ], [ 11.500237, 46.010923 ], [ 11.502401, 46.010795 ], [ 11.503598, 46.010966 ], [ 11.508159, 46.010714 ], [ 11.508997, 46.010974 ], [ 11.510704, 46.011999 ], [ 11.51226, 46.016379 ], [ 11.509812, 46.021404 ], [ 11.508302, 46.024144 ], [ 11.508714, 46.025572 ], [ 11.50653, 46.027463 ], [ 11.506551, 46.028488 ], [ 11.507042, 46.030822 ], [ 11.508405, 46.033286 ], [ 11.509307, 46.033712 ], [ 11.512812, 46.033688 ], [ 11.515919, 46.034799 ], [ 11.51838, 46.036273 ], [ 11.519061, 46.03712 ], [ 11.521284, 46.037962 ], [ 11.521905, 46.03927 ], [ 11.521779, 46.041101 ], [ 11.52245, 46.04203 ], [ 11.522645, 46.043238 ], [ 11.523486, 46.044945 ], [ 11.522703, 46.045203 ], [ 11.518383, 46.044895 ], [ 11.509169, 46.044525 ], [ 11.509412, 46.047785 ], [ 11.510159, 46.04877 ], [ 11.508833, 46.050241 ] ] ] } },
{ "type": "Feature", "properties": { "com_altname": null, "com_area_code": "ITA", "com_capoluogo": "No", "com_code": "22091", "com_name": "Garniga Terme", "com_name_lower": "garniga terme", "com_name_upper": "GARNIGA TERME", "com_type": "Comune", "geo_point_2d": { "lat": 46.00508509256156, "lon": 11.073097437612493 }, "prov_code": "22", "prov_name": "Trento", "reg_code": "4", "reg_name": "Trentino-Alto Adige", "rip_code": "2", "rip_name": "Nord-Est", "year": "2022" }, "geometry": { "type": "Polygon", "coordinates": [ [ [ 11.086324, 45.976968 ], [ 11.088761, 45.979661 ], [ 11.089389, 45.980645 ], [ 11.089266, 45.981221 ], [ 11.089853, 45.982381 ], [ 11.090814, 45.983378 ], [ 11.091673, 45.984997 ], [ 11.093324, 45.986578 ], [ 11.091625, 45.987493 ], [ 11.088842, 45.987983 ], [ 11.089839, 45.989075 ], [ 11.091402, 45.991614 ], [ 11.092885, 45.993242 ], [ 11.094119, 45.995008 ], [ 11.095969, 45.998208 ], [ 11.097256, 45.998984 ], [ 11.097757, 46.000651 ], [ 11.098336, 46.001346 ], [ 11.098629, 46.002498 ], [ 11.099308, 46.003232 ], [ 11.100476, 46.003825 ], [ 11.101126, 46.005471 ], [ 11.100399, 46.006704 ], [ 11.097254, 46.007726 ], [ 11.096737, 46.011927 ], [ 11.095719, 46.013007 ], [ 11.092988, 46.013865 ], [ 11.091644, 46.015608 ], [ 11.090513, 46.015634 ], [ 11.08882, 46.017172 ], [ 11.088947, 46.017853 ], [ 11.087546, 46.019689 ], [ 11.08669, 46.019219 ], [ 11.084576, 46.020998 ], [ 11.082054, 46.022686 ], [ 11.080398, 46.023301 ], [ 11.077793, 46.0232 ], [ 11.076155, 46.023795 ], [ 11.07446, 46.022924 ], [ 11.073699, 46.02226 ], [ 11.07209, 46.021577 ], [ 11.067082, 46.021219 ], [ 11.065209, 46.02221 ], [ 11.063928, 46.021783 ], [ 11.061939, 46.02206 ], [ 11.059955, 46.023631 ], [ 11.058573, 46.025375 ], [ 11.057663, 46.025915 ], [ 11.054032, 46.022386 ], [ 11.052187, 46.020376 ], [ 11.051745, 46.019675 ], [ 11.047736, 46.015512 ], [ 11.045246, 45.999096 ], [ 11.044713, 45.997316 ], [ 11.044612, 45.995875 ], [ 11.046543, 45.994664 ], [ 11.047558, 45.996226 ], [ 11.050317, 45.996943 ], [ 11.050503, 45.997511 ], [ 11.051524, 45.99762 ], [ 11.052545, 45.996842 ], [ 11.053714, 45.996506 ], [ 11.054767, 45.996663 ], [ 11.056361, 45.995752 ], [ 11.058958, 45.996114 ], [ 11.070425, 45.991799 ], [ 11.075415, 45.988803 ], [ 11.076027, 45.988052 ], [ 11.077705, 45.98534 ], [ 11.078057, 45.985029 ], [ 11.081108, 45.984479 ], [ 11.082311, 45.98443 ], [ 11.084708, 45.98297 ], [ 11.084267, 45.98149 ], [ 11.083785, 45.981032 ], [ 11.08435, 45.980089 ], [ 11.083477, 45.978054 ], [ 11.083997, 45.977529 ], [ 11.086324, 45.976968 ] ] ] } },
{ "type": "Feature", "properties": { "com_altname": null, "com_area_code": "ITA", "com_capoluogo": "No", "com_code": "22045", "com_name": "Castel Condino", "com_name_lower": "castel condino", "com_name_upper": "CASTEL CONDINO", "com_type": "Comune", "geo_point_2d": { "lat": 45.92244556974932, "lon": 10.585846394117631 }, "prov_code": "22", "prov_name": "Trento", "reg_code": "4", "reg_name": "Trentino-Alto Adige", "rip_code": "2", "rip_name": "Nord-Est", "year": "2022" }, "geometry": { "type": "Polygon", "coordinates": [ [ [ 10.619567, 45.925169 ], [ 10.616076, 45.927235 ], [ 10.615005, 45.927041 ], [ 10.613791, 45.927542 ], [ 10.611542, 45.92714 ], [ 10.609037, 45.927059 ], [ 10.608255, 45.928826 ], [ 10.606063, 45.930088 ], [ 10.603887, 45.931795 ], [ 10.602475, 45.932156 ], [ 10.601742, 45.933129 ], [ 10.599719, 45.93386 ], [ 10.596712, 45.934288 ], [ 10.592285, 45.935283 ], [ 10.589585, 45.934609 ], [ 10.588742, 45.935356 ], [ 10.582289, 45.935298 ], [ 10.580911, 45.93508 ], [ 10.579461, 45.935202 ], [ 10.578381, 45.935625 ], [ 10.578529, 45.93748 ], [ 10.578962, 45.93863 ], [ 10.577726, 45.939303 ], [ 10.576598, 45.939441 ], [ 10.575824, 45.94022 ], [ 10.575104, 45.940324 ], [ 10.57311, 45.941304 ], [ 10.572182, 45.941004 ], [ 10.570482, 45.939807 ], [ 10.56885, 45.93909 ], [ 10.568056, 45.939022 ], [ 10.566357, 45.940186 ], [ 10.560598, 45.938184 ], [ 10.559149, 45.938794 ], [ 10.556309, 45.938413 ], [ 10.554539, 45.937091 ], [ 10.553872, 45.934818 ], [ 10.552798, 45.932464 ], [ 10.550833, 45.929903 ], [ 10.549176, 45.928804 ], [ 10.547524, 45.928158 ], [ 10.546452, 45.927198 ], [ 10.543916, 45.925787 ], [ 10.543488, 45.925198 ], [ 10.542781, 45.924231 ], [ 10.54722, 45.924292 ], [ 10.548617, 45.923885 ], [ 10.550904, 45.923554 ], [ 10.552667, 45.925237 ], [ 10.553788, 45.925609 ], [ 10.555456, 45.926828 ], [ 10.558847, 45.927686 ], [ 10.559689, 45.928057 ], [ 10.559676, 45.929398 ], [ 10.560631, 45.929823 ], [ 10.566101, 45.933113 ], [ 10.567179, 45.933593 ], [ 10.569686, 45.933828 ], [ 10.572361, 45.933185 ], [ 10.573768, 45.932587 ], [ 10.575381, 45.93124 ], [ 10.576387, 45.929959 ], [ 10.579413, 45.927897 ], [ 10.580749, 45.924718 ], [ 10.581396, 45.922568 ], [ 10.582203, 45.921216 ], [ 10.580292, 45.921627 ], [ 10.578685, 45.92266 ], [ 10.57762, 45.924165 ], [ 10.576611, 45.924392 ], [ 10.575937, 45.922354 ], [ 10.574419, 45.921765 ], [ 10.574165, 45.919835 ], [ 10.570987, 45.919544 ], [ 10.569598, 45.918824 ], [ 10.567256, 45.916788 ], [ 10.566004, 45.917802 ], [ 10.565568, 45.918588 ], [ 10.564461, 45.919426 ], [ 10.562554, 45.920196 ], [ 10.561581, 45.920836 ], [ 10.558435, 45.921283 ], [ 10.558871, 45.920336 ], [ 10.558245, 45.919327 ], [ 10.559428, 45.918395 ], [ 10.562173, 45.916892 ], [ 10.56174, 45.91597 ], [ 10.561944, 45.913262 ], [ 10.563621, 45.911757 ], [ 10.565371, 45.911538 ], [ 10.566586, 45.910463 ], [ 10.568211, 45.910873 ], [ 10.573787, 45.911106 ], [ 10.57624, 45.910902 ], [ 10.577248, 45.911225 ], [ 10.579234, 45.911343 ], [ 10.583024, 45.910925 ], [ 10.585147, 45.91103 ], [ 10.587547, 45.909804 ], [ 10.589483, 45.908027 ], [ 10.589912, 45.906937 ], [ 10.593553, 45.904457 ], [ 10.594541, 45.903992 ], [ 10.594652, 45.903015 ], [ 10.59733, 45.901465 ], [ 10.599085, 45.901065 ], [ 10.602736, 45.901177 ], [ 10.603291, 45.901394 ], [ 10.603668, 45.903944 ], [ 10.604637, 45.906718 ], [ 10.605157, 45.910137 ], [ 10.605885, 45.911356 ], [ 10.60589, 45.913289 ], [ 10.604947, 45.91502 ], [ 10.606341, 45.915502 ], [ 10.605857, 45.916738 ], [ 10.607401, 45.916078 ], [ 10.608534, 45.915206 ], [ 10.609513, 45.91504 ], [ 10.6109, 45.915653 ], [ 10.614535, 45.916622 ], [ 10.615194, 45.917061 ], [ 10.613895, 45.918224 ], [ 10.614445, 45.918827 ], [ 10.615649, 45.919034 ], [ 10.614171, 45.920009 ], [ 10.615042, 45.920644 ], [ 10.615483, 45.921707 ], [ 10.616974, 45.923324 ], [ 10.619567, 45.925169 ] ] ] } },
{ "type": "Feature", "properties": { "com_altname": null, "com_area_code": "ITA", "com_capoluogo": "No", "com_code": "22002", "com_name": "Albiano", "com_name_lower": "albiano", "com_name_upper": "ALBIANO", "com_type": "Comune", "geo_point_2d": { "lat": 46.14181877057424, "lon": 11.185010561168014 }, "prov_code": "22", "prov_name": "Trento", "reg_code": "4", "reg_name": "Trentino-Alto Adige", "rip_code": "2", "rip_name": "Nord-Est", "year": "2022" }, "geometry": { "type": "Polygon", "coordinates": [ [ [ 11.208595, 46.144434 ], [ 11.212311, 46.149536 ], [ 11.211808, 46.150217 ], [ 11.211002, 46.153444 ], [ 11.210413, 46.153532 ], [ 11.209942, 46.154538 ], [ 11.208353, 46.15589 ], [ 11.207316, 46.156303 ], [ 11.205415, 46.157516 ], [ 11.203583, 46.157044 ], [ 11.202395, 46.156264 ], [ 11.197438, 46.156084 ], [ 11.196475, 46.155896 ], [ 11.194059, 46.154126 ], [ 11.192246, 46.153909 ], [ 11.18767, 46.154961 ], [ 11.185757, 46.154017 ], [ 11.182701, 46.154268 ], [ 11.17755, 46.155198 ], [ 11.175996, 46.154985 ], [ 11.174308, 46.154172 ], [ 11.171254, 46.154202 ], [ 11.170508, 46.154015 ], [ 11.166784, 46.153867 ], [ 11.1653, 46.1533 ], [ 11.164123, 46.15256 ], [ 11.161991, 46.152113 ], [ 11.162051, 46.15143 ], [ 11.163369, 46.150381 ], [ 11.16332, 46.14853 ], [ 11.163646, 46.147507 ], [ 11.162987, 46.145786 ], [ 11.163272, 46.144521 ], [ 11.164177, 46.143333 ], [ 11.164188, 46.142503 ], [ 11.165062, 46.141206 ], [ 11.164688, 46.140891 ], [ 11.165028, 46.138132 ], [ 11.16526, 46.137629 ], [ 11.165065, 46.135359 ], [ 11.165195, 46.134794 ], [ 11.164872, 46.132412 ], [ 11.164229, 46.13029 ], [ 11.163626, 46.125056 ], [ 11.165639, 46.125456 ], [ 11.172004, 46.126163 ], [ 11.174063, 46.12572 ], [ 11.176896, 46.125312 ], [ 11.179242, 46.125205 ], [ 11.184368, 46.126638 ], [ 11.185919, 46.126679 ], [ 11.188661, 46.126045 ], [ 11.189713, 46.126824 ], [ 11.192012, 46.127988 ], [ 11.195666, 46.129515 ], [ 11.199427, 46.132339 ], [ 11.201588, 46.13499 ], [ 11.202613, 46.137115 ], [ 11.203231, 46.139164 ], [ 11.204218, 46.140678 ], [ 11.205915, 46.142256 ], [ 11.208595, 46.144434 ] ] ] } },
{ "type": "Feature", "properties": { "com_altname": null, "com_area_code": "ITA", "com_capoluogo": "No", "com_code": "22251", "com_name": "Terre d'Adige", "com_name_lower": "terre d'adige", "com_name_upper": "TERRE D'ADIGE", "com_type": "Comune", "geo_point_2d": { "lat": 46.161547648855574, "lon": 11.068954452170717 }, "prov_code": "22", "prov_name": "Trento", "reg_code": "4", "reg_name": "Trentino-Alto Adige", "rip_code": "2", "rip_name": "Nord-Est", "year": "2022" }, "geometry": { "type": "MultiPolygon", "coordinates": [ [ [ [ 11.111299, 46.174686 ], [ 11.111279, 46.176716 ], [ 11.113823, 46.181188 ], [ 11.112853, 46.182437 ], [ 11.11196, 46.182682 ], [ 11.110925, 46.18184 ], [ 11.107745, 46.182265 ], [ 11.106765, 46.181368 ], [ 11.105607, 46.180855 ], [ 11.104572, 46.180852 ], [ 11.10382, 46.180233 ], [ 11.102772, 46.180459 ], [ 11.098167, 46.180578 ], [ 11.095766, 46.180735 ], [ 11.094807, 46.181051 ], [ 11.092745, 46.177712 ], [ 11.091054, 46.177971 ], [ 11.088666, 46.178779 ], [ 11.086757, 46.180406 ], [ 11.08393, 46.181799 ], [ 11.084612, 46.181216 ], [ 11.083559, 46.180119 ], [ 11.084392, 46.179522 ], [ 11.083989, 46.177512 ], [ 11.082682, 46.176878 ], [ 11.080939, 46.176344 ], [ 11.080174, 46.176487 ], [ 11.078007, 46.175255 ], [ 11.077052, 46.174107 ], [ 11.076393, 46.172652 ], [ 11.075288, 46.172081 ], [ 11.074716, 46.171348 ], [ 11.07312, 46.170384 ], [ 11.071771, 46.168403 ], [ 11.070838, 46.1677 ], [ 11.069564, 46.168813 ], [ 11.068708, 46.168832 ], [ 11.067756, 46.169398 ], [ 11.066712, 46.169548 ], [ 11.065809, 46.170555 ], [ 11.064398, 46.17078 ], [ 11.061837, 46.171923 ], [ 11.060252, 46.170499 ], [ 11.059863, 46.169736 ], [ 11.055834, 46.168688 ], [ 11.055703, 46.167065 ], [ 11.053914, 46.166415 ], [ 11.053975, 46.163897 ], [ 11.05344, 46.162121 ], [ 11.053724, 46.160856 ], [ 11.053284, 46.158526 ], [ 11.052201, 46.157621 ], [ 11.051547, 46.155924 ], [ 11.052078, 46.154019 ], [ 11.051398, 46.153096 ], [ 11.051682, 46.151779 ], [ 11.052069, 46.151468 ], [ 11.049855, 46.149883 ], [ 11.048218, 46.149398 ], [ 11.047198, 46.148806 ], [ 11.047124, 46.148285 ], [ 11.048126, 46.14661 ], [ 11.049497, 46.145907 ], [ 11.053411, 46.149104 ], [ 11.054785, 46.149801 ], [ 11.057009, 46.150339 ], [ 11.057865, 46.150869 ], [ 11.059642, 46.151126 ], [ 11.062032, 46.151783 ], [ 11.063194, 46.151041 ], [ 11.065406, 46.150781 ], [ 11.067694, 46.150955 ], [ 11.067788, 46.149627 ], [ 11.067182, 46.147791 ], [ 11.066315, 46.145963 ], [ 11.06448, 46.144485 ], [ 11.064696, 46.143068 ], [ 11.063772, 46.142449 ], [ 11.063855, 46.141341 ], [ 11.065178, 46.14057 ], [ 11.065731, 46.1389 ], [ 11.064913, 46.135676 ], [ 11.066279, 46.136257 ], [ 11.067785, 46.135921 ], [ 11.068696, 46.134949 ], [ 11.068414, 46.134203 ], [ 11.069867, 46.133287 ], [ 11.070553, 46.132168 ], [ 11.072416, 46.133601 ], [ 11.075314, 46.135328 ], [ 11.076379, 46.135356 ], [ 11.074523, 46.139351 ], [ 11.073226, 46.140557 ], [ 11.073037, 46.142353 ], [ 11.075101, 46.145728 ], [ 11.077171, 46.147766 ], [ 11.079285, 46.14846 ], [ 11.080189, 46.149464 ], [ 11.080779, 46.151225 ], [ 11.082305, 46.152795 ], [ 11.082512, 46.153647 ], [ 11.083243, 46.154524 ], [ 11.085241, 46.155391 ], [ 11.088878, 46.155764 ], [ 11.09056, 46.153333 ], [ 11.091961, 46.153695 ], [ 11.09412, 46.153443 ], [ 11.094583, 46.151866 ], [ 11.093918, 46.151671 ], [ 11.094584, 46.15023 ], [ 11.094171, 46.148614 ], [ 11.095745, 46.148305 ], [ 11.09787, 46.150603 ], [ 11.100274, 46.152948 ], [ 11.098804, 46.15329 ], [ 11.09784, 46.154066 ], [ 11.096162, 46.153819 ], [ 11.092471, 46.154271 ], [ 11.090384, 46.155189 ], [ 11.090272, 46.155699 ], [ 11.092831, 46.155917 ], [ 11.096354, 46.157591 ], [ 11.098182, 46.158652 ], [ 11.100384, 46.15961 ], [ 11.105203, 46.162273 ], [ 11.10842, 46.163099 ], [ 11.109209, 46.16377 ], [ 11.111191, 46.166217 ], [ 11.11095, 46.167795 ], [ 11.111548, 46.172686 ], [ 11.111299, 46.174686 ] ] ], [ [ [ 11.036919, 46.141802 ], [ 11.037688, 46.144384 ], [ 11.037862, 46.14838 ], [ 11.037497, 46.149655 ], [ 11.037722, 46.153807 ], [ 11.038051, 46.154499 ], [ 11.040207, 46.157139 ], [ 11.042841, 46.158312 ], [ 11.043377, 46.161536 ], [ 11.043804, 46.162419 ], [ 11.045184, 46.164075 ], [ 11.045929, 46.165593 ], [ 11.045725, 46.166529 ], [ 11.046277, 46.168208 ], [ 11.046203, 46.169716 ], [ 11.047944, 46.171218 ], [ 11.049109, 46.172452 ], [ 11.051831, 46.175001 ], [ 11.051391, 46.175522 ], [ 11.050028, 46.175399 ], [ 11.049226, 46.175852 ], [ 11.047503, 46.175322 ], [ 11.04699, 46.174481 ], [ 11.046091, 46.17444 ], [ 11.045246, 46.174991 ], [ 11.041615, 46.173773 ], [ 11.040548, 46.173052 ], [ 11.039822, 46.174111 ], [ 11.036983, 46.172754 ], [ 11.03694, 46.172343 ], [ 11.033859, 46.171357 ], [ 11.032441, 46.170288 ], [ 11.030389, 46.169731 ], [ 11.029049, 46.169668 ], [ 11.027624, 46.168552 ], [ 11.027037, 46.166361 ], [ 11.027281, 46.165559 ], [ 11.024909, 46.162595 ], [ 11.02498, 46.161196 ], [ 11.023927, 46.158621 ], [ 11.023055, 46.158244 ], [ 11.022106, 46.15729 ], [ 11.020625, 46.153533 ], [ 11.019371, 46.15246 ], [ 11.020914, 46.15129 ], [ 11.022024, 46.149105 ], [ 11.025124, 46.146693 ], [ 11.027419, 46.145816 ], [ 11.036919, 46.141802 ] ] ] ] } },
{ "type": "Feature", "properties": { "com_altname": null, "com_area_code": "ITA", "com_capoluogo": "No", "com_code": "22170", "com_name": "Sarnonico", "com_name_lower": "sarnonico", "com_name_upper": "SARNONICO", "com_type": "Comune", "geo_point_2d": { "lat": 46.431445440027474, "lon": 11.160774585964893 }, "prov_code": "22", "prov_name": "Trento", "reg_code": "4", "reg_name": "Trentino-Alto Adige", "rip_code": "2", "rip_name": "Nord-Est", "year": "2022" }, "geometry": { "type": "Polygon", "coordinates": [ [ [ 11.194071, 46.458966 ], [ 11.191845, 46.458676 ], [ 11.188721, 46.458065 ], [ 11.187088, 46.458335 ], [ 11.185752, 46.457415 ], [ 11.183604, 46.45715 ], [ 11.182118, 46.456382 ], [ 11.1801, 46.456142 ], [ 11.17904, 46.456338 ], [ 11.177284, 46.455984 ], [ 11.176592, 46.455403 ], [ 11.173658, 46.454847 ], [ 11.171347, 46.453919 ], [ 11.170718, 46.453242 ], [ 11.17657, 46.450634 ], [ 11.179929, 46.450057 ], [ 11.179725, 46.449154 ], [ 11.175559, 46.446027 ], [ 11.174054, 46.445061 ], [ 11.173356, 46.442676 ], [ 11.175354, 46.442782 ], [ 11.173891, 46.441374 ], [ 11.172786, 46.440743 ], [ 11.170674, 46.440337 ], [ 11.170149, 46.440815 ], [ 11.168532, 46.443159 ], [ 11.167582, 46.443173 ], [ 11.166246, 46.442347 ], [ 11.164791, 46.440822 ], [ 11.164195, 46.439538 ], [ 11.167522, 46.437805 ], [ 11.171598, 46.436652 ], [ 11.172315, 46.433934 ], [ 11.171399, 46.433826 ], [ 11.167919, 46.433869 ], [ 11.165643, 46.434144 ], [ 11.163004, 46.434754 ], [ 11.162584, 46.432139 ], [ 11.169699, 46.432063 ], [ 11.174393, 46.432306 ], [ 11.176399, 46.428349 ], [ 11.175798, 46.426857 ], [ 11.17472, 46.426783 ], [ 11.167296, 46.425669 ], [ 11.163147, 46.425189 ], [ 11.162787, 46.424733 ], [ 11.162962, 46.423289 ], [ 11.16405, 46.422027 ], [ 11.167535, 46.420579 ], [ 11.168574, 46.420811 ], [ 11.170633, 46.420664 ], [ 11.171125, 46.420169 ], [ 11.171589, 46.418824 ], [ 11.170709, 46.418206 ], [ 11.165638, 46.418739 ], [ 11.164341, 46.418714 ], [ 11.1553, 46.419645 ], [ 11.152384, 46.418971 ], [ 11.150489, 46.419002 ], [ 11.149024, 46.418818 ], [ 11.146986, 46.418951 ], [ 11.144882, 46.4198 ], [ 11.143352, 46.421103 ], [ 11.144116, 46.422627 ], [ 11.143771, 46.423624 ], [ 11.143067, 46.424051 ], [ 11.143054, 46.425586 ], [ 11.143455, 46.426429 ], [ 11.14259, 46.427862 ], [ 11.141147, 46.429199 ], [ 11.139519, 46.429297 ], [ 11.138342, 46.428986 ], [ 11.13786, 46.428054 ], [ 11.136629, 46.428113 ], [ 11.135667, 46.427632 ], [ 11.135021, 46.426636 ], [ 11.134396, 46.426342 ], [ 11.133653, 46.427805 ], [ 11.132225, 46.428668 ], [ 11.130425, 46.428855 ], [ 11.12915, 46.427443 ], [ 11.129331, 46.426027 ], [ 11.127484, 46.424689 ], [ 11.126374, 46.425047 ], [ 11.125628, 46.424566 ], [ 11.123094, 46.424334 ], [ 11.119397, 46.423016 ], [ 11.116981, 46.423601 ], [ 11.116569, 46.424014 ], [ 11.114625, 46.424464 ], [ 11.111889, 46.42383 ], [ 11.111433, 46.423074 ], [ 11.109151, 46.423215 ], [ 11.108691, 46.423052 ], [ 11.107682, 46.421743 ], [ 11.107637, 46.420691 ], [ 11.104463, 46.418752 ], [ 11.101194, 46.418722 ], [ 11.100425, 46.416765 ], [ 11.099583, 46.41553 ], [ 11.10104, 46.415089 ], [ 11.101699, 46.414537 ], [ 11.105329, 46.413642 ], [ 11.106641, 46.413001 ], [ 11.108066, 46.412624 ], [ 11.110418, 46.411609 ], [ 11.11277, 46.410994 ], [ 11.114709, 46.410283 ], [ 11.117579, 46.408718 ], [ 11.121548, 46.406925 ], [ 11.123801, 46.407216 ], [ 11.125285, 46.409506 ], [ 11.127368, 46.411785 ], [ 11.128838, 46.412923 ], [ 11.129927, 46.414158 ], [ 11.131874, 46.415773 ], [ 11.13463, 46.414628 ], [ 11.136166, 46.414802 ], [ 11.136277, 46.414368 ], [ 11.137648, 46.414271 ], [ 11.137902, 46.414981 ], [ 11.140243, 46.415108 ], [ 11.14167, 46.414879 ], [ 11.143124, 46.415163 ], [ 11.143624, 46.414397 ], [ 11.145338, 46.414189 ], [ 11.146126, 46.4144 ], [ 11.150414, 46.413496 ], [ 11.151058, 46.412979 ], [ 11.153908, 46.414393 ], [ 11.155039, 46.414641 ], [ 11.160764, 46.414956 ], [ 11.162637, 46.414538 ], [ 11.165264, 46.414376 ], [ 11.168409, 46.413993 ], [ 11.170912, 46.414337 ], [ 11.1705, 46.41551 ], [ 11.171387, 46.416443 ], [ 11.171362, 46.418054 ], [ 11.17247, 46.417993 ], [ 11.173014, 46.418896 ], [ 11.174366, 46.419023 ], [ 11.17663, 46.420618 ], [ 11.177152, 46.421395 ], [ 11.178582, 46.422079 ], [ 11.180051, 46.422051 ], [ 11.180882, 46.421702 ], [ 11.182775, 46.423781 ], [ 11.182897, 46.424422 ], [ 11.181173, 46.424586 ], [ 11.180347, 46.425681 ], [ 11.179135, 46.424773 ], [ 11.1791, 46.426088 ], [ 11.17864, 46.428437 ], [ 11.178301, 46.429199 ], [ 11.181173, 46.430751 ], [ 11.18252, 46.431692 ], [ 11.185382, 46.43324 ], [ 11.187027, 46.434329 ], [ 11.189212, 46.435268 ], [ 11.190347, 46.435975 ], [ 11.193106, 46.436476 ], [ 11.197091, 46.436732 ], [ 11.199577, 46.437152 ], [ 11.205077, 46.437721 ], [ 11.206873, 46.438119 ], [ 11.209166, 46.43825 ], [ 11.215744, 46.437812 ], [ 11.216493, 46.437661 ], [ 11.216885, 46.438814 ], [ 11.217001, 46.440676 ], [ 11.217527, 46.440824 ], [ 11.217761, 46.441882 ], [ 11.217923, 46.442639 ], [ 11.216971, 46.443691 ], [ 11.215356, 46.44385 ], [ 11.214515, 46.442813 ], [ 11.214359, 46.441898 ], [ 11.21187, 46.441645 ], [ 11.210628, 46.441232 ], [ 11.208604, 46.441933 ], [ 11.206758, 46.442117 ], [ 11.206049, 46.44092 ], [ 11.204721, 46.440667 ], [ 11.203604, 46.441174 ], [ 11.20271, 46.440274 ], [ 11.200069, 46.439523 ], [ 11.198815, 46.438954 ], [ 11.197769, 46.438978 ], [ 11.194715, 46.439946 ], [ 11.193702, 46.440127 ], [ 11.193171, 46.439071 ], [ 11.191902, 46.438992 ], [ 11.19198, 46.438464 ], [ 11.190713, 46.438272 ], [ 11.189297, 46.43739 ], [ 11.18637, 46.4362 ], [ 11.18434, 46.436239 ], [ 11.184048, 46.435479 ], [ 11.182331, 46.434932 ], [ 11.181181, 46.433891 ], [ 11.180182, 46.433798 ], [ 11.178536, 46.432817 ], [ 11.178302, 46.432205 ], [ 11.17633, 46.431621 ], [ 11.175406, 46.433759 ], [ 11.175826, 46.435767 ], [ 11.175693, 46.436593 ], [ 11.177435, 46.437302 ], [ 11.17858, 46.437469 ], [ 11.178927, 46.438686 ], [ 11.180783, 46.438386 ], [ 11.180423, 46.4403 ], [ 11.181346, 46.440634 ], [ 11.182949, 46.440509 ], [ 11.18306, 46.441816 ], [ 11.185155, 46.441673 ], [ 11.186737, 46.441062 ], [ 11.187666, 46.44135 ], [ 11.189715, 46.441234 ], [ 11.190483, 46.441472 ], [ 11.190857, 46.442288 ], [ 11.189469, 46.443138 ], [ 11.188188, 46.443333 ], [ 11.188108, 46.444127 ], [ 11.186773, 46.444652 ], [ 11.186808, 46.445524 ], [ 11.188764, 46.445361 ], [ 11.190471, 46.445688 ], [ 11.192668, 46.446654 ], [ 11.194597, 46.446973 ], [ 11.195006, 46.447478 ], [ 11.196377, 46.447172 ], [ 11.197185, 46.447359 ], [ 11.198896, 46.448744 ], [ 11.200998, 46.448712 ], [ 11.201852, 46.449587 ], [ 11.202386, 46.448987 ], [ 11.203287, 46.449046 ], [ 11.204728, 46.44856 ], [ 11.205843, 46.450098 ], [ 11.206859, 46.44974 ], [ 11.207649, 46.450342 ], [ 11.208511, 46.449344 ], [ 11.210479, 46.448962 ], [ 11.212692, 46.449111 ], [ 11.212957, 46.450547 ], [ 11.211934, 46.451934 ], [ 11.210645, 46.452474 ], [ 11.210589, 46.452956 ], [ 11.211749, 46.453347 ], [ 11.211878, 46.454645 ], [ 11.21237, 46.455358 ], [ 11.209708, 46.456113 ], [ 11.206435, 46.457311 ], [ 11.205405, 46.457533 ], [ 11.198619, 46.457871 ], [ 11.195985, 46.457147 ], [ 11.192611, 46.456587 ], [ 11.192465, 46.457156 ], [ 11.194093, 46.458655 ], [ 11.194071, 46.458966 ] ] ] } },
{ "type": "Feature", "properties": { "com_altname": null, "com_area_code": "ITA", "com_capoluogo": "No", "com_code": "22177", "com_name": "Sover", "com_name_lower": "sover", "com_name_upper": "SOVER", "com_type": "Comune", "geo_point_2d": { "lat": 46.21902058257339, "lon": 11.332703726012918 }, "prov_code": "22", "prov_name": "Trento", "reg_code": "4", "reg_name": "Trentino-Alto Adige", "rip_code": "2", "rip_name": "Nord-Est", "year": "2022" }, "geometry": { "type": "Polygon", "coordinates": [ [ [ 11.363115, 46.201334 ], [ 11.361727, 46.211902 ], [ 11.359464, 46.216881 ], [ 11.357726, 46.219887 ], [ 11.356169, 46.222277 ], [ 11.349613, 46.224528 ], [ 11.349065, 46.222316 ], [ 11.347842, 46.220406 ], [ 11.346547, 46.222574 ], [ 11.345159, 46.223467 ], [ 11.343959, 46.22513 ], [ 11.343087, 46.2272 ], [ 11.341423, 46.229844 ], [ 11.3392, 46.232157 ], [ 11.338866, 46.233442 ], [ 11.337226, 46.236059 ], [ 11.336391, 46.23991 ], [ 11.33653, 46.241662 ], [ 11.335573, 46.244175 ], [ 11.333645, 46.247958 ], [ 11.333077, 46.248627 ], [ 11.331821, 46.249301 ], [ 11.330563, 46.251136 ], [ 11.328857, 46.25099 ], [ 11.326762, 46.24998 ], [ 11.326989, 46.24863 ], [ 11.326782, 46.247846 ], [ 11.325889, 46.246555 ], [ 11.324179, 46.244884 ], [ 11.323533, 46.244699 ], [ 11.32136, 46.244839 ], [ 11.320594, 46.244408 ], [ 11.319329, 46.243178 ], [ 11.318438, 46.241702 ], [ 11.316975, 46.237767 ], [ 11.316583, 46.237042 ], [ 11.313583, 46.233516 ], [ 11.312562, 46.233015 ], [ 11.311088, 46.231307 ], [ 11.309609, 46.230266 ], [ 11.306767, 46.2286 ], [ 11.306699, 46.228093 ], [ 11.308661, 46.226987 ], [ 11.308586, 46.22643 ], [ 11.306581, 46.225436 ], [ 11.305303, 46.223396 ], [ 11.303474, 46.221885 ], [ 11.304201, 46.221114 ], [ 11.30501, 46.221516 ], [ 11.306, 46.221159 ], [ 11.308197, 46.220827 ], [ 11.309849, 46.219907 ], [ 11.311698, 46.217898 ], [ 11.313852, 46.215047 ], [ 11.314087, 46.214128 ], [ 11.314134, 46.211949 ], [ 11.314758, 46.210528 ], [ 11.316439, 46.208811 ], [ 11.31628, 46.207307 ], [ 11.317079, 46.205081 ], [ 11.316949, 46.203526 ], [ 11.317709, 46.202521 ], [ 11.318811, 46.20195 ], [ 11.319992, 46.200031 ], [ 11.320845, 46.197924 ], [ 11.322003, 46.196215 ], [ 11.323335, 46.196431 ], [ 11.325344, 46.196184 ], [ 11.3263, 46.196492 ], [ 11.332308, 46.196671 ], [ 11.334683, 46.197081 ], [ 11.336219, 46.197621 ], [ 11.338066, 46.197911 ], [ 11.341247, 46.197561 ], [ 11.342367, 46.197963 ], [ 11.34313, 46.198753 ], [ 11.34491, 46.199972 ], [ 11.346895, 46.200013 ], [ 11.349374, 46.200691 ], [ 11.352366, 46.201871 ], [ 11.353523, 46.202549 ], [ 11.354636, 46.202806 ], [ 11.357568, 46.203483 ], [ 11.35904, 46.203048 ], [ 11.363115, 46.201334 ] ] ] } },
{ "type": "Feature", "properties": { "com_altname": null, "com_area_code": "ITA", "com_capoluogo": "No", "com_code": "22243", "com_name": "Madruzzo", "com_name_lower": "madruzzo", "com_name_upper": "MADRUZZO", "com_type": "Comune", "geo_point_2d": { "lat": 46.03586555812891, "lon": 10.98382842312258 }, "prov_code": "22", "prov_name": "Trento", "reg_code": "4", "reg_name": "Trentino-Alto Adige", "rip_code": "2", "rip_name": "Nord-Est", "year": "2022" }, "geometry": { "type": "Polygon", "coordinates": [ [ [ 11.027481, 46.014523 ], [ 11.027453, 46.01755 ], [ 11.028085, 46.01995 ], [ 11.027598, 46.021846 ], [ 11.028536, 46.023391 ], [ 11.029074, 46.024946 ], [ 11.029045, 46.026379 ], [ 11.028396, 46.028299 ], [ 11.028279, 46.030328 ], [ 11.027817, 46.031333 ], [ 11.028122, 46.032421 ], [ 11.027528, 46.034179 ], [ 11.026422, 46.038466 ], [ 11.026117, 46.043857 ], [ 11.028603, 46.04643 ], [ 11.024734, 46.048306 ], [ 11.021437, 46.04937 ], [ 11.020038, 46.052106 ], [ 11.019197, 46.05256 ], [ 11.017751, 46.052447 ], [ 11.017085, 46.053044 ], [ 11.015382, 46.052236 ], [ 11.015116, 46.050837 ], [ 11.014026, 46.049401 ], [ 11.007225, 46.050749 ], [ 11.001583, 46.051593 ], [ 11.001431, 46.051989 ], [ 10.994674, 46.052016 ], [ 10.993045, 46.05216 ], [ 10.992502, 46.053617 ], [ 10.987712, 46.053619 ], [ 10.987164, 46.054376 ], [ 10.985654, 46.054318 ], [ 10.981727, 46.053342 ], [ 10.980201, 46.056091 ], [ 10.98011, 46.056768 ], [ 10.978624, 46.058424 ], [ 10.97868, 46.058847 ], [ 10.97713, 46.059025 ], [ 10.977856, 46.061123 ], [ 10.974509, 46.063588 ], [ 10.972171, 46.062161 ], [ 10.969992, 46.061026 ], [ 10.969491, 46.062551 ], [ 10.968748, 46.062623 ], [ 10.966164, 46.061809 ], [ 10.965082, 46.061299 ], [ 10.962586, 46.060815 ], [ 10.962065, 46.060057 ], [ 10.960146, 46.060094 ], [ 10.958105, 46.05777 ], [ 10.956326, 46.056445 ], [ 10.952311, 46.053791 ], [ 10.952124, 46.05226 ], [ 10.951239, 46.050737 ], [ 10.949153, 46.050145 ], [ 10.946681, 46.050109 ], [ 10.945568, 46.049457 ], [ 10.945175, 46.047418 ], [ 10.943753, 46.048005 ], [ 10.942269, 46.049098 ], [ 10.941448, 46.05028 ], [ 10.940421, 46.051167 ], [ 10.939765, 46.052537 ], [ 10.938505, 46.053629 ], [ 10.937851, 46.054731 ], [ 10.937216, 46.054934 ], [ 10.934806, 46.054409 ], [ 10.933035, 46.054829 ], [ 10.931918, 46.05536 ], [ 10.930332, 46.055571 ], [ 10.928537, 46.056788 ], [ 10.927968, 46.058062 ], [ 10.927908, 46.058941 ], [ 10.928662, 46.060029 ], [ 10.928572, 46.061937 ], [ 10.926448, 46.062756 ], [ 10.92507, 46.062964 ], [ 10.922188, 46.064424 ], [ 10.920411, 46.06417 ], [ 10.920324, 46.062935 ], [ 10.921995, 46.060247 ], [ 10.921348, 46.059167 ], [ 10.922551, 46.059343 ], [ 10.923398, 46.05889 ], [ 10.926174, 46.054436 ], [ 10.926348, 46.052214 ], [ 10.929475, 46.050931 ], [ 10.92977, 46.050951 ], [ 10.932336, 46.049254 ], [ 10.934551, 46.048231 ], [ 10.936148, 46.048203 ], [ 10.936866, 46.044875 ], [ 10.937897, 46.043283 ], [ 10.937892, 46.041927 ], [ 10.938721, 46.040064 ], [ 10.938888, 46.039185 ], [ 10.94062, 46.037788 ], [ 10.940731, 46.036884 ], [ 10.944955, 46.035361 ], [ 10.948149, 46.034615 ], [ 10.955959, 46.032308 ], [ 10.953558, 46.02643 ], [ 10.951155, 46.027467 ], [ 10.949899, 46.027353 ], [ 10.950263, 46.025738 ], [ 10.948905, 46.023211 ], [ 10.947735, 46.02245 ], [ 10.948708, 46.021742 ], [ 10.949286, 46.021915 ], [ 10.95041, 46.020834 ], [ 10.952476, 46.019882 ], [ 10.952683, 46.020559 ], [ 10.957213, 46.020283 ], [ 10.959379, 46.020251 ], [ 10.960351, 46.018952 ], [ 10.965361, 46.016466 ], [ 10.966994, 46.015804 ], [ 10.975684, 46.012668 ], [ 10.981813, 46.011467 ], [ 10.985151, 46.011746 ], [ 10.992533, 46.012234 ], [ 10.993981, 46.012088 ], [ 10.996283, 46.01231 ], [ 11.003023, 46.012633 ], [ 11.005197, 46.012677 ], [ 11.008172, 46.01298 ], [ 11.008902, 46.013303 ], [ 11.011642, 46.013866 ], [ 11.015444, 46.014433 ], [ 11.02361, 46.016132 ], [ 11.027481, 46.014523 ] ] ] } },
{ "type": "Feature", "properties": { "com_altname": null, "com_area_code": "ITA", "com_capoluogo": "No", "com_code": "22115", "com_name": "Mezzano", "com_name_lower": "mezzano", "com_name_upper": "MEZZANO", "com_type": "Comune", "geo_point_2d": { "lat": 46.15883992086912, "lon": 11.815403420601118 }, "prov_code": "22", "prov_name": "Trento", "reg_code": "4", "reg_name": "Trentino-Alto Adige", "rip_code": "2", "rip_name": "Nord-Est", "year": "2022" }, "geometry": { "type": "Polygon", "coordinates": [ [ [ 11.827009, 46.107408 ], [ 11.829688, 46.107796 ], [ 11.831187, 46.108205 ], [ 11.831515, 46.109672 ], [ 11.832318, 46.110183 ], [ 11.834506, 46.11093 ], [ 11.838348, 46.111258 ], [ 11.841533, 46.111189 ], [ 11.846339, 46.11239 ], [ 11.850186, 46.113009 ], [ 11.854429, 46.112617 ], [ 11.856255, 46.112941 ], [ 11.85911, 46.114173 ], [ 11.861262, 46.114304 ], [ 11.865601, 46.115558 ], [ 11.86701, 46.115277 ], [ 11.870045, 46.116379 ], [ 11.87393, 46.115577 ], [ 11.87561, 46.117624 ], [ 11.878818, 46.117833 ], [ 11.884178, 46.117006 ], [ 11.885297, 46.117744 ], [ 11.891765, 46.120475 ], [ 11.893415, 46.121147 ], [ 11.898184, 46.126492 ], [ 11.897425, 46.129141 ], [ 11.89917, 46.12981 ], [ 11.90169, 46.13052 ], [ 11.904744, 46.132996 ], [ 11.905583, 46.1345 ], [ 11.902315, 46.135941 ], [ 11.901243, 46.136629 ], [ 11.89997, 46.136016 ], [ 11.896868, 46.135917 ], [ 11.892648, 46.137887 ], [ 11.891809, 46.13888 ], [ 11.890621, 46.141014 ], [ 11.891872, 46.14329 ], [ 11.89162, 46.144798 ], [ 11.89175, 46.145873 ], [ 11.892273, 46.146303 ], [ 11.892222, 46.149116 ], [ 11.891405, 46.150231 ], [ 11.890222, 46.150557 ], [ 11.885558, 46.149117 ], [ 11.882751, 46.147242 ], [ 11.879153, 46.146794 ], [ 11.875901, 46.148023 ], [ 11.873165, 46.148929 ], [ 11.868642, 46.150154 ], [ 11.868262, 46.150742 ], [ 11.866151, 46.150784 ], [ 11.864321, 46.150417 ], [ 11.8626, 46.150297 ], [ 11.860481, 46.150941 ], [ 11.855815, 46.151613 ], [ 11.855471, 46.150818 ], [ 11.854277, 46.150327 ], [ 11.851814, 46.150187 ], [ 11.851205, 46.150602 ], [ 11.848426, 46.150347 ], [ 11.846323, 46.15135 ], [ 11.845043, 46.151648 ], [ 11.842597, 46.151437 ], [ 11.838972, 46.152344 ], [ 11.835288, 46.153598 ], [ 11.833288, 46.15639 ], [ 11.83383, 46.158014 ], [ 11.832996, 46.159486 ], [ 11.831557, 46.16042 ], [ 11.829404, 46.161158 ], [ 11.828495, 46.161699 ], [ 11.828255, 46.162351 ], [ 11.826737, 46.162833 ], [ 11.825449, 46.16439 ], [ 11.823444, 46.165779 ], [ 11.823955, 46.16716 ], [ 11.821847, 46.168471 ], [ 11.820725, 46.169671 ], [ 11.815365, 46.172276 ], [ 11.813153, 46.173141 ], [ 11.808344, 46.174778 ], [ 11.799706, 46.179054 ], [ 11.798104, 46.180427 ], [ 11.795378, 46.181165 ], [ 11.791676, 46.181867 ], [ 11.787657, 46.182873 ], [ 11.786051, 46.183063 ], [ 11.786824, 46.185564 ], [ 11.787441, 46.186282 ], [ 11.787627, 46.18742 ], [ 11.788632, 46.187879 ], [ 11.789083, 46.189092 ], [ 11.791747, 46.190979 ], [ 11.79263, 46.192289 ], [ 11.792629, 46.193506 ], [ 11.793063, 46.194209 ], [ 11.792459, 46.19618 ], [ 11.789657, 46.198544 ], [ 11.788949, 46.199437 ], [ 11.787256, 46.200685 ], [ 11.787842, 46.20163 ], [ 11.787709, 46.20228 ], [ 11.786725, 46.203247 ], [ 11.785181, 46.204179 ], [ 11.783228, 46.204452 ], [ 11.782084, 46.204029 ], [ 11.779336, 46.203933 ], [ 11.777134, 46.203279 ], [ 11.775002, 46.203487 ], [ 11.772575, 46.203489 ], [ 11.769895, 46.20415 ], [ 11.767211, 46.205301 ], [ 11.764061, 46.206363 ], [ 11.761889, 46.206462 ], [ 11.759652, 46.207122 ], [ 11.759669, 46.207522 ], [ 11.758941, 46.20849 ], [ 11.757592, 46.211129 ], [ 11.756118, 46.212032 ], [ 11.751563, 46.214384 ], [ 11.749112, 46.216156 ], [ 11.748913, 46.21825 ], [ 11.749272, 46.219353 ], [ 11.748302, 46.220509 ], [ 11.748413, 46.221651 ], [ 11.747987, 46.22245 ], [ 11.746896, 46.223155 ], [ 11.74627, 46.223977 ], [ 11.744885, 46.224334 ], [ 11.743707, 46.225002 ], [ 11.74197, 46.225141 ], [ 11.741233, 46.225586 ], [ 11.739692, 46.225141 ], [ 11.736738, 46.225046 ], [ 11.734716, 46.224509 ], [ 11.733685, 46.224535 ], [ 11.729375, 46.223331 ], [ 11.728051, 46.22229 ], [ 11.723974, 46.221037 ], [ 11.722045, 46.220922 ], [ 11.71933, 46.219526 ], [ 11.72016, 46.218923 ], [ 11.720341, 46.217795 ], [ 11.720849, 46.216984 ], [ 11.722047, 46.216096 ], [ 11.723963, 46.215251 ], [ 11.726519, 46.214906 ], [ 11.728068, 46.214894 ], [ 11.729003, 46.21337 ], [ 11.728612, 46.212303 ], [ 11.72683, 46.209528 ], [ 11.725634, 46.208127 ], [ 11.725436, 46.20591 ], [ 11.725697, 46.205433 ], [ 11.727643, 46.204224 ], [ 11.730032, 46.201471 ], [ 11.731614, 46.200053 ], [ 11.730399, 46.199115 ], [ 11.731256, 46.197093 ], [ 11.733452, 46.195511 ], [ 11.735727, 46.195442 ], [ 11.736605, 46.194794 ], [ 11.740125, 46.194674 ], [ 11.740918, 46.193953 ], [ 11.741952, 46.193628 ], [ 11.743725, 46.192515 ], [ 11.747371, 46.192336 ], [ 11.752318, 46.190492 ], [ 11.753393, 46.187621 ], [ 11.75615, 46.185161 ], [ 11.761394, 46.185076 ], [ 11.767531, 46.184793 ], [ 11.768393, 46.184448 ], [ 11.769667, 46.181464 ], [ 11.769303, 46.178949 ], [ 11.76969, 46.177755 ], [ 11.770749, 46.176062 ], [ 11.771971, 46.174767 ], [ 11.773333, 46.17374 ], [ 11.775264, 46.1714 ], [ 11.777257, 46.170852 ], [ 11.778759, 46.17017 ], [ 11.779928, 46.169975 ], [ 11.781747, 46.168566 ], [ 11.783545, 46.167701 ], [ 11.78198, 46.166126 ], [ 11.780648, 46.164427 ], [ 11.784842, 46.161493 ], [ 11.787103, 46.160934 ], [ 11.790008, 46.159838 ], [ 11.791809, 46.158465 ], [ 11.793596, 46.157863 ], [ 11.795959, 46.156387 ], [ 11.797455, 46.15465 ], [ 11.800845, 46.154423 ], [ 11.802142, 46.152659 ], [ 11.803757, 46.150867 ], [ 11.803474, 46.150492 ], [ 11.804255, 46.148064 ], [ 11.804072, 46.147287 ], [ 11.802813, 46.145518 ], [ 11.804959, 46.144624 ], [ 11.805178, 46.14411 ], [ 11.804573, 46.142168 ], [ 11.806693, 46.140196 ], [ 11.808916, 46.13761 ], [ 11.810085, 46.136565 ], [ 11.810269, 46.135864 ], [ 11.811847, 46.134109 ], [ 11.812371, 46.13311 ], [ 11.815212, 46.132367 ], [ 11.81707, 46.132032 ], [ 11.819579, 46.130611 ], [ 11.81999, 46.127847 ], [ 11.820034, 46.12608 ], [ 11.821007, 46.125284 ], [ 11.822377, 46.123335 ], [ 11.822704, 46.122177 ], [ 11.8225, 46.121108 ], [ 11.822624, 46.119629 ], [ 11.825398, 46.111508 ], [ 11.827009, 46.107408 ] ] ] } },
{ "type": "Feature", "properties": { "com_altname": null, "com_area_code": "ITA", "com_capoluogo": "No", "com_code": "22081", "com_name": "Fai della Paganella", "com_name_lower": "fai della paganella", "com_name_upper": "FAI DELLA PAGANELLA", "com_type": "Comune", "geo_point_2d": { "lat": 46.17745171883698, "lon": 11.06045000990601 }, "prov_code": "22", "prov_name": "Trento", "reg_code": "4", "reg_name": "Trentino-Alto Adige", "rip_code": "2", "rip_name": "Nord-Est", "year": "2022" }, "geometry": { "type": "Polygon", "coordinates": [ [ [ 11.08393, 46.181799 ], [ 11.085049, 46.181567 ], [ 11.08632, 46.182058 ], [ 11.087065, 46.183116 ], [ 11.085704, 46.183724 ], [ 11.086985, 46.185021 ], [ 11.086628, 46.186692 ], [ 11.086203, 46.187423 ], [ 11.08755, 46.189874 ], [ 11.088727, 46.19014 ], [ 11.089604, 46.191078 ], [ 11.089668, 46.192658 ], [ 11.090674, 46.193275 ], [ 11.090813, 46.194886 ], [ 11.091179, 46.195398 ], [ 11.090303, 46.197893 ], [ 11.090246, 46.199779 ], [ 11.089071, 46.199655 ], [ 11.087348, 46.199873 ], [ 11.082675, 46.200688 ], [ 11.081705, 46.199974 ], [ 11.081723, 46.198878 ], [ 11.08094, 46.196767 ], [ 11.075877, 46.19651 ], [ 11.072978, 46.196491 ], [ 11.07133, 46.196311 ], [ 11.069895, 46.197665 ], [ 11.068198, 46.200328 ], [ 11.068172, 46.201255 ], [ 11.070037, 46.202337 ], [ 11.068722, 46.203691 ], [ 11.068083, 46.203968 ], [ 11.066714, 46.205581 ], [ 11.065567, 46.205841 ], [ 11.065833, 46.204814 ], [ 11.065379, 46.200106 ], [ 11.063608, 46.196499 ], [ 11.062691, 46.195841 ], [ 11.058937, 46.193668 ], [ 11.057792, 46.192374 ], [ 11.056612, 46.19053 ], [ 11.05385, 46.190233 ], [ 11.051284, 46.189601 ], [ 11.047729, 46.190328 ], [ 11.046484, 46.190418 ], [ 11.045484, 46.190097 ], [ 11.045721, 46.190094 ], [ 11.046498, 46.187278 ], [ 11.047347, 46.184995 ], [ 11.045238, 46.18369 ], [ 11.042748, 46.183065 ], [ 11.041597, 46.180963 ], [ 11.041215, 46.179203 ], [ 11.040009, 46.178185 ], [ 11.039068, 46.178747 ], [ 11.035555, 46.178127 ], [ 11.034281, 46.177734 ], [ 11.033063, 46.177019 ], [ 11.029773, 46.176062 ], [ 11.029876, 46.175015 ], [ 11.029336, 46.174504 ], [ 11.026637, 46.174322 ], [ 11.026521, 46.173838 ], [ 11.027114, 46.171403 ], [ 11.027624, 46.168552 ], [ 11.029049, 46.169668 ], [ 11.030389, 46.169731 ], [ 11.032441, 46.170288 ], [ 11.033859, 46.171357 ], [ 11.03694, 46.172343 ], [ 11.036983, 46.172754 ], [ 11.039822, 46.174111 ], [ 11.040548, 46.173052 ], [ 11.041615, 46.173773 ], [ 11.045246, 46.174991 ], [ 11.046091, 46.17444 ], [ 11.04699, 46.174481 ], [ 11.047503, 46.175322 ], [ 11.049226, 46.175852 ], [ 11.050028, 46.175399 ], [ 11.051391, 46.175522 ], [ 11.051831, 46.175001 ], [ 11.049109, 46.172452 ], [ 11.047944, 46.171218 ], [ 11.046203, 46.169716 ], [ 11.046277, 46.168208 ], [ 11.045725, 46.166529 ], [ 11.045929, 46.165593 ], [ 11.045184, 46.164075 ], [ 11.043804, 46.162419 ], [ 11.043377, 46.161536 ], [ 11.042841, 46.158312 ], [ 11.040207, 46.157139 ], [ 11.038051, 46.154499 ], [ 11.037722, 46.153807 ], [ 11.037497, 46.149655 ], [ 11.037862, 46.14838 ], [ 11.037688, 46.144384 ], [ 11.036919, 46.141802 ], [ 11.04107, 46.141006 ], [ 11.041844, 46.142897 ], [ 11.04339, 46.143266 ], [ 11.045227, 46.142812 ], [ 11.045906, 46.141443 ], [ 11.047195, 46.141686 ], [ 11.048035, 46.142559 ], [ 11.048396, 46.143445 ], [ 11.04998, 46.144326 ], [ 11.050692, 46.145087 ], [ 11.049497, 46.145907 ], [ 11.048126, 46.14661 ], [ 11.047124, 46.148285 ], [ 11.047198, 46.148806 ], [ 11.048218, 46.149398 ], [ 11.049855, 46.149883 ], [ 11.052069, 46.151468 ], [ 11.051682, 46.151779 ], [ 11.051398, 46.153096 ], [ 11.052078, 46.154019 ], [ 11.051547, 46.155924 ], [ 11.052201, 46.157621 ], [ 11.053284, 46.158526 ], [ 11.053724, 46.160856 ], [ 11.05344, 46.162121 ], [ 11.053975, 46.163897 ], [ 11.053914, 46.166415 ], [ 11.055703, 46.167065 ], [ 11.055834, 46.168688 ], [ 11.059863, 46.169736 ], [ 11.060252, 46.170499 ], [ 11.061837, 46.171923 ], [ 11.064398, 46.17078 ], [ 11.065809, 46.170555 ], [ 11.066712, 46.169548 ], [ 11.067756, 46.169398 ], [ 11.068708, 46.168832 ], [ 11.069564, 46.168813 ], [ 11.070838, 46.1677 ], [ 11.071771, 46.168403 ], [ 11.07312, 46.170384 ], [ 11.074716, 46.171348 ], [ 11.075288, 46.172081 ], [ 11.076393, 46.172652 ], [ 11.077052, 46.174107 ], [ 11.078007, 46.175255 ], [ 11.080174, 46.176487 ], [ 11.080939, 46.176344 ], [ 11.082682, 46.176878 ], [ 11.083989, 46.177512 ], [ 11.084392, 46.179522 ], [ 11.083559, 46.180119 ], [ 11.084612, 46.181216 ], [ 11.08393, 46.181799 ] ] ] } },
{ "type": "Feature", "properties": { "com_altname": null, "com_area_code": "ITA", "com_capoluogo": "No", "com_code": "22087", "com_name": "Folgaria", "com_name_lower": "folgaria", "com_name_upper": "FOLGARIA", "com_type": "Comune", "geo_point_2d": { "lat": 45.90870113110184, "lon": 11.199198686279844 }, "prov_code": "22", "prov_name": "Trento", "reg_code": "4", "reg_name": "Trentino-Alto Adige", "rip_code": "2", "rip_name": "Nord-Est", "year": "2022" }, "geometry": { "type": "Polygon", "coordinates": [ [ [ 11.23686, 45.954502 ], [ 11.234573, 45.954924 ], [ 11.233523, 45.956193 ], [ 11.231863, 45.95553 ], [ 11.232368, 45.954539 ], [ 11.230016, 45.95216 ], [ 11.22912, 45.952123 ], [ 11.228703, 45.951419 ], [ 11.227249, 45.95134 ], [ 11.22765, 45.950239 ], [ 11.225344, 45.949186 ], [ 11.224247, 45.949094 ], [ 11.222961, 45.948036 ], [ 11.222867, 45.946508 ], [ 11.222054, 45.945807 ], [ 11.219861, 45.94561 ], [ 11.217003, 45.945822 ], [ 11.214378, 45.945825 ], [ 11.213893, 45.946391 ], [ 11.212367, 45.94703 ], [ 11.210241, 45.947493 ], [ 11.208966, 45.94683 ], [ 11.208358, 45.94607 ], [ 11.206385, 45.945433 ], [ 11.203692, 45.944911 ], [ 11.202583, 45.944272 ], [ 11.198908, 45.941576 ], [ 11.19328, 45.937969 ], [ 11.192414, 45.938091 ], [ 11.19069, 45.939047 ], [ 11.190384, 45.939483 ], [ 11.186556, 45.94168 ], [ 11.185874, 45.942586 ], [ 11.185522, 45.944516 ], [ 11.183544, 45.944743 ], [ 11.17251, 45.942956 ], [ 11.169497, 45.942648 ], [ 11.168619, 45.942923 ], [ 11.166886, 45.942875 ], [ 11.165128, 45.943132 ], [ 11.16352, 45.942306 ], [ 11.160006, 45.940184 ], [ 11.159542, 45.939152 ], [ 11.15798, 45.937861 ], [ 11.154646, 45.936755 ], [ 11.151966, 45.934478 ], [ 11.150391, 45.933599 ], [ 11.149424, 45.933693 ], [ 11.147574, 45.932326 ], [ 11.147488, 45.931696 ], [ 11.144312, 45.931002 ], [ 11.143875, 45.931296 ], [ 11.141652, 45.931432 ], [ 11.13974, 45.930428 ], [ 11.137638, 45.929633 ], [ 11.136438, 45.928145 ], [ 11.135691, 45.927674 ], [ 11.13432, 45.926204 ], [ 11.131992, 45.926048 ], [ 11.130907, 45.926175 ], [ 11.12933, 45.924337 ], [ 11.129528, 45.923795 ], [ 11.127727, 45.922361 ], [ 11.127124, 45.92268 ], [ 11.124214, 45.921716 ], [ 11.125749, 45.92039 ], [ 11.125152, 45.919987 ], [ 11.124692, 45.918674 ], [ 11.125209, 45.917782 ], [ 11.124771, 45.91577 ], [ 11.124405, 45.915306 ], [ 11.123707, 45.91299 ], [ 11.121909, 45.911368 ], [ 11.12099, 45.909735 ], [ 11.120082, 45.907552 ], [ 11.11941, 45.904771 ], [ 11.118569, 45.90227 ], [ 11.118343, 45.901003 ], [ 11.11972, 45.901198 ], [ 11.120925, 45.900914 ], [ 11.12131, 45.900205 ], [ 11.122019, 45.897401 ], [ 11.12207, 45.89641 ], [ 11.124014, 45.893953 ], [ 11.127132, 45.894582 ], [ 11.128506, 45.895098 ], [ 11.129668, 45.894119 ], [ 11.132043, 45.893515 ], [ 11.133758, 45.892723 ], [ 11.134663, 45.891955 ], [ 11.135981, 45.891309 ], [ 11.136609, 45.891406 ], [ 11.138501, 45.891015 ], [ 11.14038, 45.890283 ], [ 11.142742, 45.89036 ], [ 11.144291, 45.890078 ], [ 11.147024, 45.888375 ], [ 11.152402, 45.888258 ], [ 11.153874, 45.887755 ], [ 11.159122, 45.886465 ], [ 11.160575, 45.886317 ], [ 11.161949, 45.886552 ], [ 11.168318, 45.886055 ], [ 11.169973, 45.887276 ], [ 11.174556, 45.888241 ], [ 11.176238, 45.887902 ], [ 11.179263, 45.887762 ], [ 11.181055, 45.887183 ], [ 11.185874, 45.883869 ], [ 11.187754, 45.88209 ], [ 11.188221, 45.881109 ], [ 11.188435, 45.878694 ], [ 11.189807, 45.878095 ], [ 11.190812, 45.878247 ], [ 11.195099, 45.877222 ], [ 11.197491, 45.877115 ], [ 11.199296, 45.877315 ], [ 11.200738, 45.877187 ], [ 11.202264, 45.876466 ], [ 11.203998, 45.876044 ], [ 11.204484, 45.875434 ], [ 11.206075, 45.874698 ], [ 11.208492, 45.873088 ], [ 11.209443, 45.873203 ], [ 11.210757, 45.872217 ], [ 11.212636, 45.870055 ], [ 11.212107, 45.867925 ], [ 11.213521, 45.867228 ], [ 11.214592, 45.865745 ], [ 11.215589, 45.865215 ], [ 11.216122, 45.86444 ], [ 11.216195, 45.863382 ], [ 11.215629, 45.861751 ], [ 11.216654, 45.860887 ], [ 11.217236, 45.858789 ], [ 11.218274, 45.857651 ], [ 11.21855, 45.856536 ], [ 11.218209, 45.854852 ], [ 11.22006, 45.853147 ], [ 11.220193, 45.85167 ], [ 11.221298, 45.850351 ], [ 11.221861, 45.84896 ], [ 11.227612, 45.848821 ], [ 11.228831, 45.850319 ], [ 11.233485, 45.853009 ], [ 11.234902, 45.854601 ], [ 11.236023, 45.855255 ], [ 11.239324, 45.855982 ], [ 11.244364, 45.876946 ], [ 11.243986, 45.877038 ], [ 11.241482, 45.87579 ], [ 11.240651, 45.875551 ], [ 11.239923, 45.875983 ], [ 11.239638, 45.877393 ], [ 11.238883, 45.878134 ], [ 11.237084, 45.878398 ], [ 11.235185, 45.878038 ], [ 11.23485, 45.879657 ], [ 11.237683, 45.88096 ], [ 11.240666, 45.882553 ], [ 11.243567, 45.88474 ], [ 11.246441, 45.886439 ], [ 11.250448, 45.884494 ], [ 11.253062, 45.884131 ], [ 11.255081, 45.884007 ], [ 11.254852, 45.888633 ], [ 11.254635, 45.891237 ], [ 11.253447, 45.89298 ], [ 11.249366, 45.898471 ], [ 11.248972, 45.899251 ], [ 11.251709, 45.900625 ], [ 11.256375, 45.902725 ], [ 11.259452, 45.90365 ], [ 11.260365, 45.905755 ], [ 11.260665, 45.908233 ], [ 11.260345, 45.910242 ], [ 11.260495, 45.9113 ], [ 11.261099, 45.912974 ], [ 11.261337, 45.916306 ], [ 11.262747, 45.917572 ], [ 11.259334, 45.919066 ], [ 11.258161, 45.920228 ], [ 11.258323, 45.920678 ], [ 11.257222, 45.920847 ], [ 11.257632, 45.922006 ], [ 11.259643, 45.922016 ], [ 11.261067, 45.922498 ], [ 11.261866, 45.924651 ], [ 11.261698, 45.925258 ], [ 11.263731, 45.927048 ], [ 11.264164, 45.928357 ], [ 11.263456, 45.928721 ], [ 11.261112, 45.928935 ], [ 11.258942, 45.93092 ], [ 11.257265, 45.931573 ], [ 11.256243, 45.931278 ], [ 11.255407, 45.931599 ], [ 11.254972, 45.933752 ], [ 11.25273, 45.933379 ], [ 11.251807, 45.933916 ], [ 11.251702, 45.934573 ], [ 11.250955, 45.935318 ], [ 11.248986, 45.936376 ], [ 11.248322, 45.937117 ], [ 11.246089, 45.937105 ], [ 11.245513, 45.938213 ], [ 11.244942, 45.938341 ], [ 11.24435, 45.939884 ], [ 11.243597, 45.940955 ], [ 11.242661, 45.941155 ], [ 11.243788, 45.943023 ], [ 11.244123, 45.944141 ], [ 11.243755, 45.946718 ], [ 11.241988, 45.946821 ], [ 11.241199, 45.947767 ], [ 11.241423, 45.948308 ], [ 11.242787, 45.948765 ], [ 11.240934, 45.950829 ], [ 11.240664, 45.951867 ], [ 11.239514, 45.954138 ], [ 11.23686, 45.954502 ] ] ] } },
{ "type": "Feature", "properties": { "com_altname": null, "com_area_code": "ITA", "com_capoluogo": "No", "com_code": "22026", "com_name": "Bresimo", "com_name_lower": "bresimo", "com_name_upper": "BRESIMO", "com_type": "Comune", "geo_point_2d": { "lat": 46.42274492803171, "lon": 10.924173496456742 }, "prov_code": "22", "prov_name": "Trento", "reg_code": "4", "reg_name": "Trentino-Alto Adige", "rip_code": "2", "rip_name": "Nord-Est", "year": "2022" }, "geometry": { "type": "Polygon", "coordinates": [ [ [ 10.99033, 46.411549 ], [ 10.989454, 46.412509 ], [ 10.98962, 46.414225 ], [ 10.98926, 46.415041 ], [ 10.987935, 46.41654 ], [ 10.987337, 46.418701 ], [ 10.985514, 46.420839 ], [ 10.98514, 46.423069 ], [ 10.984501, 46.423764 ], [ 10.98247, 46.424816 ], [ 10.980743, 46.425287 ], [ 10.978936, 46.426047 ], [ 10.976764, 46.425734 ], [ 10.973673, 46.425562 ], [ 10.972041, 46.42577 ], [ 10.970051, 46.426903 ], [ 10.968482, 46.428865 ], [ 10.967103, 46.431408 ], [ 10.967067, 46.434388 ], [ 10.963876, 46.434704 ], [ 10.961625, 46.435813 ], [ 10.960894, 46.436843 ], [ 10.959264, 46.436052 ], [ 10.957685, 46.436304 ], [ 10.956472, 46.436964 ], [ 10.954844, 46.438386 ], [ 10.954609, 46.439821 ], [ 10.954991, 46.440319 ], [ 10.953806, 46.44177 ], [ 10.953214, 46.443049 ], [ 10.950389, 46.443781 ], [ 10.948558, 46.44573 ], [ 10.946585, 46.448103 ], [ 10.943773, 46.448844 ], [ 10.941978, 46.44963 ], [ 10.940853, 46.449848 ], [ 10.940222, 46.450785 ], [ 10.93808, 46.451317 ], [ 10.936842, 46.45204 ], [ 10.934492, 46.452601 ], [ 10.932208, 46.453558 ], [ 10.930884, 46.45281 ], [ 10.929241, 46.452501 ], [ 10.928896, 46.451571 ], [ 10.92619, 46.451275 ], [ 10.924608, 46.450725 ], [ 10.923328, 46.449338 ], [ 10.921627, 46.448156 ], [ 10.917105, 46.446593 ], [ 10.915148, 46.444962 ], [ 10.913044, 46.443998 ], [ 10.911694, 46.443742 ], [ 10.906714, 46.444284 ], [ 10.902709, 46.444054 ], [ 10.901521, 46.444326 ], [ 10.899481, 46.44409 ], [ 10.897646, 46.444111 ], [ 10.892223, 46.444651 ], [ 10.887159, 46.446922 ], [ 10.885402, 46.449201 ], [ 10.884455, 46.450809 ], [ 10.883633, 46.451156 ], [ 10.880624, 46.450381 ], [ 10.879735, 46.446477 ], [ 10.874758, 46.445605 ], [ 10.870417, 46.444695 ], [ 10.868618, 46.441592 ], [ 10.86562, 46.438041 ], [ 10.861324, 46.436131 ], [ 10.8623, 46.433838 ], [ 10.863776, 46.431681 ], [ 10.861816, 46.428797 ], [ 10.861373, 46.426492 ], [ 10.860547, 46.425929 ], [ 10.859006, 46.423848 ], [ 10.861126, 46.422662 ], [ 10.862791, 46.422257 ], [ 10.86414, 46.421371 ], [ 10.868468, 46.420814 ], [ 10.871431, 46.421081 ], [ 10.873058, 46.421459 ], [ 10.876147, 46.420085 ], [ 10.879672, 46.418902 ], [ 10.882206, 46.417655 ], [ 10.882879, 46.416807 ], [ 10.884103, 46.416085 ], [ 10.884762, 46.414418 ], [ 10.884635, 46.413772 ], [ 10.885078, 46.412262 ], [ 10.887362, 46.410595 ], [ 10.887388, 46.409073 ], [ 10.887961, 46.407948 ], [ 10.887963, 46.406139 ], [ 10.889579, 46.405095 ], [ 10.890954, 46.404596 ], [ 10.893606, 46.404543 ], [ 10.895081, 46.404284 ], [ 10.896638, 46.402287 ], [ 10.897307, 46.402825 ], [ 10.900953, 46.404061 ], [ 10.902523, 46.403945 ], [ 10.905337, 46.403295 ], [ 10.907433, 46.402963 ], [ 10.907657, 46.40268 ], [ 10.907138, 46.401213 ], [ 10.908351, 46.398592 ], [ 10.908538, 46.3974 ], [ 10.910045, 46.39549 ], [ 10.910761, 46.395006 ], [ 10.913006, 46.394945 ], [ 10.915126, 46.393839 ], [ 10.915889, 46.393697 ], [ 10.916414, 46.391312 ], [ 10.917779, 46.390153 ], [ 10.920503, 46.390993 ], [ 10.923868, 46.391599 ], [ 10.924363, 46.3919 ], [ 10.925646, 46.391657 ], [ 10.927759, 46.391757 ], [ 10.928304, 46.392036 ], [ 10.929784, 46.39378 ], [ 10.929979, 46.394544 ], [ 10.931326, 46.395966 ], [ 10.93225, 46.396153 ], [ 10.93337, 46.39686 ], [ 10.939155, 46.397825 ], [ 10.940922, 46.397931 ], [ 10.943638, 46.398463 ], [ 10.945077, 46.398479 ], [ 10.946329, 46.398782 ], [ 10.950001, 46.39882 ], [ 10.952754, 46.39957 ], [ 10.953443, 46.399909 ], [ 10.955649, 46.399119 ], [ 10.956884, 46.398919 ], [ 10.969277, 46.399628 ], [ 10.971558, 46.400111 ], [ 10.973226, 46.401279 ], [ 10.974473, 46.401582 ], [ 10.976102, 46.403083 ], [ 10.976218, 46.404503 ], [ 10.974951, 46.408323 ], [ 10.974799, 46.409181 ], [ 10.97941, 46.410028 ], [ 10.980921, 46.410803 ], [ 10.982114, 46.410692 ], [ 10.98436, 46.411265 ], [ 10.985811, 46.411456 ], [ 10.99033, 46.411549 ] ] ] } },
{ "type": "Feature", "properties": { "com_altname": null, "com_area_code": "ITA", "com_capoluogo": "No", "com_code": "22252", "com_name": "Borgo d'Anaunia", "com_name_lower": "borgo d'anaunia", "com_name_upper": "BORGO D'ANAUNIA", "com_type": "Comune", "geo_point_2d": { "lat": 46.47323938838009, "lon": 11.13833467782358 }, "prov_code": "22", "prov_name": "Trento", "reg_code": "4", "reg_name": "Trentino-Alto Adige", "rip_code": "2", "rip_name": "Nord-Est", "year": "2022" }, "geometry": { "type": "MultiPolygon", "coordinates": [ [ [ [ 11.21224, 46.477388 ], [ 11.212202, 46.478493 ], [ 11.21306, 46.480011 ], [ 11.212805, 46.480394 ], [ 11.211143, 46.481025 ], [ 11.212363, 46.481644 ], [ 11.212077, 46.483468 ], [ 11.211302, 46.485166 ], [ 11.209863, 46.48644 ], [ 11.210106, 46.489257 ], [ 11.210818, 46.490858 ], [ 11.210256, 46.493785 ], [ 11.209618, 46.4947 ], [ 11.208304, 46.495843 ], [ 11.206155, 46.49696 ], [ 11.203678, 46.49794 ], [ 11.20031, 46.498486 ], [ 11.199734, 46.499364 ], [ 11.199682, 46.500362 ], [ 11.199134, 46.501435 ], [ 11.196318, 46.503989 ], [ 11.195385, 46.504271 ], [ 11.193994, 46.501857 ], [ 11.193074, 46.502033 ], [ 11.193144, 46.503284 ], [ 11.192484, 46.504273 ], [ 11.191011, 46.503824 ], [ 11.190165, 46.506593 ], [ 11.187085, 46.508729 ], [ 11.185964, 46.509269 ], [ 11.184339, 46.504813 ], [ 11.181833, 46.502704 ], [ 11.179516, 46.499608 ], [ 11.178606, 46.498771 ], [ 11.175271, 46.497741 ], [ 11.17289, 46.497358 ], [ 11.170618, 46.497569 ], [ 11.16973, 46.497456 ], [ 11.165619, 46.495157 ], [ 11.164656, 46.494725 ], [ 11.163608, 46.493733 ], [ 11.162881, 46.493485 ], [ 11.161603, 46.491971 ], [ 11.16145, 46.490871 ], [ 11.160443, 46.488915 ], [ 11.159888, 46.488624 ], [ 11.15732, 46.488208 ], [ 11.155509, 46.48692 ], [ 11.152076, 46.486156 ], [ 11.150294, 46.4856 ], [ 11.149129, 46.4856 ], [ 11.146707, 46.486014 ], [ 11.145061, 46.486715 ], [ 11.138602, 46.484816 ], [ 11.13727, 46.483955 ], [ 11.13712, 46.483198 ], [ 11.134028, 46.482616 ], [ 11.131489, 46.482519 ], [ 11.129679, 46.481629 ], [ 11.129099, 46.482758 ], [ 11.126625, 46.484419 ], [ 11.126228, 46.485853 ], [ 11.125652, 46.486646 ], [ 11.124153, 46.487305 ], [ 11.124095, 46.488287 ], [ 11.122834, 46.48979 ], [ 11.122459, 46.490656 ], [ 11.120578, 46.490907 ], [ 11.120334, 46.491339 ], [ 11.116565, 46.492602 ], [ 11.116211, 46.493666 ], [ 11.114016, 46.495428 ], [ 11.112215, 46.495598 ], [ 11.111725, 46.497088 ], [ 11.111102, 46.497599 ], [ 11.109513, 46.49738 ], [ 11.106079, 46.495846 ], [ 11.104394, 46.496018 ], [ 11.103515, 46.496964 ], [ 11.101181, 46.497562 ], [ 11.095757, 46.499786 ], [ 11.089447, 46.501848 ], [ 11.088491, 46.503041 ], [ 11.08821, 46.507806 ], [ 11.088302, 46.50895 ], [ 11.088946, 46.51068 ], [ 11.089073, 46.511855 ], [ 11.088819, 46.512821 ], [ 11.086456, 46.515213 ], [ 11.086181, 46.516239 ], [ 11.086204, 46.518188 ], [ 11.086967, 46.518984 ], [ 11.086912, 46.519844 ], [ 11.085969, 46.521622 ], [ 11.084974, 46.523979 ], [ 11.084766, 46.525504 ], [ 11.083043, 46.527642 ], [ 11.083396, 46.530383 ], [ 11.082426, 46.531375 ], [ 11.080299, 46.531077 ], [ 11.07973, 46.530658 ], [ 11.074876, 46.528287 ], [ 11.07147, 46.525992 ], [ 11.070446, 46.525432 ], [ 11.066686, 46.524175 ], [ 11.064625, 46.522351 ], [ 11.062931, 46.519731 ], [ 11.061439, 46.517675 ], [ 11.058301, 46.515983 ], [ 11.050903, 46.51661 ], [ 11.044093, 46.516815 ], [ 11.040511, 46.515237 ], [ 11.035275, 46.514133 ], [ 11.034601, 46.513779 ], [ 11.037041, 46.512688 ], [ 11.045715, 46.508542 ], [ 11.049006, 46.507042 ], [ 11.049997, 46.506576 ], [ 11.052791, 46.504568 ], [ 11.056809, 46.502286 ], [ 11.058023, 46.50102 ], [ 11.060645, 46.499864 ], [ 11.061759, 46.49954 ], [ 11.062984, 46.498686 ], [ 11.063407, 46.495813 ], [ 11.064153, 46.492865 ], [ 11.067395, 46.491096 ], [ 11.069349, 46.49062 ], [ 11.071351, 46.48945 ], [ 11.074223, 46.488418 ], [ 11.076076, 46.487203 ], [ 11.078478, 46.48501 ], [ 11.078724, 46.484366 ], [ 11.081567, 46.481059 ], [ 11.086463, 46.480065 ], [ 11.088094, 46.480305 ], [ 11.090158, 46.479556 ], [ 11.092149, 46.478134 ], [ 11.094702, 46.477651 ], [ 11.098025, 46.476798 ], [ 11.101717, 46.474993 ], [ 11.102033, 46.4742 ], [ 11.102563, 46.470334 ], [ 11.102644, 46.467488 ], [ 11.102876, 46.466525 ], [ 11.102791, 46.465177 ], [ 11.103186, 46.464351 ], [ 11.103529, 46.462184 ], [ 11.104505, 46.460132 ], [ 11.106085, 46.459406 ], [ 11.109951, 46.457152 ], [ 11.110333, 46.455276 ], [ 11.109438, 46.453661 ], [ 11.110033, 46.452237 ], [ 11.109672, 46.451325 ], [ 11.11038, 46.450192 ], [ 11.109977, 46.448476 ], [ 11.110893, 46.447217 ], [ 11.110377, 46.446236 ], [ 11.112221, 46.445194 ], [ 11.112498, 46.4446 ], [ 11.111825, 46.444113 ], [ 11.112218, 46.442787 ], [ 11.111602, 46.442312 ], [ 11.112457, 46.441707 ], [ 11.112627, 46.44066 ], [ 11.113921, 46.439543 ], [ 11.114446, 46.438727 ], [ 11.11616, 46.437256 ], [ 11.116535, 46.436151 ], [ 11.115424, 46.435321 ], [ 11.115459, 46.434551 ], [ 11.11447, 46.43357 ], [ 11.114692, 46.432558 ], [ 11.115452, 46.432436 ], [ 11.116058, 46.431219 ], [ 11.115658, 46.43015 ], [ 11.114543, 46.428659 ], [ 11.11321, 46.428306 ], [ 11.112628, 46.427313 ], [ 11.111344, 46.427215 ], [ 11.110268, 46.426641 ], [ 11.110145, 46.426022 ], [ 11.110883, 46.425374 ], [ 11.111889, 46.42383 ], [ 11.114625, 46.424464 ], [ 11.116569, 46.424014 ], [ 11.116981, 46.423601 ], [ 11.119397, 46.423016 ], [ 11.123094, 46.424334 ], [ 11.125628, 46.424566 ], [ 11.126374, 46.425047 ], [ 11.127484, 46.424689 ], [ 11.129331, 46.426027 ], [ 11.12915, 46.427443 ], [ 11.130425, 46.428855 ], [ 11.132225, 46.428668 ], [ 11.133653, 46.427805 ], [ 11.134396, 46.426342 ], [ 11.135021, 46.426636 ], [ 11.135667, 46.427632 ], [ 11.136629, 46.428113 ], [ 11.13786, 46.428054 ], [ 11.138342, 46.428986 ], [ 11.139519, 46.429297 ], [ 11.141147, 46.429199 ], [ 11.14259, 46.427862 ], [ 11.144665, 46.428161 ], [ 11.145854, 46.42763 ], [ 11.14947, 46.428687 ], [ 11.150897, 46.428471 ], [ 11.152181, 46.428888 ], [ 11.152858, 46.429523 ], [ 11.156816, 46.430299 ], [ 11.162121, 46.431108 ], [ 11.162584, 46.432139 ], [ 11.163004, 46.434754 ], [ 11.165643, 46.434144 ], [ 11.167919, 46.433869 ], [ 11.171399, 46.433826 ], [ 11.172315, 46.433934 ], [ 11.171598, 46.436652 ], [ 11.167522, 46.437805 ], [ 11.164195, 46.439538 ], [ 11.164791, 46.440822 ], [ 11.166246, 46.442347 ], [ 11.167582, 46.443173 ], [ 11.168532, 46.443159 ], [ 11.170149, 46.440815 ], [ 11.170674, 46.440337 ], [ 11.172786, 46.440743 ], [ 11.173891, 46.441374 ], [ 11.175354, 46.442782 ], [ 11.173356, 46.442676 ], [ 11.174054, 46.445061 ], [ 11.175559, 46.446027 ], [ 11.179725, 46.449154 ], [ 11.179929, 46.450057 ], [ 11.17657, 46.450634 ], [ 11.170718, 46.453242 ], [ 11.171347, 46.453919 ], [ 11.173658, 46.454847 ], [ 11.176592, 46.455403 ], [ 11.177284, 46.455984 ], [ 11.17904, 46.456338 ], [ 11.1801, 46.456142 ], [ 11.182118, 46.456382 ], [ 11.183604, 46.45715 ], [ 11.185752, 46.457415 ], [ 11.187088, 46.458335 ], [ 11.188721, 46.458065 ], [ 11.191845, 46.458676 ], [ 11.194071, 46.458966 ], [ 11.195121, 46.459652 ], [ 11.197607, 46.460077 ], [ 11.199999, 46.461503 ], [ 11.202369, 46.464508 ], [ 11.205807, 46.46824 ], [ 11.206296, 46.47044 ], [ 11.207841, 46.471841 ], [ 11.206111, 46.476041 ], [ 11.207837, 46.476782 ], [ 11.209812, 46.476654 ], [ 11.21224, 46.477388 ] ] ], [ [ [ 11.216971, 46.443691 ], [ 11.21651, 46.446016 ], [ 11.216111, 46.447164 ], [ 11.216239, 46.447927 ], [ 11.215822, 46.448934 ], [ 11.214178, 46.450097 ], [ 11.212957, 46.450547 ], [ 11.212692, 46.449111 ], [ 11.210479, 46.448962 ], [ 11.208511, 46.449344 ], [ 11.207649, 46.450342 ], [ 11.206859, 46.44974 ], [ 11.205843, 46.450098 ], [ 11.204728, 46.44856 ], [ 11.203287, 46.449046 ], [ 11.202386, 46.448987 ], [ 11.201852, 46.449587 ], [ 11.200998, 46.448712 ], [ 11.198896, 46.448744 ], [ 11.197185, 46.447359 ], [ 11.196377, 46.447172 ], [ 11.195006, 46.447478 ], [ 11.194597, 46.446973 ], [ 11.192668, 46.446654 ], [ 11.190471, 46.445688 ], [ 11.188764, 46.445361 ], [ 11.186808, 46.445524 ], [ 11.186773, 46.444652 ], [ 11.188108, 46.444127 ], [ 11.188188, 46.443333 ], [ 11.189469, 46.443138 ], [ 11.190857, 46.442288 ], [ 11.190483, 46.441472 ], [ 11.189715, 46.441234 ], [ 11.187666, 46.44135 ], [ 11.186737, 46.441062 ], [ 11.185155, 46.441673 ], [ 11.18306, 46.441816 ], [ 11.182949, 46.440509 ], [ 11.181346, 46.440634 ], [ 11.180423, 46.4403 ], [ 11.180783, 46.438386 ], [ 11.178927, 46.438686 ], [ 11.17858, 46.437469 ], [ 11.177435, 46.437302 ], [ 11.175693, 46.436593 ], [ 11.175826, 46.435767 ], [ 11.175406, 46.433759 ], [ 11.17633, 46.431621 ], [ 11.178302, 46.432205 ], [ 11.178536, 46.432817 ], [ 11.180182, 46.433798 ], [ 11.181181, 46.433891 ], [ 11.182331, 46.434932 ], [ 11.184048, 46.435479 ], [ 11.18434, 46.436239 ], [ 11.18637, 46.4362 ], [ 11.189297, 46.43739 ], [ 11.190713, 46.438272 ], [ 11.19198, 46.438464 ], [ 11.191902, 46.438992 ], [ 11.193171, 46.439071 ], [ 11.193702, 46.440127 ], [ 11.194715, 46.439946 ], [ 11.197769, 46.438978 ], [ 11.198815, 46.438954 ], [ 11.200069, 46.439523 ], [ 11.20271, 46.440274 ], [ 11.203604, 46.441174 ], [ 11.204721, 46.440667 ], [ 11.206049, 46.44092 ], [ 11.206758, 46.442117 ], [ 11.208604, 46.441933 ], [ 11.210628, 46.441232 ], [ 11.21187, 46.441645 ], [ 11.214359, 46.441898 ], [ 11.214515, 46.442813 ], [ 11.215356, 46.44385 ], [ 11.216971, 46.443691 ] ] ] ] } },
{ "type": "Feature", "properties": { "com_altname": null, "com_area_code": "ITA", "com_capoluogo": "No", "com_code": "22133", "com_name": "Palù del Fersina", "com_name_lower": "palù del fersina", "com_name_upper": "PALÙ DEL FERSINA", "com_type": "Comune", "geo_point_2d": { "lat": 46.133565841498154, "lon": 11.366894888207497 }, "prov_code": "22", "prov_name": "Trento", "reg_code": "4", "reg_name": "Trentino-Alto Adige", "rip_code": "2", "rip_name": "Nord-Est", "year": "2022" }, "geometry": { "type": "Polygon", "coordinates": [ [ [ 11.375703, 46.105152 ], [ 11.377021, 46.105165 ], [ 11.37923, 46.105749 ], [ 11.380217, 46.10641 ], [ 11.380992, 46.106478 ], [ 11.38263, 46.107151 ], [ 11.382642, 46.108386 ], [ 11.383705, 46.10899 ], [ 11.383827, 46.109544 ], [ 11.385264, 46.110864 ], [ 11.384968, 46.112536 ], [ 11.385395, 46.113495 ], [ 11.387265, 46.114138 ], [ 11.389717, 46.11617 ], [ 11.390944, 46.116254 ], [ 11.392366, 46.11586 ], [ 11.393746, 46.115072 ], [ 11.393725, 46.116625 ], [ 11.396014, 46.119013 ], [ 11.397803, 46.119887 ], [ 11.39935, 46.120889 ], [ 11.399519, 46.121783 ], [ 11.398858, 46.123328 ], [ 11.399238, 46.125379 ], [ 11.398445, 46.12808 ], [ 11.400717, 46.12931 ], [ 11.40224, 46.131195 ], [ 11.402774, 46.132333 ], [ 11.400797, 46.133056 ], [ 11.398001, 46.133875 ], [ 11.396877, 46.135097 ], [ 11.395623, 46.135189 ], [ 11.390382, 46.13631 ], [ 11.388815, 46.136465 ], [ 11.388717, 46.138212 ], [ 11.387949, 46.141029 ], [ 11.38614, 46.14268 ], [ 11.385287, 46.144853 ], [ 11.384231, 46.146696 ], [ 11.381086, 46.146881 ], [ 11.38093, 46.148404 ], [ 11.380228, 46.15014 ], [ 11.379094, 46.151311 ], [ 11.378219, 46.151432 ], [ 11.375261, 46.153736 ], [ 11.37455, 46.15548 ], [ 11.371605, 46.157425 ], [ 11.369728, 46.157585 ], [ 11.366433, 46.157546 ], [ 11.364055, 46.15449 ], [ 11.363444, 46.154043 ], [ 11.36124, 46.153416 ], [ 11.358052, 46.153182 ], [ 11.356298, 46.151872 ], [ 11.352132, 46.149106 ], [ 11.350325, 46.149007 ], [ 11.347861, 46.148512 ], [ 11.346175, 46.147464 ], [ 11.345003, 46.14699 ], [ 11.340241, 46.146416 ], [ 11.337546, 46.145853 ], [ 11.334764, 46.144346 ], [ 11.33137, 46.139936 ], [ 11.330674, 46.139316 ], [ 11.327218, 46.137648 ], [ 11.324057, 46.135974 ], [ 11.32344, 46.135785 ], [ 11.324784, 46.13519 ], [ 11.325735, 46.133752 ], [ 11.32883, 46.131097 ], [ 11.332485, 46.127483 ], [ 11.33546, 46.125413 ], [ 11.336013, 46.125691 ], [ 11.336239, 46.127027 ], [ 11.337017, 46.127452 ], [ 11.338756, 46.127238 ], [ 11.341064, 46.127587 ], [ 11.343116, 46.127217 ], [ 11.344476, 46.127478 ], [ 11.346029, 46.126924 ], [ 11.346833, 46.127704 ], [ 11.347597, 46.127739 ], [ 11.348845, 46.126544 ], [ 11.350787, 46.125647 ], [ 11.35144, 46.124899 ], [ 11.356468, 46.124572 ], [ 11.356952, 46.124711 ], [ 11.360419, 46.124321 ], [ 11.361597, 46.124529 ], [ 11.365297, 46.123885 ], [ 11.366536, 46.12352 ], [ 11.367944, 46.1227 ], [ 11.369493, 46.121318 ], [ 11.37069, 46.120747 ], [ 11.371209, 46.120037 ], [ 11.371164, 46.11777 ], [ 11.369757, 46.116921 ], [ 11.369658, 46.114713 ], [ 11.370056, 46.113251 ], [ 11.370602, 46.11247 ], [ 11.372832, 46.110303 ], [ 11.373221, 46.108601 ], [ 11.375003, 46.106655 ], [ 11.375703, 46.105152 ] ] ] } },
{ "type": "Feature", "properties": { "com_altname": null, "com_area_code": "ITA", "com_capoluogo": "No", "com_code": "22224", "com_name": "Volano", "com_name_lower": "volano", "com_name_upper": "VOLANO", "com_type": "Comune", "geo_point_2d": { "lat": 45.91291532008065, "lon": 11.081051504738326 }, "prov_code": "22", "prov_name": "Trento", "reg_code": "4", "reg_name": "Trentino-Alto Adige", "rip_code": "2", "rip_name": "Nord-Est", "year": "2022" }, "geometry": { "type": "Polygon", "coordinates": [ [ [ 11.04644, 45.918959 ], [ 11.048768, 45.917243 ], [ 11.047188, 45.915142 ], [ 11.048328, 45.914097 ], [ 11.049619, 45.91357 ], [ 11.051812, 45.913045 ], [ 11.054806, 45.910183 ], [ 11.054949, 45.907368 ], [ 11.05549, 45.905659 ], [ 11.057765, 45.904784 ], [ 11.058409, 45.904106 ], [ 11.059441, 45.903822 ], [ 11.062368, 45.903906 ], [ 11.063159, 45.903055 ], [ 11.06394, 45.903301 ], [ 11.064475, 45.902334 ], [ 11.066704, 45.902074 ], [ 11.067613, 45.90335 ], [ 11.067809, 45.904771 ], [ 11.068743, 45.906307 ], [ 11.070521, 45.90756 ], [ 11.072678, 45.905769 ], [ 11.074745, 45.906583 ], [ 11.076878, 45.904226 ], [ 11.077559, 45.9038 ], [ 11.078517, 45.903886 ], [ 11.0798, 45.903448 ], [ 11.081628, 45.902375 ], [ 11.082704, 45.902187 ], [ 11.084456, 45.902542 ], [ 11.085395, 45.902271 ], [ 11.086557, 45.902623 ], [ 11.088029, 45.902563 ], [ 11.090555, 45.901791 ], [ 11.095693, 45.901648 ], [ 11.09796, 45.900944 ], [ 11.100615, 45.899664 ], [ 11.104689, 45.898221 ], [ 11.107442, 45.897468 ], [ 11.10891, 45.898768 ], [ 11.110066, 45.89926 ], [ 11.112015, 45.899672 ], [ 11.112597, 45.899521 ], [ 11.113864, 45.900808 ], [ 11.113961, 45.901576 ], [ 11.115283, 45.902553 ], [ 11.11504, 45.902905 ], [ 11.114509, 45.906555 ], [ 11.11327, 45.907078 ], [ 11.113808, 45.90914 ], [ 11.113418, 45.909818 ], [ 11.113074, 45.91147 ], [ 11.110312, 45.913248 ], [ 11.110886, 45.915093 ], [ 11.111006, 45.91633 ], [ 11.110351, 45.91687 ], [ 11.110225, 45.918828 ], [ 11.108911, 45.9185 ], [ 11.105705, 45.916787 ], [ 11.100503, 45.917915 ], [ 11.095815, 45.919931 ], [ 11.093012, 45.921278 ], [ 11.092007, 45.922691 ], [ 11.091126, 45.92297 ], [ 11.089694, 45.921475 ], [ 11.087393, 45.920447 ], [ 11.085085, 45.920887 ], [ 11.083752, 45.921856 ], [ 11.081678, 45.923764 ], [ 11.07804, 45.925105 ], [ 11.075311, 45.925774 ], [ 11.073035, 45.925791 ], [ 11.069931, 45.926305 ], [ 11.066062, 45.927522 ], [ 11.063395, 45.928598 ], [ 11.062299, 45.928693 ], [ 11.06163, 45.928568 ], [ 11.058894, 45.927109 ], [ 11.053419, 45.923868 ], [ 11.048714, 45.920206 ], [ 11.04644, 45.918959 ] ] ] } },
{ "type": "Feature", "properties": { "com_altname": null, "com_area_code": "ITA", "com_capoluogo": "No", "com_code": "22139", "com_name": "Pergine Valsugana", "com_name_lower": "pergine valsugana", "com_name_upper": "PERGINE VALSUGANA", "com_type": "Comune", "geo_point_2d": { "lat": 46.05845285229025, "lon": 11.236340472929935 }, "prov_code": "22", "prov_name": "Trento", "reg_code": "4", "reg_name": "Trentino-Alto Adige", "rip_code": "2", "rip_name": "Nord-Est", "year": "2022" }, "geometry": { "type": "MultiPolygon", "coordinates": [ [ [ [ 11.208378, 46.108083 ], [ 11.209014, 46.106396 ], [ 11.207622, 46.103794 ], [ 11.207323, 46.10193 ], [ 11.206766, 46.100153 ], [ 11.207363, 46.098108 ], [ 11.206908, 46.097536 ], [ 11.207709, 46.096059 ], [ 11.208803, 46.094738 ], [ 11.209158, 46.093947 ], [ 11.208666, 46.092967 ], [ 11.208015, 46.092634 ], [ 11.205479, 46.090468 ], [ 11.205076, 46.088104 ], [ 11.20391, 46.086921 ], [ 11.203686, 46.084846 ], [ 11.202667, 46.083874 ], [ 11.203298, 46.08335 ], [ 11.203531, 46.082065 ], [ 11.202308, 46.081076 ], [ 11.201111, 46.081326 ], [ 11.199728, 46.080976 ], [ 11.198426, 46.08029 ], [ 11.19661, 46.080562 ], [ 11.196121, 46.079331 ], [ 11.192624, 46.074939 ], [ 11.191564, 46.073091 ], [ 11.190538, 46.072601 ], [ 11.189639, 46.071679 ], [ 11.189631, 46.07132 ], [ 11.192539, 46.067481 ], [ 11.193798, 46.064654 ], [ 11.193644, 46.061663 ], [ 11.193584, 46.056907 ], [ 11.19295, 46.055043 ], [ 11.191661, 46.053048 ], [ 11.191892, 46.049826 ], [ 11.190381, 46.048298 ], [ 11.18777, 46.046254 ], [ 11.187629, 46.044153 ], [ 11.186871, 46.042493 ], [ 11.186558, 46.039262 ], [ 11.187506, 46.038231 ], [ 11.187364, 46.037633 ], [ 11.187994, 46.036817 ], [ 11.187682, 46.03331 ], [ 11.187808, 46.032142 ], [ 11.188749, 46.031664 ], [ 11.192662, 46.030933 ], [ 11.19593, 46.03022 ], [ 11.197224, 46.030715 ], [ 11.200437, 46.030691 ], [ 11.202897, 46.031669 ], [ 11.204091, 46.031075 ], [ 11.20422, 46.030592 ], [ 11.205834, 46.029384 ], [ 11.205652, 46.028527 ], [ 11.205933, 46.02673 ], [ 11.207349, 46.024149 ], [ 11.208885, 46.022604 ], [ 11.209187, 46.021723 ], [ 11.212264, 46.018618 ], [ 11.213736, 46.01785 ], [ 11.213874, 46.017136 ], [ 11.219841, 46.013256 ], [ 11.220584, 46.011888 ], [ 11.224389, 46.012163 ], [ 11.231008, 46.012812 ], [ 11.231653, 46.013194 ], [ 11.234948, 46.013436 ], [ 11.235875, 46.013305 ], [ 11.237072, 46.010377 ], [ 11.251098, 46.01182 ], [ 11.260685, 46.013023 ], [ 11.260195, 46.013718 ], [ 11.257214, 46.01639 ], [ 11.256346, 46.017737 ], [ 11.254203, 46.018624 ], [ 11.253774, 46.018583 ], [ 11.249598, 46.021372 ], [ 11.24898, 46.022436 ], [ 11.245973, 46.024389 ], [ 11.246135, 46.02469 ], [ 11.24898, 46.025804 ], [ 11.25039, 46.026603 ], [ 11.24997, 46.028695 ], [ 11.250589, 46.029853 ], [ 11.250661, 46.031194 ], [ 11.24998, 46.032906 ], [ 11.251271, 46.033699 ], [ 11.254447, 46.032821 ], [ 11.260007, 46.031994 ], [ 11.262829, 46.032206 ], [ 11.264495, 46.031281 ], [ 11.265082, 46.030317 ], [ 11.266276, 46.029335 ], [ 11.266832, 46.028222 ], [ 11.267404, 46.02815 ], [ 11.26731, 46.026899 ], [ 11.269455, 46.024773 ], [ 11.26959, 46.023946 ], [ 11.271211, 46.022866 ], [ 11.272018, 46.022788 ], [ 11.272624, 46.023372 ], [ 11.277039, 46.026604 ], [ 11.274974, 46.028361 ], [ 11.273087, 46.030385 ], [ 11.27462, 46.03124 ], [ 11.282402, 46.036014 ], [ 11.283433, 46.036711 ], [ 11.281731, 46.037277 ], [ 11.280008, 46.038139 ], [ 11.275768, 46.039767 ], [ 11.273823, 46.040114 ], [ 11.274068, 46.043458 ], [ 11.271934, 46.04447 ], [ 11.268267, 46.045825 ], [ 11.264686, 46.046256 ], [ 11.263363, 46.04629 ], [ 11.263525, 46.046887 ], [ 11.262039, 46.04738 ], [ 11.260974, 46.048045 ], [ 11.259924, 46.049097 ], [ 11.259871, 46.049692 ], [ 11.257891, 46.052489 ], [ 11.259285, 46.053953 ], [ 11.259161, 46.054922 ], [ 11.258264, 46.057345 ], [ 11.261999, 46.057499 ], [ 11.264107, 46.057389 ], [ 11.26728, 46.058173 ], [ 11.267219, 46.060164 ], [ 11.260128, 46.060921 ], [ 11.255478, 46.061656 ], [ 11.254976, 46.062043 ], [ 11.253605, 46.062091 ], [ 11.25436, 46.06328 ], [ 11.254851, 46.06305 ], [ 11.256338, 46.063372 ], [ 11.257195, 46.063113 ], [ 11.259548, 46.063352 ], [ 11.258532, 46.064165 ], [ 11.257909, 46.064178 ], [ 11.260375, 46.067068 ], [ 11.26189, 46.067989 ], [ 11.263237, 46.068517 ], [ 11.264254, 46.06922 ], [ 11.26434, 46.070059 ], [ 11.262863, 46.070683 ], [ 11.263245, 46.071526 ], [ 11.264666, 46.071314 ], [ 11.266224, 46.071479 ], [ 11.267308, 46.072819 ], [ 11.269382, 46.074 ], [ 11.271282, 46.074533 ], [ 11.272154, 46.074446 ], [ 11.274118, 46.07334 ], [ 11.277437, 46.075858 ], [ 11.278391, 46.074633 ], [ 11.279861, 46.074281 ], [ 11.281092, 46.073514 ], [ 11.281537, 46.072699 ], [ 11.283497, 46.071895 ], [ 11.28377, 46.074022 ], [ 11.283164, 46.074617 ], [ 11.286143, 46.074989 ], [ 11.286113, 46.076288 ], [ 11.286992, 46.078112 ], [ 11.285589, 46.07835 ], [ 11.284837, 46.078837 ], [ 11.284253, 46.079908 ], [ 11.283587, 46.079983 ], [ 11.282131, 46.081013 ], [ 11.283391, 46.082142 ], [ 11.284699, 46.082583 ], [ 11.285486, 46.083813 ], [ 11.285235, 46.084663 ], [ 11.283638, 46.085001 ], [ 11.282576, 46.086513 ], [ 11.280782, 46.088124 ], [ 11.279335, 46.087803 ], [ 11.278026, 46.086566 ], [ 11.277124, 46.087386 ], [ 11.277637, 46.088759 ], [ 11.271665, 46.090627 ], [ 11.269697, 46.091006 ], [ 11.268801, 46.092661 ], [ 11.268221, 46.093151 ], [ 11.268239, 46.094727 ], [ 11.269603, 46.096728 ], [ 11.268168, 46.09775 ], [ 11.267202, 46.099105 ], [ 11.267002, 46.099962 ], [ 11.266179, 46.101377 ], [ 11.266785, 46.101608 ], [ 11.265792, 46.10282 ], [ 11.266552, 46.103276 ], [ 11.266764, 46.104497 ], [ 11.264784, 46.103805 ], [ 11.262405, 46.103179 ], [ 11.260679, 46.100849 ], [ 11.25535, 46.101342 ], [ 11.25224, 46.099916 ], [ 11.250509, 46.099842 ], [ 11.246083, 46.099279 ], [ 11.245423, 46.098974 ], [ 11.241075, 46.098659 ], [ 11.240114, 46.097448 ], [ 11.238662, 46.097385 ], [ 11.237301, 46.096708 ], [ 11.235295, 46.09497 ], [ 11.23242, 46.093788 ], [ 11.231166, 46.093062 ], [ 11.230044, 46.091937 ], [ 11.227969, 46.090963 ], [ 11.227162, 46.090066 ], [ 11.225169, 46.089795 ], [ 11.223729, 46.090666 ], [ 11.223534, 46.091821 ], [ 11.221305, 46.094096 ], [ 11.21977, 46.095457 ], [ 11.220446, 46.096596 ], [ 11.220768, 46.098456 ], [ 11.221453, 46.100079 ], [ 11.222007, 46.102859 ], [ 11.221891, 46.105339 ], [ 11.221386, 46.106157 ], [ 11.221688, 46.10777 ], [ 11.221094, 46.109664 ], [ 11.218355, 46.109872 ], [ 11.217071, 46.11032 ], [ 11.216244, 46.110071 ], [ 11.214532, 46.10871 ], [ 11.213332, 46.109349 ], [ 11.210832, 46.109536 ], [ 11.208718, 46.109396 ], [ 11.208378, 46.108083 ] ] ], [ [ [ 11.302014, 46.061105 ], [ 11.302487, 46.060245 ], [ 11.302269, 46.057883 ], [ 11.303839, 46.054826 ], [ 11.304836, 46.052392 ], [ 11.306436, 46.049859 ], [ 11.307552, 46.049207 ], [ 11.308997, 46.04936 ], [ 11.31086, 46.049101 ], [ 11.312075, 46.048607 ], [ 11.313545, 46.048805 ], [ 11.317199, 46.048897 ], [ 11.320283, 46.048459 ], [ 11.322227, 46.048644 ], [ 11.325508, 46.048432 ], [ 11.327897, 46.0493 ], [ 11.332314, 46.049701 ], [ 11.332749, 46.049527 ], [ 11.334476, 46.05003 ], [ 11.332314, 46.051034 ], [ 11.327796, 46.053517 ], [ 11.323265, 46.055662 ], [ 11.322208, 46.056274 ], [ 11.311583, 46.061707 ], [ 11.308164, 46.061486 ], [ 11.306435, 46.059954 ], [ 11.304771, 46.060887 ], [ 11.302986, 46.060732 ], [ 11.302014, 46.061105 ] ] ] ] } },
{ "type": "Feature", "properties": { "com_altname": null, "com_area_code": "ITA", "com_capoluogo": "No", "com_code": "22006", "com_name": "Arco", "com_name_lower": "arco", "com_name_upper": "ARCO", "com_type": "Comune", "geo_point_2d": { "lat": 45.92918886807965, "lon": 10.905761491400881 }, "prov_code": "22", "prov_name": "Trento", "reg_code": "4", "reg_name": "Trentino-Alto Adige", "rip_code": "2", "rip_name": "Nord-Est", "year": "2022" }, "geometry": { "type": "Polygon", "coordinates": [ [ [ 10.933796, 45.969922 ], [ 10.933358, 45.969037 ], [ 10.932163, 45.967925 ], [ 10.930792, 45.966248 ], [ 10.931052, 45.965461 ], [ 10.929482, 45.963986 ], [ 10.927294, 45.962465 ], [ 10.927252, 45.962154 ], [ 10.925385, 45.960824 ], [ 10.921965, 45.958173 ], [ 10.920792, 45.956938 ], [ 10.919725, 45.956326 ], [ 10.919996, 45.955595 ], [ 10.917641, 45.954239 ], [ 10.916288, 45.953937 ], [ 10.916088, 45.952613 ], [ 10.915283, 45.951856 ], [ 10.914149, 45.952629 ], [ 10.911245, 45.949823 ], [ 10.909051, 45.947287 ], [ 10.908507, 45.945198 ], [ 10.909279, 45.944532 ], [ 10.908467, 45.943372 ], [ 10.906804, 45.943863 ], [ 10.903728, 45.945622 ], [ 10.902905, 45.945747 ], [ 10.901366, 45.941616 ], [ 10.899878, 45.941403 ], [ 10.899911, 45.942382 ], [ 10.901308, 45.943667 ], [ 10.902466, 45.945255 ], [ 10.902619, 45.946062 ], [ 10.902032, 45.947425 ], [ 10.901278, 45.947791 ], [ 10.900676, 45.946533 ], [ 10.899189, 45.942781 ], [ 10.897244, 45.940531 ], [ 10.89435, 45.937795 ], [ 10.892501, 45.935672 ], [ 10.891099, 45.935437 ], [ 10.890896, 45.936355 ], [ 10.892175, 45.938641 ], [ 10.892736, 45.939317 ], [ 10.894526, 45.942444 ], [ 10.895484, 45.944351 ], [ 10.896297, 45.945241 ], [ 10.895298, 45.94618 ], [ 10.893732, 45.946611 ], [ 10.892057, 45.947365 ], [ 10.887998, 45.948776 ], [ 10.888766, 45.949531 ], [ 10.888407, 45.950544 ], [ 10.88939, 45.952808 ], [ 10.888155, 45.953481 ], [ 10.88811, 45.954282 ], [ 10.888792, 45.954763 ], [ 10.888249, 45.958043 ], [ 10.88697, 45.958917 ], [ 10.887923, 45.959755 ], [ 10.88817, 45.960513 ], [ 10.88937, 45.961397 ], [ 10.890229, 45.963374 ], [ 10.891377, 45.964193 ], [ 10.891362, 45.964609 ], [ 10.892344, 45.965867 ], [ 10.894234, 45.967746 ], [ 10.894886, 45.968912 ], [ 10.89751, 45.970882 ], [ 10.900678, 45.973571 ], [ 10.901118, 45.974359 ], [ 10.904068, 45.976244 ], [ 10.906037, 45.977148 ], [ 10.908207, 45.978435 ], [ 10.90943, 45.978543 ], [ 10.911736, 45.979505 ], [ 10.911427, 45.980629 ], [ 10.912842, 45.98182 ], [ 10.912712, 45.982759 ], [ 10.91066, 45.984167 ], [ 10.909364, 45.984745 ], [ 10.904984, 45.987759 ], [ 10.902635, 45.989219 ], [ 10.8997, 45.990184 ], [ 10.899074, 45.989925 ], [ 10.898879, 45.988924 ], [ 10.898225, 45.988095 ], [ 10.895575, 45.988773 ], [ 10.892105, 45.989921 ], [ 10.891216, 45.988501 ], [ 10.89015, 45.985977 ], [ 10.888983, 45.985657 ], [ 10.887651, 45.983518 ], [ 10.885931, 45.97946 ], [ 10.884706, 45.976899 ], [ 10.883253, 45.977335 ], [ 10.882221, 45.976581 ], [ 10.880037, 45.975388 ], [ 10.87534, 45.972173 ], [ 10.872415, 45.971532 ], [ 10.872428, 45.9722 ], [ 10.870856, 45.972701 ], [ 10.869776, 45.969993 ], [ 10.868636, 45.968075 ], [ 10.86705, 45.965856 ], [ 10.864187, 45.963232 ], [ 10.863842, 45.962517 ], [ 10.862206, 45.957995 ], [ 10.859844, 45.95365 ], [ 10.858893, 45.949089 ], [ 10.857393, 45.946082 ], [ 10.857405, 45.940934 ], [ 10.856253, 45.939492 ], [ 10.854115, 45.936339 ], [ 10.85325, 45.935297 ], [ 10.850895, 45.929324 ], [ 10.851197, 45.928188 ], [ 10.849879, 45.925942 ], [ 10.849677, 45.925026 ], [ 10.850703, 45.923388 ], [ 10.852185, 45.92205 ], [ 10.852337, 45.921186 ], [ 10.852545, 45.916977 ], [ 10.852368, 45.915956 ], [ 10.850685, 45.915269 ], [ 10.849842, 45.915542 ], [ 10.849758, 45.914376 ], [ 10.849142, 45.913504 ], [ 10.851541, 45.912456 ], [ 10.852055, 45.911696 ], [ 10.852082, 45.910748 ], [ 10.853125, 45.910462 ], [ 10.853778, 45.910876 ], [ 10.855039, 45.912884 ], [ 10.857986, 45.912451 ], [ 10.860707, 45.910805 ], [ 10.859921, 45.910158 ], [ 10.863525, 45.908049 ], [ 10.864741, 45.90773 ], [ 10.866562, 45.90664 ], [ 10.86304, 45.903436 ], [ 10.860553, 45.902462 ], [ 10.85929, 45.900795 ], [ 10.857423, 45.899354 ], [ 10.858037, 45.899088 ], [ 10.858418, 45.897908 ], [ 10.860708, 45.896518 ], [ 10.860959, 45.895358 ], [ 10.862243, 45.894632 ], [ 10.865238, 45.893247 ], [ 10.866128, 45.892684 ], [ 10.867688, 45.892855 ], [ 10.869004, 45.893273 ], [ 10.87117, 45.893604 ], [ 10.871972, 45.893925 ], [ 10.874027, 45.893334 ], [ 10.874446, 45.891844 ], [ 10.874841, 45.891523 ], [ 10.87514, 45.88967 ], [ 10.875472, 45.889075 ], [ 10.875175, 45.88523 ], [ 10.874196, 45.883585 ], [ 10.872904, 45.882062 ], [ 10.87077, 45.880619 ], [ 10.868871, 45.879925 ], [ 10.867335, 45.87878 ], [ 10.864494, 45.877836 ], [ 10.864637, 45.877024 ], [ 10.866013, 45.876381 ], [ 10.866995, 45.875058 ], [ 10.867246, 45.873853 ], [ 10.86969, 45.874151 ], [ 10.873414, 45.877373 ], [ 10.875001, 45.876821 ], [ 10.875767, 45.876959 ], [ 10.877562, 45.878517 ], [ 10.878022, 45.879354 ], [ 10.878762, 45.879447 ], [ 10.879887, 45.880388 ], [ 10.881132, 45.879644 ], [ 10.882288, 45.881293 ], [ 10.882291, 45.882971 ], [ 10.883966, 45.887598 ], [ 10.887105, 45.887636 ], [ 10.890695, 45.88687 ], [ 10.89557, 45.886443 ], [ 10.898186, 45.886122 ], [ 10.89813, 45.885665 ], [ 10.903536, 45.885265 ], [ 10.908137, 45.884821 ], [ 10.909408, 45.885605 ], [ 10.914122, 45.887691 ], [ 10.914952, 45.889825 ], [ 10.91503, 45.890934 ], [ 10.916187, 45.89241 ], [ 10.917456, 45.892837 ], [ 10.918994, 45.894093 ], [ 10.920011, 45.894186 ], [ 10.921032, 45.895007 ], [ 10.922335, 45.894498 ], [ 10.923005, 45.894673 ], [ 10.924986, 45.896399 ], [ 10.926241, 45.897103 ], [ 10.928482, 45.899513 ], [ 10.930424, 45.901177 ], [ 10.931138, 45.902392 ], [ 10.932325, 45.902196 ], [ 10.93301, 45.902591 ], [ 10.936961, 45.903722 ], [ 10.938852, 45.904696 ], [ 10.940431, 45.904302 ], [ 10.943405, 45.907181 ], [ 10.948219, 45.91006 ], [ 10.950828, 45.911507 ], [ 10.95557, 45.913737 ], [ 10.958817, 45.914121 ], [ 10.960113, 45.914776 ], [ 10.960321, 45.915409 ], [ 10.961736, 45.91585 ], [ 10.962384, 45.916462 ], [ 10.962606, 45.917504 ], [ 10.96235, 45.918575 ], [ 10.963797, 45.919207 ], [ 10.963429, 45.920177 ], [ 10.966234, 45.920754 ], [ 10.968033, 45.920611 ], [ 10.969304, 45.921055 ], [ 10.971201, 45.922269 ], [ 10.974269, 45.923184 ], [ 10.975129, 45.924366 ], [ 10.976762, 45.926013 ], [ 10.978128, 45.926869 ], [ 10.980759, 45.93029 ], [ 10.982548, 45.933703 ], [ 10.984683, 45.93625 ], [ 10.970582, 45.939173 ], [ 10.966911, 45.940209 ], [ 10.965055, 45.94112 ], [ 10.963476, 45.941118 ], [ 10.962136, 45.941869 ], [ 10.960717, 45.942185 ], [ 10.958306, 45.943721 ], [ 10.956709, 45.94419 ], [ 10.954493, 45.946625 ], [ 10.953213, 45.948703 ], [ 10.952285, 45.949743 ], [ 10.95265, 45.951701 ], [ 10.952012, 45.952136 ], [ 10.952303, 45.953221 ], [ 10.951881, 45.954231 ], [ 10.95067, 45.955676 ], [ 10.949032, 45.956921 ], [ 10.947538, 45.957563 ], [ 10.946399, 45.958732 ], [ 10.943541, 45.959237 ], [ 10.943757, 45.960317 ], [ 10.94086, 45.960398 ], [ 10.939325, 45.959597 ], [ 10.938705, 45.958616 ], [ 10.937608, 45.958713 ], [ 10.932286, 45.960747 ], [ 10.933426, 45.962458 ], [ 10.934976, 45.963967 ], [ 10.93637, 45.96563 ], [ 10.937358, 45.968737 ], [ 10.935274, 45.969826 ], [ 10.933796, 45.969922 ] ] ] } },
{ "type": "Feature", "properties": { "com_altname": null, "com_area_code": "ITA", "com_capoluogo": "No", "com_code": "22236", "com_name": "Altopiano della Vigolana", "com_name_lower": "altopiano della vigolana", "com_name_upper": "ALTOPIANO DELLA VIGOLANA", "com_type": "Comune", "geo_point_2d": { "lat": 45.98721166177722, "lon": 11.200295992779157 }, "prov_code": "22", "prov_name": "Trento", "reg_code": "4", "reg_name": "Trentino-Alto Adige", "rip_code": "2", "rip_name": "Nord-Est", "year": "2022" }, "geometry": { "type": "Polygon", "coordinates": [ [ [ 11.237072, 46.010377 ], [ 11.235875, 46.013305 ], [ 11.234948, 46.013436 ], [ 11.231653, 46.013194 ], [ 11.231008, 46.012812 ], [ 11.224389, 46.012163 ], [ 11.220584, 46.011888 ], [ 11.219841, 46.013256 ], [ 11.213874, 46.017136 ], [ 11.213736, 46.01785 ], [ 11.212264, 46.018618 ], [ 11.209187, 46.021723 ], [ 11.208885, 46.022604 ], [ 11.207349, 46.024149 ], [ 11.205933, 46.02673 ], [ 11.205652, 46.028527 ], [ 11.205834, 46.029384 ], [ 11.20422, 46.030592 ], [ 11.204091, 46.031075 ], [ 11.202897, 46.031669 ], [ 11.200437, 46.030691 ], [ 11.197224, 46.030715 ], [ 11.19593, 46.03022 ], [ 11.192662, 46.030933 ], [ 11.188749, 46.031664 ], [ 11.187808, 46.032142 ], [ 11.185841, 46.030826 ], [ 11.185079, 46.030035 ], [ 11.184508, 46.028829 ], [ 11.183329, 46.027363 ], [ 11.18263, 46.025685 ], [ 11.17949, 46.024804 ], [ 11.178755, 46.024388 ], [ 11.171388, 46.02354 ], [ 11.169818, 46.023533 ], [ 11.166479, 46.023249 ], [ 11.164698, 46.021881 ], [ 11.163546, 46.021277 ], [ 11.160905, 46.018975 ], [ 11.158871, 46.018142 ], [ 11.157077, 46.016659 ], [ 11.15785, 46.016366 ], [ 11.160004, 46.014369 ], [ 11.161384, 46.014284 ], [ 11.162294, 46.013665 ], [ 11.164465, 46.013063 ], [ 11.16451, 46.011765 ], [ 11.163849, 46.008684 ], [ 11.164489, 46.008623 ], [ 11.164312, 46.007343 ], [ 11.162277, 46.005715 ], [ 11.164429, 46.005118 ], [ 11.16656, 46.005232 ], [ 11.166609, 46.004471 ], [ 11.165689, 46.003608 ], [ 11.163896, 46.002813 ], [ 11.161287, 46.002949 ], [ 11.158461, 46.002575 ], [ 11.157372, 46.00049 ], [ 11.157843, 45.997414 ], [ 11.158256, 45.996624 ], [ 11.158428, 45.995219 ], [ 11.158113, 45.993869 ], [ 11.158388, 45.991051 ], [ 11.15747, 45.990039 ], [ 11.157856, 45.988927 ], [ 11.157915, 45.987084 ], [ 11.158299, 45.985464 ], [ 11.159338, 45.983823 ], [ 11.159009, 45.982627 ], [ 11.159349, 45.981696 ], [ 11.158674, 45.980445 ], [ 11.159109, 45.979309 ], [ 11.157465, 45.977837 ], [ 11.157528, 45.977388 ], [ 11.158716, 45.975963 ], [ 11.161871, 45.974648 ], [ 11.16328, 45.973717 ], [ 11.166637, 45.972151 ], [ 11.170624, 45.97289 ], [ 11.173477, 45.972751 ], [ 11.174546, 45.972439 ], [ 11.176945, 45.972179 ], [ 11.177708, 45.971594 ], [ 11.180147, 45.970594 ], [ 11.181266, 45.970791 ], [ 11.184293, 45.968795 ], [ 11.184298, 45.968189 ], [ 11.185339, 45.967603 ], [ 11.186383, 45.96659 ], [ 11.186625, 45.965694 ], [ 11.187902, 45.965405 ], [ 11.189652, 45.965712 ], [ 11.192054, 45.963779 ], [ 11.193291, 45.96324 ], [ 11.192534, 45.962173 ], [ 11.191011, 45.960865 ], [ 11.190657, 45.95908 ], [ 11.189827, 45.958676 ], [ 11.189653, 45.957869 ], [ 11.187069, 45.956495 ], [ 11.184954, 45.954709 ], [ 11.183405, 45.95282 ], [ 11.182567, 45.952278 ], [ 11.183584, 45.949419 ], [ 11.183529, 45.948657 ], [ 11.185522, 45.944516 ], [ 11.185874, 45.942586 ], [ 11.186556, 45.94168 ], [ 11.190384, 45.939483 ], [ 11.19069, 45.939047 ], [ 11.192414, 45.938091 ], [ 11.19328, 45.937969 ], [ 11.198908, 45.941576 ], [ 11.202583, 45.944272 ], [ 11.203692, 45.944911 ], [ 11.206385, 45.945433 ], [ 11.208358, 45.94607 ], [ 11.208966, 45.94683 ], [ 11.210241, 45.947493 ], [ 11.212367, 45.94703 ], [ 11.213893, 45.946391 ], [ 11.214378, 45.945825 ], [ 11.217003, 45.945822 ], [ 11.219861, 45.94561 ], [ 11.222054, 45.945807 ], [ 11.222867, 45.946508 ], [ 11.222961, 45.948036 ], [ 11.224247, 45.949094 ], [ 11.225344, 45.949186 ], [ 11.22765, 45.950239 ], [ 11.227249, 45.95134 ], [ 11.228703, 45.951419 ], [ 11.22912, 45.952123 ], [ 11.230016, 45.95216 ], [ 11.232368, 45.954539 ], [ 11.231863, 45.95553 ], [ 11.233523, 45.956193 ], [ 11.233855, 45.957059 ], [ 11.23465, 45.957654 ], [ 11.235076, 45.95878 ], [ 11.235834, 45.959341 ], [ 11.236106, 45.961002 ], [ 11.236716, 45.962736 ], [ 11.238461, 45.963312 ], [ 11.239531, 45.964826 ], [ 11.23973, 45.965715 ], [ 11.240564, 45.966242 ], [ 11.241617, 45.967471 ], [ 11.24264, 45.970138 ], [ 11.242862, 45.971304 ], [ 11.244923, 45.974204 ], [ 11.244585, 45.974515 ], [ 11.24272, 45.974916 ], [ 11.243582, 45.975368 ], [ 11.24331, 45.976242 ], [ 11.245146, 45.980061 ], [ 11.243641, 45.9814 ], [ 11.242835, 45.983969 ], [ 11.240986, 45.985021 ], [ 11.240739, 45.985932 ], [ 11.239794, 45.986598 ], [ 11.237526, 45.986688 ], [ 11.237854, 45.985092 ], [ 11.236862, 45.985271 ], [ 11.236035, 45.985897 ], [ 11.23565, 45.987399 ], [ 11.234042, 45.990013 ], [ 11.233627, 45.991058 ], [ 11.233736, 45.992231 ], [ 11.23325, 45.993627 ], [ 11.232104, 45.99528 ], [ 11.233231, 45.996925 ], [ 11.232993, 45.997361 ], [ 11.233231, 45.998782 ], [ 11.233696, 45.999478 ], [ 11.234989, 46.000352 ], [ 11.235436, 46.001322 ], [ 11.236525, 46.001665 ], [ 11.235521, 46.002737 ], [ 11.235358, 46.00445 ], [ 11.234819, 46.005845 ], [ 11.234417, 46.006088 ], [ 11.23407, 46.008106 ], [ 11.233434, 46.009036 ], [ 11.235461, 46.009759 ], [ 11.237112, 46.009682 ], [ 11.237072, 46.010377 ] ] ] } },
{ "type": "Feature", "properties": { "com_altname": null, "com_area_code": "ITA", "com_capoluogo": "No", "com_code": "22138", "com_name": "Pelugo", "com_name_lower": "pelugo", "com_name_upper": "PELUGO", "com_type": "Comune", "geo_point_2d": { "lat": 46.103436742534676, "lon": 10.649807763677293 }, "prov_code": "22", "prov_name": "Trento", "reg_code": "4", "reg_name": "Trentino-Alto Adige", "rip_code": "2", "rip_name": "Nord-Est", "year": "2022" }, "geometry": { "type": "Polygon", "coordinates": [ [ [ 10.74086, 46.076691 ], [ 10.742049, 46.079027 ], [ 10.742044, 46.080532 ], [ 10.743346, 46.082904 ], [ 10.740745, 46.084508 ], [ 10.738521, 46.085083 ], [ 10.736033, 46.086667 ], [ 10.733268, 46.0878 ], [ 10.731763, 46.087587 ], [ 10.731746, 46.089205 ], [ 10.732266, 46.090149 ], [ 10.730983, 46.09139 ], [ 10.729988, 46.091754 ], [ 10.729386, 46.091462 ], [ 10.728207, 46.091786 ], [ 10.724992, 46.091308 ], [ 10.723079, 46.091203 ], [ 10.720617, 46.092746 ], [ 10.71984, 46.092632 ], [ 10.71788, 46.092953 ], [ 10.717672, 46.093408 ], [ 10.716416, 46.093994 ], [ 10.714662, 46.094063 ], [ 10.713715, 46.093722 ], [ 10.712774, 46.094126 ], [ 10.711841, 46.094036 ], [ 10.710338, 46.094657 ], [ 10.707625, 46.094943 ], [ 10.707076, 46.095322 ], [ 10.705855, 46.09538 ], [ 10.702137, 46.096527 ], [ 10.701739, 46.09693 ], [ 10.695987, 46.098122 ], [ 10.692597, 46.098244 ], [ 10.691779, 46.09858 ], [ 10.689811, 46.098747 ], [ 10.688936, 46.098574 ], [ 10.686581, 46.099228 ], [ 10.685013, 46.099091 ], [ 10.682874, 46.099415 ], [ 10.68071, 46.099928 ], [ 10.679103, 46.099697 ], [ 10.677476, 46.100076 ], [ 10.676512, 46.101044 ], [ 10.675509, 46.10136 ], [ 10.673418, 46.101194 ], [ 10.671121, 46.101318 ], [ 10.670494, 46.101655 ], [ 10.665623, 46.102964 ], [ 10.664014, 46.103152 ], [ 10.658991, 46.104641 ], [ 10.656219, 46.104718 ], [ 10.653359, 46.10529 ], [ 10.653515, 46.108182 ], [ 10.654097, 46.110284 ], [ 10.655308, 46.112811 ], [ 10.65554, 46.114261 ], [ 10.65537, 46.116043 ], [ 10.65557, 46.118943 ], [ 10.655333, 46.11954 ], [ 10.653937, 46.119953 ], [ 10.652358, 46.11891 ], [ 10.651014, 46.118792 ], [ 10.649785, 46.118147 ], [ 10.646742, 46.119113 ], [ 10.645394, 46.120131 ], [ 10.644269, 46.121335 ], [ 10.642368, 46.122713 ], [ 10.64127, 46.123864 ], [ 10.640018, 46.12452 ], [ 10.63923, 46.125383 ], [ 10.639168, 46.126717 ], [ 10.638637, 46.127639 ], [ 10.637744, 46.128415 ], [ 10.63466, 46.128192 ], [ 10.632347, 46.127601 ], [ 10.631327, 46.127625 ], [ 10.629514, 46.126897 ], [ 10.62564, 46.126788 ], [ 10.623593, 46.12593 ], [ 10.620186, 46.126336 ], [ 10.616594, 46.125768 ], [ 10.61087, 46.124716 ], [ 10.608526, 46.124678 ], [ 10.60671, 46.124254 ], [ 10.602352, 46.123526 ], [ 10.590763, 46.121298 ], [ 10.589747, 46.121211 ], [ 10.590916, 46.120404 ], [ 10.590315, 46.119159 ], [ 10.590699, 46.117718 ], [ 10.59274, 46.116497 ], [ 10.592668, 46.115721 ], [ 10.593347, 46.114672 ], [ 10.592642, 46.113791 ], [ 10.593633, 46.11319 ], [ 10.593797, 46.11235 ], [ 10.593287, 46.110452 ], [ 10.593532, 46.109191 ], [ 10.596088, 46.107754 ], [ 10.596998, 46.10664 ], [ 10.597113, 46.10552 ], [ 10.599531, 46.104181 ], [ 10.600992, 46.102963 ], [ 10.601467, 46.102133 ], [ 10.603352, 46.101176 ], [ 10.604015, 46.100573 ], [ 10.604788, 46.099065 ], [ 10.60603, 46.098038 ], [ 10.606727, 46.096936 ], [ 10.607158, 46.095333 ], [ 10.60716, 46.094001 ], [ 10.608873, 46.092744 ], [ 10.609863, 46.092495 ], [ 10.611887, 46.090905 ], [ 10.613881, 46.090221 ], [ 10.618529, 46.089829 ], [ 10.61993, 46.090486 ], [ 10.622904, 46.091357 ], [ 10.625278, 46.091781 ], [ 10.626087, 46.092408 ], [ 10.630439, 46.093592 ], [ 10.632531, 46.094813 ], [ 10.632996, 46.095591 ], [ 10.63679, 46.097184 ], [ 10.638955, 46.097543 ], [ 10.640752, 46.097252 ], [ 10.642601, 46.096553 ], [ 10.643582, 46.095623 ], [ 10.64442, 46.095243 ], [ 10.646493, 46.093809 ], [ 10.648802, 46.093921 ], [ 10.649872, 46.093706 ], [ 10.65235, 46.094361 ], [ 10.652812, 46.094147 ], [ 10.656961, 46.094338 ], [ 10.659634, 46.093666 ], [ 10.660807, 46.093709 ], [ 10.662258, 46.093164 ], [ 10.6644, 46.093366 ], [ 10.666529, 46.093176 ], [ 10.66735, 46.09331 ], [ 10.668686, 46.092989 ], [ 10.669959, 46.092236 ], [ 10.671439, 46.092324 ], [ 10.67587, 46.091707 ], [ 10.677243, 46.091412 ], [ 10.680729, 46.09158 ], [ 10.683402, 46.090255 ], [ 10.685621, 46.089593 ], [ 10.68876, 46.088398 ], [ 10.691716, 46.086555 ], [ 10.694048, 46.084679 ], [ 10.69509, 46.083557 ], [ 10.697558, 46.082817 ], [ 10.69899, 46.082193 ], [ 10.700743, 46.081713 ], [ 10.70282, 46.082049 ], [ 10.703867, 46.081931 ], [ 10.703975, 46.083108 ], [ 10.706184, 46.083011 ], [ 10.706396, 46.083836 ], [ 10.707795, 46.084393 ], [ 10.711563, 46.083895 ], [ 10.715005, 46.083134 ], [ 10.721212, 46.083148 ], [ 10.72603, 46.081881 ], [ 10.72701, 46.082181 ], [ 10.72765, 46.081609 ], [ 10.727355, 46.080296 ], [ 10.72955, 46.079374 ], [ 10.731095, 46.079372 ], [ 10.735226, 46.078331 ], [ 10.74086, 46.076691 ] ] ] } },
{ "type": "Feature", "properties": { "com_altname": null, "com_area_code": "ITA", "com_capoluogo": "No", "com_code": "22032", "com_name": "Calceranica al Lago", "com_name_lower": "calceranica al lago", "com_name_upper": "CALCERANICA AL LAGO", "com_type": "Comune", "geo_point_2d": { "lat": 45.99869198073376, "lon": 11.243578874091636 }, "prov_code": "22", "prov_name": "Trento", "reg_code": "4", "reg_name": "Trentino-Alto Adige", "rip_code": "2", "rip_name": "Nord-Est", "year": "2022" }, "geometry": { "type": "Polygon", "coordinates": [ [ [ 11.240739, 45.985932 ], [ 11.242136, 45.986846 ], [ 11.242539, 45.987493 ], [ 11.244749, 45.988612 ], [ 11.247107, 45.989541 ], [ 11.24697, 45.990322 ], [ 11.247398, 45.991385 ], [ 11.248442, 45.992191 ], [ 11.250605, 45.99275 ], [ 11.252413, 45.994398 ], [ 11.253283, 45.994924 ], [ 11.252263, 45.995961 ], [ 11.250759, 45.996818 ], [ 11.250758, 45.997728 ], [ 11.251846, 45.999047 ], [ 11.253771, 45.998802 ], [ 11.25737, 45.999098 ], [ 11.256354, 46.000794 ], [ 11.261881, 46.001981 ], [ 11.260218, 46.004819 ], [ 11.251339, 46.005087 ], [ 11.248985, 46.006322 ], [ 11.247021, 46.007539 ], [ 11.24273, 46.00871 ], [ 11.237072, 46.010377 ], [ 11.237112, 46.009682 ], [ 11.235461, 46.009759 ], [ 11.233434, 46.009036 ], [ 11.23407, 46.008106 ], [ 11.234417, 46.006088 ], [ 11.234819, 46.005845 ], [ 11.235358, 46.00445 ], [ 11.235521, 46.002737 ], [ 11.236525, 46.001665 ], [ 11.235436, 46.001322 ], [ 11.234989, 46.000352 ], [ 11.233696, 45.999478 ], [ 11.233231, 45.998782 ], [ 11.232993, 45.997361 ], [ 11.233231, 45.996925 ], [ 11.232104, 45.99528 ], [ 11.23325, 45.993627 ], [ 11.233736, 45.992231 ], [ 11.233627, 45.991058 ], [ 11.234042, 45.990013 ], [ 11.23565, 45.987399 ], [ 11.236035, 45.985897 ], [ 11.236862, 45.985271 ], [ 11.237854, 45.985092 ], [ 11.237526, 45.986688 ], [ 11.239794, 45.986598 ], [ 11.240739, 45.985932 ] ] ] } },
{ "type": "Feature", "properties": { "com_altname": null, "com_area_code": "ITA", "com_capoluogo": "No", "com_code": "22120", "com_name": "Molveno", "com_name_lower": "molveno", "com_name_upper": "MOLVENO", "com_type": "Comune", "geo_point_2d": { "lat": 46.15651439958333, "lon": 10.946121620361108 }, "prov_code": "22", "prov_name": "Trento", "reg_code": "4", "reg_name": "Trentino-Alto Adige", "rip_code": "2", "rip_name": "Nord-Est", "year": "2022" }, "geometry": { "type": "Polygon", "coordinates": [ [ [ 10.96246, 46.17772 ], [ 10.960599, 46.178114 ], [ 10.956541, 46.178067 ], [ 10.954685, 46.17906 ], [ 10.952538, 46.179585 ], [ 10.950294, 46.178459 ], [ 10.948946, 46.177087 ], [ 10.947874, 46.176666 ], [ 10.946239, 46.179186 ], [ 10.944898, 46.180701 ], [ 10.944343, 46.1821 ], [ 10.940651, 46.184056 ], [ 10.939123, 46.184615 ], [ 10.938417, 46.186231 ], [ 10.933208, 46.188506 ], [ 10.930385, 46.189587 ], [ 10.929043, 46.189585 ], [ 10.925719, 46.189164 ], [ 10.919276, 46.188086 ], [ 10.918198, 46.187987 ], [ 10.909909, 46.188194 ], [ 10.905656, 46.188071 ], [ 10.903629, 46.187755 ], [ 10.901038, 46.189817 ], [ 10.899956, 46.188128 ], [ 10.901089, 46.18646 ], [ 10.900638, 46.185017 ], [ 10.899283, 46.184493 ], [ 10.898711, 46.180512 ], [ 10.898537, 46.176464 ], [ 10.897124, 46.172437 ], [ 10.896258, 46.168027 ], [ 10.89577, 46.166476 ], [ 10.894875, 46.165337 ], [ 10.893601, 46.164809 ], [ 10.893474, 46.164206 ], [ 10.893765, 46.162376 ], [ 10.894375, 46.161685 ], [ 10.896532, 46.160287 ], [ 10.895011, 46.157051 ], [ 10.893633, 46.155172 ], [ 10.898593, 46.154365 ], [ 10.901813, 46.15323 ], [ 10.903918, 46.152284 ], [ 10.905242, 46.152228 ], [ 10.907511, 46.152551 ], [ 10.909318, 46.152097 ], [ 10.915631, 46.150178 ], [ 10.918645, 46.149903 ], [ 10.919662, 46.150002 ], [ 10.922163, 46.149099 ], [ 10.923146, 46.14652 ], [ 10.923267, 46.145274 ], [ 10.922931, 46.144462 ], [ 10.923266, 46.142807 ], [ 10.924863, 46.141792 ], [ 10.926668, 46.139926 ], [ 10.928256, 46.138603 ], [ 10.928963, 46.138286 ], [ 10.928948, 46.140086 ], [ 10.929927, 46.146331 ], [ 10.92939, 46.146958 ], [ 10.930057, 46.148609 ], [ 10.930798, 46.149452 ], [ 10.931258, 46.150546 ], [ 10.931189, 46.151646 ], [ 10.930503, 46.152285 ], [ 10.92736, 46.152958 ], [ 10.926833, 46.154342 ], [ 10.92694, 46.155948 ], [ 10.92906, 46.158456 ], [ 10.930467, 46.158817 ], [ 10.930897, 46.158403 ], [ 10.933947, 46.157993 ], [ 10.93652, 46.157252 ], [ 10.938635, 46.156117 ], [ 10.939603, 46.155164 ], [ 10.939462, 46.153835 ], [ 10.938339, 46.152721 ], [ 10.938129, 46.151324 ], [ 10.938876, 46.150188 ], [ 10.94063, 46.148904 ], [ 10.942175, 46.14848 ], [ 10.943188, 46.147536 ], [ 10.944569, 46.147207 ], [ 10.944767, 46.14682 ], [ 10.947497, 46.145934 ], [ 10.948951, 46.145018 ], [ 10.951646, 46.142588 ], [ 10.952936, 46.140603 ], [ 10.952539, 46.139621 ], [ 10.953169, 46.137974 ], [ 10.953154, 46.137205 ], [ 10.956484, 46.135524 ], [ 10.956878, 46.135001 ], [ 10.955044, 46.133505 ], [ 10.952542, 46.132927 ], [ 10.949754, 46.131676 ], [ 10.949038, 46.13099 ], [ 10.951431, 46.130421 ], [ 10.953164, 46.130471 ], [ 10.956416, 46.130263 ], [ 10.957419, 46.12975 ], [ 10.95773, 46.127193 ], [ 10.955822, 46.125633 ], [ 10.954682, 46.125583 ], [ 10.953315, 46.124834 ], [ 10.952568, 46.123627 ], [ 10.951755, 46.123405 ], [ 10.950263, 46.122037 ], [ 10.949854, 46.120362 ], [ 10.948904, 46.119094 ], [ 10.947552, 46.118427 ], [ 10.945034, 46.11765 ], [ 10.944542, 46.117038 ], [ 10.944017, 46.115516 ], [ 10.941739, 46.112544 ], [ 10.942886, 46.112062 ], [ 10.943295, 46.110933 ], [ 10.942792, 46.110096 ], [ 10.943537, 46.109524 ], [ 10.943429, 46.10862 ], [ 10.946189, 46.108928 ], [ 10.949523, 46.11116 ], [ 10.950886, 46.112294 ], [ 10.952456, 46.113068 ], [ 10.954336, 46.113493 ], [ 10.955157, 46.113353 ], [ 10.958067, 46.114422 ], [ 10.959403, 46.115328 ], [ 10.960822, 46.115904 ], [ 10.962148, 46.115344 ], [ 10.967458, 46.114047 ], [ 10.967702, 46.114064 ], [ 10.968791, 46.11514 ], [ 10.970598, 46.116373 ], [ 10.976217, 46.119758 ], [ 10.977581, 46.122249 ], [ 10.979383, 46.125216 ], [ 10.981086, 46.129362 ], [ 10.981819, 46.13157 ], [ 10.983208, 46.133058 ], [ 10.98332, 46.134439 ], [ 10.984569, 46.134437 ], [ 10.984595, 46.1365 ], [ 10.986281, 46.138656 ], [ 10.987576, 46.139029 ], [ 10.990645, 46.140275 ], [ 10.992202, 46.140472 ], [ 10.990546, 46.141426 ], [ 10.988018, 46.14383 ], [ 10.9879, 46.144285 ], [ 10.989649, 46.146513 ], [ 10.991411, 46.14815 ], [ 10.993295, 46.150291 ], [ 10.995161, 46.151768 ], [ 10.998824, 46.154374 ], [ 10.998851, 46.15665 ], [ 10.998438, 46.158069 ], [ 10.99697, 46.159538 ], [ 10.997307, 46.160261 ], [ 10.99492, 46.160727 ], [ 10.990546, 46.160523 ], [ 10.989295, 46.160937 ], [ 10.986616, 46.161312 ], [ 10.985161, 46.161663 ], [ 10.981806, 46.162924 ], [ 10.980527, 46.163929 ], [ 10.976859, 46.1654 ], [ 10.975305, 46.166618 ], [ 10.97438, 46.167856 ], [ 10.972916, 46.169116 ], [ 10.97166, 46.171226 ], [ 10.96898, 46.173922 ], [ 10.965488, 46.175875 ], [ 10.96246, 46.17772 ] ] ] } },
{ "type": "Feature", "properties": { "com_altname": null, "com_area_code": "ITA", "com_capoluogo": "No", "com_code": "22233", "com_name": "Dimaro Folgarida", "com_name_lower": "dimaro folgarida", "com_name_upper": "DIMARO FOLGARIDA", "com_type": "Comune", "geo_point_2d": { "lat": 46.29767745485254, "lon": 10.882374054174429 }, "prov_code": "22", "prov_name": "Trento", "reg_code": "4", "reg_name": "Trentino-Alto Adige", "rip_code": "2", "rip_name": "Nord-Est", "year": "2022" }, "geometry": { "type": "Polygon", "coordinates": [ [ [ 10.892375, 46.345028 ], [ 10.892005, 46.34402 ], [ 10.887877, 46.341274 ], [ 10.886386, 46.340449 ], [ 10.883976, 46.340453 ], [ 10.882788, 46.339675 ], [ 10.880229, 46.338996 ], [ 10.878703, 46.337235 ], [ 10.87395, 46.335698 ], [ 10.869845, 46.33618 ], [ 10.869087, 46.335242 ], [ 10.868129, 46.334455 ], [ 10.864954, 46.334318 ], [ 10.863889, 46.334007 ], [ 10.866057, 46.331708 ], [ 10.867292, 46.330692 ], [ 10.867969, 46.328252 ], [ 10.865689, 46.327911 ], [ 10.864076, 46.328031 ], [ 10.863228, 46.327147 ], [ 10.86183, 46.327013 ], [ 10.860854, 46.32632 ], [ 10.860531, 46.324534 ], [ 10.864012, 46.323552 ], [ 10.865632, 46.322844 ], [ 10.865682, 46.322122 ], [ 10.864986, 46.321272 ], [ 10.864947, 46.32015 ], [ 10.864104, 46.319083 ], [ 10.864384, 46.317026 ], [ 10.86313, 46.315822 ], [ 10.862497, 46.313658 ], [ 10.860493, 46.310523 ], [ 10.860397, 46.309832 ], [ 10.860829, 46.308002 ], [ 10.8605, 46.306993 ], [ 10.859505, 46.305657 ], [ 10.856953, 46.303926 ], [ 10.856181, 46.302821 ], [ 10.855974, 46.301464 ], [ 10.854575, 46.300264 ], [ 10.853455, 46.298234 ], [ 10.852759, 46.297575 ], [ 10.85174, 46.29576 ], [ 10.851294, 46.293707 ], [ 10.850244, 46.293112 ], [ 10.847221, 46.293164 ], [ 10.845869, 46.292314 ], [ 10.8447, 46.291275 ], [ 10.844019, 46.291215 ], [ 10.841578, 46.289542 ], [ 10.839689, 46.28716 ], [ 10.837013, 46.28534 ], [ 10.836048, 46.283944 ], [ 10.836124, 46.282285 ], [ 10.837585, 46.279365 ], [ 10.837852, 46.278041 ], [ 10.837488, 46.275997 ], [ 10.841782, 46.274719 ], [ 10.84588, 46.273608 ], [ 10.85156, 46.272513 ], [ 10.860763, 46.271607 ], [ 10.867139, 46.270279 ], [ 10.867244, 46.269001 ], [ 10.86668, 46.267245 ], [ 10.86655, 46.265809 ], [ 10.866945, 46.265647 ], [ 10.869367, 46.265377 ], [ 10.871013, 46.264891 ], [ 10.872703, 46.263551 ], [ 10.875269, 46.261101 ], [ 10.876639, 46.256692 ], [ 10.877118, 46.254553 ], [ 10.882344, 46.250976 ], [ 10.886247, 46.252253 ], [ 10.889832, 46.253066 ], [ 10.892141, 46.253717 ], [ 10.893406, 46.254074 ], [ 10.894797, 46.25539 ], [ 10.895551, 46.257186 ], [ 10.894384, 46.258479 ], [ 10.894196, 46.259671 ], [ 10.89661, 46.261103 ], [ 10.897491, 46.262096 ], [ 10.899, 46.262704 ], [ 10.901498, 46.263121 ], [ 10.904334, 46.263246 ], [ 10.905852, 46.264688 ], [ 10.905896, 46.267004 ], [ 10.906577, 46.268381 ], [ 10.905165, 46.269367 ], [ 10.904941, 46.270174 ], [ 10.903693, 46.271929 ], [ 10.903122, 46.273331 ], [ 10.90325, 46.276904 ], [ 10.902137, 46.277542 ], [ 10.901474, 46.278492 ], [ 10.90163, 46.27961 ], [ 10.902761, 46.280869 ], [ 10.90327, 46.28184 ], [ 10.903764, 46.283751 ], [ 10.907004, 46.284937 ], [ 10.908756, 46.286418 ], [ 10.910015, 46.288264 ], [ 10.911267, 46.289604 ], [ 10.912938, 46.291759 ], [ 10.911612, 46.294103 ], [ 10.910733, 46.294798 ], [ 10.909933, 46.296577 ], [ 10.909674, 46.298174 ], [ 10.90982, 46.298839 ], [ 10.914692, 46.300646 ], [ 10.915391, 46.301051 ], [ 10.91826, 46.299102 ], [ 10.918948, 46.298955 ], [ 10.91964, 46.303033 ], [ 10.917361, 46.306354 ], [ 10.916255, 46.307666 ], [ 10.914457, 46.308959 ], [ 10.915824, 46.312435 ], [ 10.916265, 46.313036 ], [ 10.916407, 46.314536 ], [ 10.915811, 46.316409 ], [ 10.916634, 46.318929 ], [ 10.917233, 46.320039 ], [ 10.915233, 46.320505 ], [ 10.914434, 46.320895 ], [ 10.912786, 46.322744 ], [ 10.911476, 46.323703 ], [ 10.910135, 46.325927 ], [ 10.909867, 46.327235 ], [ 10.90932, 46.328301 ], [ 10.907974, 46.329425 ], [ 10.906866, 46.329781 ], [ 10.905723, 46.331113 ], [ 10.904181, 46.332512 ], [ 10.90392, 46.33395 ], [ 10.901838, 46.336138 ], [ 10.901763, 46.336947 ], [ 10.90112, 46.337722 ], [ 10.899448, 46.339114 ], [ 10.897216, 46.341437 ], [ 10.895271, 46.343044 ], [ 10.894697, 46.343748 ], [ 10.892375, 46.345028 ] ] ] } },
{ "type": "Feature", "properties": { "com_altname": null, "com_area_code": "ITA", "com_capoluogo": "No", "com_code": "22083", "com_name": "Fiavè", "com_name_lower": "fiavè", "com_name_upper": "FIAVÈ", "com_type": "Comune", "geo_point_2d": { "lat": 45.985161055483985, "lon": 10.820155684205778 }, "prov_code": "22", "prov_name": "Trento", "reg_code": "4", "reg_name": "Trentino-Alto Adige", "rip_code": "2", "rip_name": "Nord-Est", "year": "2022" }, "geometry": { "type": "Polygon", "coordinates": [ [ [ 10.836071, 45.961176 ], [ 10.835592, 45.962534 ], [ 10.835724, 45.967756 ], [ 10.835205, 45.969811 ], [ 10.834162, 45.971308 ], [ 10.83323, 45.972153 ], [ 10.832954, 45.973312 ], [ 10.833023, 45.97453 ], [ 10.833591, 45.975515 ], [ 10.835598, 45.977359 ], [ 10.835556, 45.977655 ], [ 10.837129, 45.978571 ], [ 10.838411, 45.979011 ], [ 10.839152, 45.978867 ], [ 10.840786, 45.981556 ], [ 10.842505, 45.982774 ], [ 10.844756, 45.985102 ], [ 10.847289, 45.986608 ], [ 10.847982, 45.987592 ], [ 10.849428, 45.988931 ], [ 10.850835, 45.989862 ], [ 10.8516, 45.988822 ], [ 10.854959, 45.988452 ], [ 10.856145, 45.990377 ], [ 10.856284, 45.991493 ], [ 10.856948, 45.99223 ], [ 10.856571, 45.993348 ], [ 10.856662, 45.994652 ], [ 10.857112, 45.99557 ], [ 10.857946, 45.995613 ], [ 10.858271, 45.997419 ], [ 10.859333, 45.998036 ], [ 10.859627, 45.998912 ], [ 10.861207, 45.999493 ], [ 10.861219, 46.001163 ], [ 10.860866, 46.003329 ], [ 10.861081, 46.007959 ], [ 10.859425, 46.008069 ], [ 10.857776, 46.008434 ], [ 10.857593, 46.008014 ], [ 10.856288, 46.007508 ], [ 10.85534, 46.007697 ], [ 10.853375, 46.008858 ], [ 10.852008, 46.009955 ], [ 10.851237, 46.011111 ], [ 10.852493, 46.012631 ], [ 10.853678, 46.013282 ], [ 10.855143, 46.015271 ], [ 10.855238, 46.016358 ], [ 10.856486, 46.017589 ], [ 10.858541, 46.020409 ], [ 10.858698, 46.021503 ], [ 10.858352, 46.022112 ], [ 10.856592, 46.021903 ], [ 10.855488, 46.021171 ], [ 10.852811, 46.02117 ], [ 10.851959, 46.020974 ], [ 10.851376, 46.020233 ], [ 10.850449, 46.020442 ], [ 10.84734, 46.019341 ], [ 10.846581, 46.018528 ], [ 10.845722, 46.018853 ], [ 10.84325, 46.018387 ], [ 10.84192, 46.017692 ], [ 10.841297, 46.018142 ], [ 10.839772, 46.018006 ], [ 10.838761, 46.018973 ], [ 10.83758, 46.01879 ], [ 10.835746, 46.018963 ], [ 10.835074, 46.018457 ], [ 10.832846, 46.01783 ], [ 10.830121, 46.015623 ], [ 10.829322, 46.014285 ], [ 10.827774, 46.012759 ], [ 10.826027, 46.012204 ], [ 10.82481, 46.01057 ], [ 10.823925, 46.010146 ], [ 10.823154, 46.006039 ], [ 10.82225, 46.003956 ], [ 10.820989, 45.99954 ], [ 10.820832, 45.997914 ], [ 10.819056, 45.993619 ], [ 10.817479, 45.991594 ], [ 10.817076, 45.990559 ], [ 10.815187, 45.99018 ], [ 10.814078, 45.989704 ], [ 10.813885, 45.991001 ], [ 10.813164, 45.992775 ], [ 10.811555, 45.993353 ], [ 10.809456, 45.994437 ], [ 10.809989, 45.996481 ], [ 10.81092, 45.997276 ], [ 10.809881, 45.998008 ], [ 10.808896, 45.99776 ], [ 10.80768, 45.99839 ], [ 10.807529, 45.996991 ], [ 10.806184, 45.996357 ], [ 10.803752, 45.996507 ], [ 10.801615, 45.996409 ], [ 10.799684, 45.994868 ], [ 10.799183, 45.994189 ], [ 10.798796, 45.992677 ], [ 10.797914, 45.991477 ], [ 10.795913, 45.990483 ], [ 10.794912, 45.990257 ], [ 10.795187, 45.98869 ], [ 10.794837, 45.988105 ], [ 10.794859, 45.986946 ], [ 10.790648, 45.9837 ], [ 10.790298, 45.982365 ], [ 10.786152, 45.979007 ], [ 10.78378, 45.977499 ], [ 10.782344, 45.976921 ], [ 10.782033, 45.975199 ], [ 10.782357, 45.974352 ], [ 10.779527, 45.973927 ], [ 10.778344, 45.973432 ], [ 10.777404, 45.971931 ], [ 10.776861, 45.971605 ], [ 10.774241, 45.971664 ], [ 10.771465, 45.971997 ], [ 10.769378, 45.972731 ], [ 10.767142, 45.970135 ], [ 10.764432, 45.968828 ], [ 10.763713, 45.966881 ], [ 10.763896, 45.96645 ], [ 10.765048, 45.965442 ], [ 10.765856, 45.964253 ], [ 10.768841, 45.964772 ], [ 10.770395, 45.964754 ], [ 10.773032, 45.963284 ], [ 10.777292, 45.962026 ], [ 10.781901, 45.962417 ], [ 10.784289, 45.962208 ], [ 10.78643, 45.961469 ], [ 10.789242, 45.961905 ], [ 10.79106, 45.961725 ], [ 10.79326, 45.960593 ], [ 10.794744, 45.960496 ], [ 10.795971, 45.959821 ], [ 10.799579, 45.959765 ], [ 10.801333, 45.959229 ], [ 10.802602, 45.958565 ], [ 10.804651, 45.958397 ], [ 10.806555, 45.957804 ], [ 10.808372, 45.958307 ], [ 10.810104, 45.959935 ], [ 10.812056, 45.960025 ], [ 10.815885, 45.959597 ], [ 10.82108, 45.959972 ], [ 10.825151, 45.959424 ], [ 10.826129, 45.958636 ], [ 10.828092, 45.958415 ], [ 10.829362, 45.958782 ], [ 10.829824, 45.959682 ], [ 10.832303, 45.960338 ], [ 10.836071, 45.961176 ] ] ] } },
{ "type": "Feature", "properties": { "com_altname": null, "com_area_code": "ITA", "com_capoluogo": "No", "com_code": "22242", "com_name": "Contà", "com_name_lower": "contà", "com_name_upper": "CONTÀ", "com_type": "Comune", "geo_point_2d": { "lat": 46.29489563191195, "lon": 11.01760127922963 }, "prov_code": "22", "prov_name": "Trento", "reg_code": "4", "reg_name": "Trentino-Alto Adige", "rip_code": "2", "rip_name": "Nord-Est", "year": "2022" }, "geometry": { "type": "Polygon", "coordinates": [ [ [ 11.053314, 46.299663 ], [ 11.052209, 46.301379 ], [ 11.051288, 46.301976 ], [ 11.051056, 46.302975 ], [ 11.05148, 46.303624 ], [ 11.050506, 46.304816 ], [ 11.049391, 46.304994 ], [ 11.048511, 46.305666 ], [ 11.047116, 46.305313 ], [ 11.04592, 46.306005 ], [ 11.043714, 46.305847 ], [ 11.042324, 46.306187 ], [ 11.041163, 46.307481 ], [ 11.040955, 46.308749 ], [ 11.039631, 46.309245 ], [ 11.038914, 46.310298 ], [ 11.036932, 46.311309 ], [ 11.036713, 46.312033 ], [ 11.034758, 46.312968 ], [ 11.033018, 46.314511 ], [ 11.031943, 46.314953 ], [ 11.029132, 46.315125 ], [ 11.028051, 46.315639 ], [ 11.027111, 46.315399 ], [ 11.026309, 46.315823 ], [ 11.023897, 46.315245 ], [ 11.021557, 46.316892 ], [ 11.019283, 46.31669 ], [ 11.018107, 46.31757 ], [ 11.016984, 46.317882 ], [ 11.016553, 46.318587 ], [ 11.014398, 46.319818 ], [ 11.012753, 46.321224 ], [ 11.011074, 46.321559 ], [ 11.009423, 46.322776 ], [ 11.007671, 46.323176 ], [ 11.005263, 46.322921 ], [ 11.004936, 46.322315 ], [ 11.005328, 46.321136 ], [ 11.004804, 46.319339 ], [ 11.003047, 46.316183 ], [ 11.002971, 46.314227 ], [ 11.001315, 46.31017 ], [ 10.999848, 46.308895 ], [ 10.995927, 46.306102 ], [ 10.996457, 46.304387 ], [ 10.99241, 46.300548 ], [ 10.991707, 46.299491 ], [ 10.987798, 46.294891 ], [ 10.985857, 46.292985 ], [ 10.985829, 46.29097 ], [ 10.982951, 46.290952 ], [ 10.982197, 46.286715 ], [ 10.981804, 46.285675 ], [ 10.983348, 46.28401 ], [ 10.983713, 46.282758 ], [ 10.980375, 46.281107 ], [ 10.981737, 46.280017 ], [ 10.979836, 46.278025 ], [ 10.979185, 46.276845 ], [ 10.985922, 46.277668 ], [ 10.989659, 46.277625 ], [ 10.993165, 46.277247 ], [ 10.994151, 46.276989 ], [ 10.99984, 46.27704 ], [ 11.007673, 46.276056 ], [ 11.01801, 46.275442 ], [ 11.02338, 46.274069 ], [ 11.027955, 46.274956 ], [ 11.030859, 46.275417 ], [ 11.034168, 46.275678 ], [ 11.035217, 46.276055 ], [ 11.037942, 46.276506 ], [ 11.038466, 46.277118 ], [ 11.039087, 46.279244 ], [ 11.040513, 46.278953 ], [ 11.040553, 46.279974 ], [ 11.041024, 46.281397 ], [ 11.042062, 46.281428 ], [ 11.043497, 46.282703 ], [ 11.045696, 46.282609 ], [ 11.045893, 46.283348 ], [ 11.047011, 46.283072 ], [ 11.047904, 46.283353 ], [ 11.049531, 46.286052 ], [ 11.049235, 46.287523 ], [ 11.049301, 46.28929 ], [ 11.048897, 46.292381 ], [ 11.051338, 46.292734 ], [ 11.051677, 46.293662 ], [ 11.050462, 46.297014 ], [ 11.053314, 46.299663 ] ] ] } },
{ "type": "Feature", "properties": { "com_altname": null, "com_area_code": "ITA", "com_capoluogo": "No", "com_code": "22043", "com_name": "Carzano", "com_name_lower": "carzano", "com_name_upper": "CARZANO", "com_type": "Comune", "geo_point_2d": { "lat": 46.07254121581262, "lon": 11.493851701045125 }, "prov_code": "22", "prov_name": "Trento", "reg_code": "4", "reg_name": "Trentino-Alto Adige", "rip_code": "2", "rip_name": "Nord-Est", "year": "2022" }, "geometry": { "type": "Polygon", "coordinates": [ [ [ 11.498816, 46.061126 ], [ 11.4975, 46.063131 ], [ 11.497271, 46.064688 ], [ 11.496347, 46.067172 ], [ 11.496361, 46.068444 ], [ 11.496892, 46.07173 ], [ 11.496792, 46.073025 ], [ 11.497893, 46.076499 ], [ 11.496917, 46.080438 ], [ 11.497097, 46.082047 ], [ 11.497853, 46.083021 ], [ 11.498335, 46.084271 ], [ 11.499495, 46.084759 ], [ 11.500137, 46.086096 ], [ 11.501005, 46.086878 ], [ 11.502754, 46.087552 ], [ 11.503412, 46.088291 ], [ 11.50329, 46.089089 ], [ 11.501906, 46.089555 ], [ 11.502177, 46.090875 ], [ 11.499564, 46.089356 ], [ 11.499334, 46.087826 ], [ 11.49843, 46.087322 ], [ 11.496567, 46.086918 ], [ 11.494483, 46.085188 ], [ 11.493363, 46.083451 ], [ 11.493555, 46.083003 ], [ 11.492652, 46.082344 ], [ 11.49167, 46.083897 ], [ 11.489483, 46.083742 ], [ 11.490009, 46.083262 ], [ 11.489037, 46.082356 ], [ 11.48828, 46.082248 ], [ 11.488827, 46.081198 ], [ 11.489102, 46.079792 ], [ 11.490998, 46.079392 ], [ 11.491083, 46.078236 ], [ 11.492363, 46.077635 ], [ 11.492691, 46.076985 ], [ 11.491526, 46.076056 ], [ 11.490506, 46.074659 ], [ 11.490095, 46.073015 ], [ 11.488546, 46.072425 ], [ 11.489109, 46.070825 ], [ 11.488475, 46.06981 ], [ 11.490246, 46.06925 ], [ 11.489696, 46.068595 ], [ 11.489639, 46.067755 ], [ 11.491065, 46.066922 ], [ 11.489537, 46.065108 ], [ 11.490401, 46.064685 ], [ 11.490134, 46.063853 ], [ 11.491572, 46.063519 ], [ 11.490864, 46.062108 ], [ 11.489888, 46.061809 ], [ 11.489853, 46.060869 ], [ 11.489052, 46.060252 ], [ 11.486907, 46.060161 ], [ 11.487103, 46.05926 ], [ 11.486307, 46.058669 ], [ 11.484204, 46.058215 ], [ 11.481176, 46.057125 ], [ 11.484412, 46.057298 ], [ 11.487395, 46.057642 ], [ 11.489555, 46.058146 ], [ 11.491355, 46.058346 ], [ 11.494901, 46.059053 ], [ 11.496372, 46.060361 ], [ 11.497941, 46.060654 ], [ 11.498816, 46.061126 ] ] ] } },
{ "type": "Feature", "properties": { "com_altname": null, "com_area_code": "ITA", "com_capoluogo": "No", "com_code": "22018", "com_name": "Bocenago", "com_name_lower": "bocenago", "com_name_upper": "BOCENAGO", "com_type": "Comune", "geo_point_2d": { "lat": 46.11782480845743, "lon": 10.77224739218711 }, "prov_code": "22", "prov_name": "Trento", "reg_code": "4", "reg_name": "Trentino-Alto Adige", "rip_code": "2", "rip_name": "Nord-Est", "year": "2022" }, "geometry": { "type": "Polygon", "coordinates": [ [ [ 10.787624, 46.111808 ], [ 10.788219, 46.112748 ], [ 10.789611, 46.113735 ], [ 10.790224, 46.115442 ], [ 10.790311, 46.116642 ], [ 10.79193, 46.118093 ], [ 10.792253, 46.119181 ], [ 10.792109, 46.120204 ], [ 10.791538, 46.121262 ], [ 10.791662, 46.122914 ], [ 10.790639, 46.12434 ], [ 10.790905, 46.126938 ], [ 10.789408, 46.12859 ], [ 10.788125, 46.12836 ], [ 10.786358, 46.129744 ], [ 10.784066, 46.130411 ], [ 10.781451, 46.131917 ], [ 10.779227, 46.132716 ], [ 10.775371, 46.133472 ], [ 10.773477, 46.134172 ], [ 10.768335, 46.134647 ], [ 10.763779, 46.135377 ], [ 10.763586, 46.135524 ], [ 10.763667, 46.132923 ], [ 10.763095, 46.132217 ], [ 10.761833, 46.129887 ], [ 10.761182, 46.12984 ], [ 10.760277, 46.127387 ], [ 10.758473, 46.125561 ], [ 10.75754, 46.124929 ], [ 10.755632, 46.124199 ], [ 10.754344, 46.123466 ], [ 10.753794, 46.121954 ], [ 10.754463, 46.120144 ], [ 10.755328, 46.118865 ], [ 10.755267, 46.117547 ], [ 10.753238, 46.115675 ], [ 10.753131, 46.11394 ], [ 10.752344, 46.113189 ], [ 10.750444, 46.11231 ], [ 10.749988, 46.11083 ], [ 10.75006, 46.109323 ], [ 10.749828, 46.10857 ], [ 10.753226, 46.107753 ], [ 10.758623, 46.106747 ], [ 10.761081, 46.105538 ], [ 10.762146, 46.105728 ], [ 10.762664, 46.106416 ], [ 10.763664, 46.105857 ], [ 10.76444, 46.104975 ], [ 10.765623, 46.10438 ], [ 10.767243, 46.102722 ], [ 10.772849, 46.100151 ], [ 10.773746, 46.099618 ], [ 10.774684, 46.100366 ], [ 10.775017, 46.101356 ], [ 10.776256, 46.102135 ], [ 10.779533, 46.103377 ], [ 10.780125, 46.104308 ], [ 10.782077, 46.104707 ], [ 10.785462, 46.10505 ], [ 10.787959, 46.106134 ], [ 10.78842, 46.107028 ], [ 10.787212, 46.110139 ], [ 10.787624, 46.111808 ] ] ] } },
{ "type": "Feature", "properties": { "com_altname": null, "com_area_code": "ITA", "com_capoluogo": "No", "com_code": "22093", "com_name": "Giustino", "com_name_lower": "giustino", "com_name_upper": "GIUSTINO", "com_type": "Comune", "geo_point_2d": { "lat": 46.19004402328215, "lon": 10.715004309990247 }, "prov_code": "22", "prov_name": "Trento", "reg_code": "4", "reg_name": "Trentino-Alto Adige", "rip_code": "2", "rip_name": "Nord-Est", "year": "2022" }, "geometry": { "type": "MultiPolygon", "coordinates": [ [ [ [ 10.649195, 46.215942 ], [ 10.65159, 46.21307 ], [ 10.65512, 46.210022 ], [ 10.656206, 46.205212 ], [ 10.655984, 46.202273 ], [ 10.656631, 46.201467 ], [ 10.659157, 46.199096 ], [ 10.660152, 46.197025 ], [ 10.660656, 46.196838 ], [ 10.661667, 46.192651 ], [ 10.662171, 46.19161 ], [ 10.663775, 46.189817 ], [ 10.665624, 46.189408 ], [ 10.666765, 46.188547 ], [ 10.67231, 46.18658 ], [ 10.676464, 46.184804 ], [ 10.677116, 46.178997 ], [ 10.675495, 46.17696 ], [ 10.674518, 46.174054 ], [ 10.676632, 46.17041 ], [ 10.677244, 46.169555 ], [ 10.677101, 46.16529 ], [ 10.67866, 46.164981 ], [ 10.68169, 46.16402 ], [ 10.68507, 46.164761 ], [ 10.689223, 46.164934 ], [ 10.690426, 46.165117 ], [ 10.692654, 46.164946 ], [ 10.695249, 46.164958 ], [ 10.698792, 46.165688 ], [ 10.700343, 46.165764 ], [ 10.703203, 46.166405 ], [ 10.707564, 46.166892 ], [ 10.711416, 46.168026 ], [ 10.714303, 46.168438 ], [ 10.716321, 46.168362 ], [ 10.717755, 46.168624 ], [ 10.719745, 46.16854 ], [ 10.718797, 46.170871 ], [ 10.716186, 46.172773 ], [ 10.716724, 46.173473 ], [ 10.718851, 46.178984 ], [ 10.719556, 46.180246 ], [ 10.721014, 46.18199 ], [ 10.722666, 46.183696 ], [ 10.722079, 46.185832 ], [ 10.722285, 46.186503 ], [ 10.722059, 46.188256 ], [ 10.72106, 46.188683 ], [ 10.71849, 46.190349 ], [ 10.717308, 46.190772 ], [ 10.715665, 46.191786 ], [ 10.712465, 46.193152 ], [ 10.71077, 46.195461 ], [ 10.709942, 46.197015 ], [ 10.710475, 46.198123 ], [ 10.71247, 46.198435 ], [ 10.714618, 46.198274 ], [ 10.717447, 46.197433 ], [ 10.719762, 46.196897 ], [ 10.720798, 46.196201 ], [ 10.721914, 46.19596 ], [ 10.724476, 46.195983 ], [ 10.725805, 46.196211 ], [ 10.727505, 46.196068 ], [ 10.731561, 46.195014 ], [ 10.732386, 46.195037 ], [ 10.733303, 46.193953 ], [ 10.735016, 46.192925 ], [ 10.737908, 46.191815 ], [ 10.73839, 46.191243 ], [ 10.739764, 46.191131 ], [ 10.740429, 46.191934 ], [ 10.741258, 46.19225 ], [ 10.742918, 46.195721 ], [ 10.745867, 46.196736 ], [ 10.747858, 46.197283 ], [ 10.748963, 46.197813 ], [ 10.753293, 46.198936 ], [ 10.755922, 46.199525 ], [ 10.755221, 46.202455 ], [ 10.754634, 46.202211 ], [ 10.753295, 46.203019 ], [ 10.752673, 46.204358 ], [ 10.751949, 46.205181 ], [ 10.754571, 46.207172 ], [ 10.753938, 46.208032 ], [ 10.754188, 46.210072 ], [ 10.753889, 46.211341 ], [ 10.748962, 46.210439 ], [ 10.746317, 46.210256 ], [ 10.745704, 46.211136 ], [ 10.744287, 46.211637 ], [ 10.74189, 46.21337 ], [ 10.738971, 46.213376 ], [ 10.736016, 46.213149 ], [ 10.733924, 46.213273 ], [ 10.731142, 46.214135 ], [ 10.728399, 46.213978 ], [ 10.727192, 46.214477 ], [ 10.723417, 46.21465 ], [ 10.721274, 46.214998 ], [ 10.719881, 46.214914 ], [ 10.716882, 46.215384 ], [ 10.715337, 46.216024 ], [ 10.714317, 46.216009 ], [ 10.712241, 46.216517 ], [ 10.711241, 46.217124 ], [ 10.710089, 46.216948 ], [ 10.708013, 46.217445 ], [ 10.70671, 46.21799 ], [ 10.703245, 46.219118 ], [ 10.702835, 46.219518 ], [ 10.70253, 46.22088 ], [ 10.70129, 46.221709 ], [ 10.699008, 46.221758 ], [ 10.695748, 46.222154 ], [ 10.693368, 46.223328 ], [ 10.692443, 46.224319 ], [ 10.691128, 46.224867 ], [ 10.689767, 46.22591 ], [ 10.688415, 46.226107 ], [ 10.686999, 46.226801 ], [ 10.684456, 46.227103 ], [ 10.68396, 46.22753 ], [ 10.682383, 46.227446 ], [ 10.680206, 46.229682 ], [ 10.679924, 46.230399 ], [ 10.678308, 46.231088 ], [ 10.675763, 46.230831 ], [ 10.674342, 46.22947 ], [ 10.673144, 46.228661 ], [ 10.672269, 46.227401 ], [ 10.671573, 46.226978 ], [ 10.669875, 46.226742 ], [ 10.667939, 46.225151 ], [ 10.66745, 46.223289 ], [ 10.665621, 46.220763 ], [ 10.66452, 46.220131 ], [ 10.663501, 46.220079 ], [ 10.662106, 46.22066 ], [ 10.659536, 46.221448 ], [ 10.657067, 46.222029 ], [ 10.656652, 46.221786 ], [ 10.653385, 46.221691 ], [ 10.652894, 46.221033 ], [ 10.652681, 46.218761 ], [ 10.651726, 46.218059 ], [ 10.651396, 46.217228 ], [ 10.649966, 46.216129 ], [ 10.649195, 46.215942 ] ] ], [ [ [ 10.813393, 46.171334 ], [ 10.808562, 46.172549 ], [ 10.808229, 46.173614 ], [ 10.806796, 46.172964 ], [ 10.805639, 46.171422 ], [ 10.802741, 46.168085 ], [ 10.802126, 46.167229 ], [ 10.801267, 46.164708 ], [ 10.797441, 46.163191 ], [ 10.794695, 46.161278 ], [ 10.791749, 46.161162 ], [ 10.789452, 46.159759 ], [ 10.788523, 46.161548 ], [ 10.787251, 46.162147 ], [ 10.785484, 46.164068 ], [ 10.784939, 46.164392 ], [ 10.782677, 46.164909 ], [ 10.782079, 46.163404 ], [ 10.779488, 46.160196 ], [ 10.778095, 46.159483 ], [ 10.776209, 46.159133 ], [ 10.771122, 46.157674 ], [ 10.769957, 46.157153 ], [ 10.770371, 46.156371 ], [ 10.768406, 46.155963 ], [ 10.768686, 46.155396 ], [ 10.767395, 46.154721 ], [ 10.766086, 46.154395 ], [ 10.76314, 46.154304 ], [ 10.760887, 46.154005 ], [ 10.759767, 46.15313 ], [ 10.758438, 46.152551 ], [ 10.758531, 46.151848 ], [ 10.761553, 46.150203 ], [ 10.763525, 46.149762 ], [ 10.764523, 46.148644 ], [ 10.765162, 46.145781 ], [ 10.765867, 46.143608 ], [ 10.765734, 46.139387 ], [ 10.765155, 46.137087 ], [ 10.766426, 46.136317 ], [ 10.767073, 46.136821 ], [ 10.768452, 46.136565 ], [ 10.769361, 46.139281 ], [ 10.769197, 46.140349 ], [ 10.7702, 46.141031 ], [ 10.769695, 46.141542 ], [ 10.770668, 46.142635 ], [ 10.77117, 46.144191 ], [ 10.773358, 46.145177 ], [ 10.772286, 46.145975 ], [ 10.773462, 46.146668 ], [ 10.774465, 46.146393 ], [ 10.774428, 46.145554 ], [ 10.775728, 46.144904 ], [ 10.777362, 46.145096 ], [ 10.780029, 46.145092 ], [ 10.783123, 46.144485 ], [ 10.783377, 46.144162 ], [ 10.784991, 46.144537 ], [ 10.78634, 46.144419 ], [ 10.788834, 46.143911 ], [ 10.792879, 46.144238 ], [ 10.793844, 46.143622 ], [ 10.79696, 46.142731 ], [ 10.799459, 46.14247 ], [ 10.800227, 46.143132 ], [ 10.801357, 46.144823 ], [ 10.803241, 46.148428 ], [ 10.805321, 46.149102 ], [ 10.808941, 46.153138 ], [ 10.813073, 46.154767 ], [ 10.814287, 46.156321 ], [ 10.814415, 46.157708 ], [ 10.813501, 46.159551 ], [ 10.813762, 46.162078 ], [ 10.813474, 46.167506 ], [ 10.813575, 46.168144 ], [ 10.816114, 46.170541 ], [ 10.813393, 46.171334 ] ] ] ] } },
{ "type": "Feature", "properties": { "com_altname": null, "com_area_code": "ITA", "com_capoluogo": "No", "com_code": "22061", "com_name": "Civezzano", "com_name_lower": "civezzano", "com_name_upper": "CIVEZZANO", "com_type": "Comune", "geo_point_2d": { "lat": 46.10096144620327, "lon": 11.180966823841782 }, "prov_code": "22", "prov_name": "Trento", "reg_code": "4", "reg_name": "Trentino-Alto Adige", "rip_code": "2", "rip_name": "Nord-Est", "year": "2022" }, "geometry": { "type": "Polygon", "coordinates": [ [ [ 11.189713, 46.126824 ], [ 11.188661, 46.126045 ], [ 11.185919, 46.126679 ], [ 11.184368, 46.126638 ], [ 11.179242, 46.125205 ], [ 11.176896, 46.125312 ], [ 11.174063, 46.12572 ], [ 11.172004, 46.126163 ], [ 11.165639, 46.125456 ], [ 11.163626, 46.125056 ], [ 11.163268, 46.122805 ], [ 11.162449, 46.12178 ], [ 11.160846, 46.121048 ], [ 11.159445, 46.11917 ], [ 11.158781, 46.118958 ], [ 11.156874, 46.117686 ], [ 11.156643, 46.117152 ], [ 11.156851, 46.115123 ], [ 11.155676, 46.113765 ], [ 11.155621, 46.112757 ], [ 11.154057, 46.109275 ], [ 11.153004, 46.10871 ], [ 11.152861, 46.107225 ], [ 11.153017, 46.105782 ], [ 11.152841, 46.104498 ], [ 11.155585, 46.104122 ], [ 11.156772, 46.1007 ], [ 11.153817, 46.098698 ], [ 11.155206, 46.097677 ], [ 11.161079, 46.09421 ], [ 11.165773, 46.09261 ], [ 11.168489, 46.091505 ], [ 11.173208, 46.087786 ], [ 11.174914, 46.085372 ], [ 11.17217, 46.083205 ], [ 11.170964, 46.082463 ], [ 11.171771, 46.081259 ], [ 11.173425, 46.08112 ], [ 11.173583, 46.080408 ], [ 11.175438, 46.080029 ], [ 11.176192, 46.07957 ], [ 11.177028, 46.079678 ], [ 11.178525, 46.078545 ], [ 11.179482, 46.078386 ], [ 11.182026, 46.077076 ], [ 11.184251, 46.07375 ], [ 11.188568, 46.071813 ], [ 11.189639, 46.071679 ], [ 11.190538, 46.072601 ], [ 11.191564, 46.073091 ], [ 11.192624, 46.074939 ], [ 11.196121, 46.079331 ], [ 11.19661, 46.080562 ], [ 11.198426, 46.08029 ], [ 11.199728, 46.080976 ], [ 11.201111, 46.081326 ], [ 11.202308, 46.081076 ], [ 11.203531, 46.082065 ], [ 11.203298, 46.08335 ], [ 11.202667, 46.083874 ], [ 11.203686, 46.084846 ], [ 11.20391, 46.086921 ], [ 11.205076, 46.088104 ], [ 11.205479, 46.090468 ], [ 11.208015, 46.092634 ], [ 11.208666, 46.092967 ], [ 11.209158, 46.093947 ], [ 11.208803, 46.094738 ], [ 11.207709, 46.096059 ], [ 11.206908, 46.097536 ], [ 11.207363, 46.098108 ], [ 11.206766, 46.100153 ], [ 11.207323, 46.10193 ], [ 11.207622, 46.103794 ], [ 11.209014, 46.106396 ], [ 11.208378, 46.108083 ], [ 11.207558, 46.108545 ], [ 11.206538, 46.108002 ], [ 11.204922, 46.10775 ], [ 11.203596, 46.106823 ], [ 11.201237, 46.106572 ], [ 11.199706, 46.10601 ], [ 11.19878, 46.107733 ], [ 11.19613, 46.108177 ], [ 11.193242, 46.109312 ], [ 11.189551, 46.110371 ], [ 11.188702, 46.110471 ], [ 11.188113, 46.114941 ], [ 11.187701, 46.116147 ], [ 11.186724, 46.117667 ], [ 11.187322, 46.118608 ], [ 11.188254, 46.122326 ], [ 11.188631, 46.124991 ], [ 11.189713, 46.126824 ] ] ] } },
{ "type": "Feature", "properties": { "com_altname": null, "com_area_code": "ITA", "com_capoluogo": "No", "com_code": "22058", "com_name": "Cimone", "com_name_lower": "cimone", "com_name_upper": "CIMONE", "com_type": "Comune", "geo_point_2d": { "lat": 45.979698880815, "lon": 11.059044805686861 }, "prov_code": "22", "prov_name": "Trento", "reg_code": "4", "reg_name": "Trentino-Alto Adige", "rip_code": "2", "rip_name": "Nord-Est", "year": "2022" }, "geometry": { "type": "Polygon", "coordinates": [ [ [ 11.086324, 45.976968 ], [ 11.083997, 45.977529 ], [ 11.083477, 45.978054 ], [ 11.08435, 45.980089 ], [ 11.083785, 45.981032 ], [ 11.084267, 45.98149 ], [ 11.084708, 45.98297 ], [ 11.082311, 45.98443 ], [ 11.081108, 45.984479 ], [ 11.078057, 45.985029 ], [ 11.077705, 45.98534 ], [ 11.076027, 45.988052 ], [ 11.075415, 45.988803 ], [ 11.070425, 45.991799 ], [ 11.058958, 45.996114 ], [ 11.056361, 45.995752 ], [ 11.054767, 45.996663 ], [ 11.053714, 45.996506 ], [ 11.052545, 45.996842 ], [ 11.051524, 45.99762 ], [ 11.050503, 45.997511 ], [ 11.050317, 45.996943 ], [ 11.047558, 45.996226 ], [ 11.046543, 45.994664 ], [ 11.044612, 45.995875 ], [ 11.039509, 45.991254 ], [ 11.038039, 45.988167 ], [ 11.037446, 45.986043 ], [ 11.035826, 45.981486 ], [ 11.038143, 45.980279 ], [ 11.039141, 45.978683 ], [ 11.042535, 45.975352 ], [ 11.044711, 45.973433 ], [ 11.048231, 45.971177 ], [ 11.048374, 45.968698 ], [ 11.048852, 45.9651 ], [ 11.049935, 45.962538 ], [ 11.049841, 45.962167 ], [ 11.048291, 45.960807 ], [ 11.045792, 45.959414 ], [ 11.045123, 45.95809 ], [ 11.042824, 45.957218 ], [ 11.044288, 45.956653 ], [ 11.046433, 45.957202 ], [ 11.047841, 45.956959 ], [ 11.05107, 45.95759 ], [ 11.052313, 45.958076 ], [ 11.053066, 45.958805 ], [ 11.05431, 45.959104 ], [ 11.055129, 45.960537 ], [ 11.056241, 45.961188 ], [ 11.061762, 45.963476 ], [ 11.062804, 45.964367 ], [ 11.064433, 45.964706 ], [ 11.066172, 45.965482 ], [ 11.06795, 45.965735 ], [ 11.068978, 45.966169 ], [ 11.069655, 45.967091 ], [ 11.072205, 45.970339 ], [ 11.073088, 45.970624 ], [ 11.07472, 45.972258 ], [ 11.074653, 45.975028 ], [ 11.074411, 45.976425 ], [ 11.076286, 45.976696 ], [ 11.076349, 45.974888 ], [ 11.077089, 45.974762 ], [ 11.079577, 45.973634 ], [ 11.080858, 45.973357 ], [ 11.083693, 45.973449 ], [ 11.084323, 45.973679 ], [ 11.085484, 45.973397 ], [ 11.086866, 45.973937 ], [ 11.087835, 45.975433 ], [ 11.087294, 45.976542 ], [ 11.086324, 45.976968 ] ] ] } },
{ "type": "Feature", "properties": { "com_altname": null, "com_area_code": "ITA", "com_capoluogo": "No", "com_code": "22060", "com_name": "Cis", "com_name_lower": "cis", "com_name_upper": "CIS", "com_type": "Comune", "geo_point_2d": { "lat": 46.4009881005964, "lon": 10.991911510656625 }, "prov_code": "22", "prov_name": "Trento", "reg_code": "4", "reg_name": "Trentino-Alto Adige", "rip_code": "2", "rip_name": "Nord-Est", "year": "2022" }, "geometry": { "type": "Polygon", "coordinates": [ [ [ 11.016145, 46.393605 ], [ 11.015969, 46.396065 ], [ 11.015235, 46.396969 ], [ 11.013426, 46.397613 ], [ 11.012687, 46.398553 ], [ 11.010481, 46.399192 ], [ 11.009889, 46.399878 ], [ 11.009955, 46.401364 ], [ 11.009375, 46.402215 ], [ 11.00876, 46.402161 ], [ 11.006588, 46.403957 ], [ 11.005948, 46.405695 ], [ 11.00358, 46.407633 ], [ 11.002658, 46.408113 ], [ 11.001876, 46.408971 ], [ 11.000975, 46.40932 ], [ 10.999235, 46.41064 ], [ 10.998155, 46.411691 ], [ 10.996892, 46.411677 ], [ 10.995904, 46.412063 ], [ 10.994109, 46.412077 ], [ 10.993031, 46.412473 ], [ 10.99033, 46.411549 ], [ 10.985811, 46.411456 ], [ 10.98436, 46.411265 ], [ 10.982114, 46.410692 ], [ 10.980921, 46.410803 ], [ 10.97941, 46.410028 ], [ 10.974799, 46.409181 ], [ 10.974951, 46.408323 ], [ 10.976218, 46.404503 ], [ 10.976102, 46.403083 ], [ 10.974473, 46.401582 ], [ 10.973226, 46.401279 ], [ 10.971558, 46.400111 ], [ 10.969277, 46.399628 ], [ 10.96942, 46.398526 ], [ 10.968977, 46.395936 ], [ 10.971023, 46.394528 ], [ 10.97126, 46.393926 ], [ 10.972681, 46.394028 ], [ 10.974293, 46.394855 ], [ 10.976576, 46.394604 ], [ 10.977151, 46.394325 ], [ 10.978903, 46.395115 ], [ 10.979207, 46.395935 ], [ 10.983272, 46.394222 ], [ 10.985585, 46.393428 ], [ 10.988785, 46.39166 ], [ 10.988904, 46.39071 ], [ 10.989752, 46.390884 ], [ 10.992359, 46.392653 ], [ 10.995201, 46.391067 ], [ 10.995441, 46.390731 ], [ 10.997492, 46.391294 ], [ 11.001778, 46.39293 ], [ 11.00235, 46.392176 ], [ 11.005197, 46.392344 ], [ 11.006224, 46.393307 ], [ 11.007193, 46.393681 ], [ 11.008927, 46.393192 ], [ 11.010724, 46.39307 ], [ 11.011998, 46.393345 ], [ 11.01374, 46.393179 ], [ 11.01423, 46.39277 ], [ 11.016145, 46.393605 ] ] ] } },
{ "type": "Feature", "properties": { "com_altname": null, "com_area_code": "ITA", "com_capoluogo": "No", "com_code": "22003", "com_name": "Aldeno", "com_name_lower": "aldeno", "com_name_upper": "ALDENO", "com_type": "Comune", "geo_point_2d": { "lat": 45.97120756307641, "lon": 11.092585819150624 }, "prov_code": "22", "prov_name": "Trento", "reg_code": "4", "reg_name": "Trentino-Alto Adige", "rip_code": "2", "rip_name": "Nord-Est", "year": "2022" }, "geometry": { "type": "Polygon", "coordinates": [ [ [ 11.069655, 45.967091 ], [ 11.070721, 45.966785 ], [ 11.069274, 45.964656 ], [ 11.069739, 45.961301 ], [ 11.07021, 45.959544 ], [ 11.069926, 45.958845 ], [ 11.070711, 45.95827 ], [ 11.070965, 45.957011 ], [ 11.072302, 45.956992 ], [ 11.07374, 45.956254 ], [ 11.07432, 45.955503 ], [ 11.075721, 45.955648 ], [ 11.077437, 45.953127 ], [ 11.078662, 45.952603 ], [ 11.078482, 45.953677 ], [ 11.079997, 45.95402 ], [ 11.082309, 45.954211 ], [ 11.087313, 45.953318 ], [ 11.087352, 45.954758 ], [ 11.092964, 45.954056 ], [ 11.093215, 45.953492 ], [ 11.094503, 45.953919 ], [ 11.096065, 45.95494 ], [ 11.097501, 45.954896 ], [ 11.09841, 45.955436 ], [ 11.099941, 45.957053 ], [ 11.100065, 45.957658 ], [ 11.101665, 45.958631 ], [ 11.102314, 45.958737 ], [ 11.10348, 45.959658 ], [ 11.104121, 45.960825 ], [ 11.103824, 45.961569 ], [ 11.105485, 45.963097 ], [ 11.105406, 45.964565 ], [ 11.106395, 45.967062 ], [ 11.107536, 45.967289 ], [ 11.107714, 45.968512 ], [ 11.108631, 45.970555 ], [ 11.110165, 45.972337 ], [ 11.110471, 45.973288 ], [ 11.109106, 45.977013 ], [ 11.108901, 45.978046 ], [ 11.109499, 45.981413 ], [ 11.110323, 45.982665 ], [ 11.111364, 45.983955 ], [ 11.112961, 45.985205 ], [ 11.11612, 45.988552 ], [ 11.113325, 45.989728 ], [ 11.109281, 45.990077 ], [ 11.106685, 45.990996 ], [ 11.103386, 45.990819 ], [ 11.097786, 45.991596 ], [ 11.092885, 45.993242 ], [ 11.091402, 45.991614 ], [ 11.089839, 45.989075 ], [ 11.088842, 45.987983 ], [ 11.091625, 45.987493 ], [ 11.093324, 45.986578 ], [ 11.091673, 45.984997 ], [ 11.090814, 45.983378 ], [ 11.089853, 45.982381 ], [ 11.089266, 45.981221 ], [ 11.089389, 45.980645 ], [ 11.088761, 45.979661 ], [ 11.086324, 45.976968 ], [ 11.087294, 45.976542 ], [ 11.087835, 45.975433 ], [ 11.086866, 45.973937 ], [ 11.085484, 45.973397 ], [ 11.084323, 45.973679 ], [ 11.083693, 45.973449 ], [ 11.080858, 45.973357 ], [ 11.079577, 45.973634 ], [ 11.077089, 45.974762 ], [ 11.076349, 45.974888 ], [ 11.076286, 45.976696 ], [ 11.074411, 45.976425 ], [ 11.074653, 45.975028 ], [ 11.07472, 45.972258 ], [ 11.073088, 45.970624 ], [ 11.072205, 45.970339 ], [ 11.069655, 45.967091 ] ] ] } },
{ "type": "Feature", "properties": { "com_altname": null, "com_area_code": "ITA", "com_capoluogo": "No", "com_code": "22078", "com_name": "Drena", "com_name_lower": "drena", "com_name_upper": "DRENA", "com_type": "Comune", "geo_point_2d": { "lat": 45.95549477958116, "lon": 10.961396697114022 }, "prov_code": "22", "prov_name": "Trento", "reg_code": "4", "reg_name": "Trentino-Alto Adige", "rip_code": "2", "rip_name": "Nord-Est", "year": "2022" }, "geometry": { "type": "Polygon", "coordinates": [ [ [ 10.946174, 45.975183 ], [ 10.944673, 45.974565 ], [ 10.942264, 45.972973 ], [ 10.940723, 45.972233 ], [ 10.938434, 45.972091 ], [ 10.936604, 45.971114 ], [ 10.933796, 45.969922 ], [ 10.935274, 45.969826 ], [ 10.937358, 45.968737 ], [ 10.93637, 45.96563 ], [ 10.934976, 45.963967 ], [ 10.933426, 45.962458 ], [ 10.932286, 45.960747 ], [ 10.937608, 45.958713 ], [ 10.938705, 45.958616 ], [ 10.939325, 45.959597 ], [ 10.94086, 45.960398 ], [ 10.943757, 45.960317 ], [ 10.943541, 45.959237 ], [ 10.946399, 45.958732 ], [ 10.947538, 45.957563 ], [ 10.949032, 45.956921 ], [ 10.95067, 45.955676 ], [ 10.951881, 45.954231 ], [ 10.952303, 45.953221 ], [ 10.952012, 45.952136 ], [ 10.95265, 45.951701 ], [ 10.952285, 45.949743 ], [ 10.953213, 45.948703 ], [ 10.954493, 45.946625 ], [ 10.956709, 45.94419 ], [ 10.958306, 45.943721 ], [ 10.960717, 45.942185 ], [ 10.962136, 45.941869 ], [ 10.963476, 45.941118 ], [ 10.965055, 45.94112 ], [ 10.966911, 45.940209 ], [ 10.970582, 45.939173 ], [ 10.984683, 45.93625 ], [ 10.986428, 45.937953 ], [ 10.988288, 45.940991 ], [ 10.988229, 45.941521 ], [ 10.983911, 45.948044 ], [ 10.982965, 45.94909 ], [ 10.981291, 45.950247 ], [ 10.976016, 45.956468 ], [ 10.974879, 45.958531 ], [ 10.970871, 45.962696 ], [ 10.967112, 45.966333 ], [ 10.96644, 45.967161 ], [ 10.964964, 45.965791 ], [ 10.961517, 45.965965 ], [ 10.960421, 45.967236 ], [ 10.958457, 45.968254 ], [ 10.957064, 45.96959 ], [ 10.953352, 45.971943 ], [ 10.951361, 45.972953 ], [ 10.94972, 45.973516 ], [ 10.947806, 45.974782 ], [ 10.946174, 45.975183 ] ] ] } },
{ "type": "Feature", "properties": { "com_altname": null, "com_area_code": "ITA", "com_capoluogo": "No", "com_code": "22047", "com_name": "Castello-Molina di Fiemme", "com_name_lower": "castello-molina di fiemme", "com_name_upper": "CASTELLO-MOLINA DI FIEMME", "com_type": "Comune", "geo_point_2d": { "lat": 46.22603092663104, "lon": 11.43273193392451 }, "prov_code": "22", "prov_name": "Trento", "reg_code": "4", "reg_name": "Trentino-Alto Adige", "rip_code": "2", "rip_name": "Nord-Est", "year": "2022" }, "geometry": { "type": "Polygon", "coordinates": [ [ [ 11.510732, 46.199503 ], [ 11.507179, 46.20072 ], [ 11.505673, 46.201079 ], [ 11.502179, 46.201202 ], [ 11.49979, 46.20181 ], [ 11.498532, 46.201702 ], [ 11.494425, 46.203178 ], [ 11.492848, 46.203564 ], [ 11.49191, 46.205456 ], [ 11.490215, 46.206087 ], [ 11.487318, 46.206249 ], [ 11.485035, 46.206785 ], [ 11.484022, 46.207329 ], [ 11.481916, 46.207762 ], [ 11.478673, 46.20686 ], [ 11.476072, 46.20581 ], [ 11.474466, 46.205826 ], [ 11.472402, 46.205196 ], [ 11.47001, 46.205032 ], [ 11.466599, 46.205879 ], [ 11.464017, 46.206682 ], [ 11.462698, 46.207638 ], [ 11.461336, 46.207622 ], [ 11.459835, 46.208545 ], [ 11.458606, 46.211209 ], [ 11.457681, 46.212282 ], [ 11.457185, 46.213364 ], [ 11.455524, 46.2142 ], [ 11.453367, 46.215831 ], [ 11.451764, 46.216234 ], [ 11.45102, 46.216124 ], [ 11.448206, 46.216706 ], [ 11.447162, 46.21888 ], [ 11.445161, 46.222289 ], [ 11.443845, 46.22301 ], [ 11.442252, 46.224808 ], [ 11.443322, 46.229924 ], [ 11.443138, 46.232223 ], [ 11.443475, 46.23308 ], [ 11.442741, 46.23495 ], [ 11.44281, 46.236514 ], [ 11.441962, 46.239314 ], [ 11.441179, 46.240593 ], [ 11.439317, 46.241683 ], [ 11.438413, 46.242666 ], [ 11.435411, 46.243999 ], [ 11.433424, 46.244536 ], [ 11.432689, 46.245794 ], [ 11.436299, 46.247634 ], [ 11.437408, 46.250994 ], [ 11.438802, 46.253475 ], [ 11.437428, 46.254972 ], [ 11.438633, 46.255819 ], [ 11.438386, 46.258723 ], [ 11.438119, 46.260015 ], [ 11.441147, 46.263911 ], [ 11.443103, 46.265876 ], [ 11.443488, 46.266669 ], [ 11.444841, 46.268197 ], [ 11.445047, 46.270496 ], [ 11.445659, 46.274614 ], [ 11.44627, 46.27785 ], [ 11.446149, 46.280085 ], [ 11.446932, 46.281643 ], [ 11.447872, 46.28525 ], [ 11.447563, 46.286472 ], [ 11.444444, 46.285522 ], [ 11.441208, 46.286032 ], [ 11.438778, 46.285976 ], [ 11.436177, 46.285572 ], [ 11.43525, 46.285169 ], [ 11.433139, 46.28471 ], [ 11.429842, 46.284708 ], [ 11.426769, 46.284494 ], [ 11.425202, 46.285473 ], [ 11.423397, 46.286915 ], [ 11.421982, 46.287215 ], [ 11.419591, 46.28804 ], [ 11.41899, 46.290608 ], [ 11.417727, 46.290536 ], [ 11.416782, 46.29178 ], [ 11.41565, 46.292271 ], [ 11.415142, 46.292868 ], [ 11.413052, 46.291688 ], [ 11.411471, 46.290578 ], [ 11.407385, 46.289468 ], [ 11.407024, 46.289241 ], [ 11.40146, 46.286991 ], [ 11.398997, 46.285873 ], [ 11.390684, 46.281889 ], [ 11.386782, 46.280103 ], [ 11.389708, 46.278561 ], [ 11.393979, 46.274701 ], [ 11.394678, 46.273768 ], [ 11.396366, 46.26962 ], [ 11.396858, 46.268148 ], [ 11.397624, 46.264832 ], [ 11.393143, 46.264449 ], [ 11.391666, 46.263913 ], [ 11.388936, 46.261711 ], [ 11.387818, 46.261356 ], [ 11.385505, 46.261882 ], [ 11.384103, 46.261857 ], [ 11.380181, 46.262389 ], [ 11.377532, 46.261742 ], [ 11.374761, 46.26369 ], [ 11.373618, 46.26399 ], [ 11.37184, 46.263652 ], [ 11.370232, 46.262453 ], [ 11.372037, 46.261549 ], [ 11.372734, 46.260535 ], [ 11.372337, 46.259443 ], [ 11.372572, 46.25839 ], [ 11.371529, 46.256458 ], [ 11.370321, 46.254926 ], [ 11.36977, 46.253866 ], [ 11.369214, 46.253608 ], [ 11.367748, 46.251802 ], [ 11.366491, 46.25064 ], [ 11.367082, 46.245975 ], [ 11.367452, 46.245544 ], [ 11.369497, 46.244529 ], [ 11.372296, 46.245065 ], [ 11.372732, 46.245551 ], [ 11.374626, 46.245251 ], [ 11.377839, 46.243951 ], [ 11.378354, 46.24115 ], [ 11.384331, 46.238992 ], [ 11.385313, 46.237423 ], [ 11.389018, 46.23641 ], [ 11.390762, 46.234168 ], [ 11.392711, 46.232165 ], [ 11.393235, 46.233162 ], [ 11.393946, 46.233418 ], [ 11.396063, 46.234975 ], [ 11.396753, 46.235024 ], [ 11.397625, 46.236004 ], [ 11.399365, 46.237237 ], [ 11.401499, 46.237381 ], [ 11.402645, 46.23778 ], [ 11.403048, 46.23869 ], [ 11.402891, 46.241348 ], [ 11.404811, 46.242244 ], [ 11.40582, 46.243356 ], [ 11.406265, 46.244643 ], [ 11.407946, 46.245706 ], [ 11.408405, 46.246695 ], [ 11.409286, 46.246964 ], [ 11.411595, 46.24697 ], [ 11.412666, 46.247424 ], [ 11.414337, 46.247677 ], [ 11.414737, 46.246138 ], [ 11.415478, 46.24471 ], [ 11.417664, 46.242197 ], [ 11.417133, 46.240742 ], [ 11.417934, 46.240365 ], [ 11.418788, 46.239429 ], [ 11.41844, 46.238014 ], [ 11.418703, 46.236028 ], [ 11.419152, 46.235326 ], [ 11.419215, 46.2341 ], [ 11.418542, 46.232666 ], [ 11.418792, 46.230392 ], [ 11.418196, 46.229217 ], [ 11.418716, 46.22836 ], [ 11.418285, 46.2271 ], [ 11.418755, 46.226586 ], [ 11.418948, 46.224485 ], [ 11.419319, 46.223199 ], [ 11.418236, 46.220981 ], [ 11.418472, 46.220139 ], [ 11.41947, 46.219245 ], [ 11.419961, 46.218046 ], [ 11.420163, 46.21644 ], [ 11.420833, 46.216057 ], [ 11.420939, 46.214929 ], [ 11.422448, 46.213268 ], [ 11.42272, 46.212371 ], [ 11.423653, 46.211776 ], [ 11.42405, 46.211083 ], [ 11.422466, 46.208966 ], [ 11.420408, 46.207551 ], [ 11.419678, 46.205407 ], [ 11.418723, 46.204032 ], [ 11.418886, 46.203002 ], [ 11.418549, 46.202128 ], [ 11.418748, 46.200152 ], [ 11.418226, 46.199794 ], [ 11.418718, 46.197914 ], [ 11.419592, 46.197123 ], [ 11.419142, 46.196592 ], [ 11.419781, 46.19605 ], [ 11.419442, 46.195243 ], [ 11.419753, 46.193868 ], [ 11.420824, 46.192157 ], [ 11.41992, 46.191354 ], [ 11.419758, 46.190638 ], [ 11.420125, 46.189476 ], [ 11.420052, 46.18821 ], [ 11.420411, 46.187633 ], [ 11.420624, 46.185924 ], [ 11.420026, 46.184797 ], [ 11.420985, 46.183766 ], [ 11.42088, 46.182108 ], [ 11.419886, 46.180779 ], [ 11.418892, 46.17838 ], [ 11.41703, 46.177491 ], [ 11.415648, 46.176337 ], [ 11.414886, 46.17496 ], [ 11.413461, 46.173527 ], [ 11.412431, 46.172057 ], [ 11.411378, 46.171448 ], [ 11.409826, 46.170975 ], [ 11.403658, 46.167469 ], [ 11.399279, 46.165099 ], [ 11.401817, 46.163858 ], [ 11.402585, 46.163207 ], [ 11.405003, 46.162484 ], [ 11.405685, 46.162562 ], [ 11.407637, 46.163428 ], [ 11.4104, 46.163692 ], [ 11.413025, 46.163561 ], [ 11.414607, 46.163918 ], [ 11.415651, 46.163868 ], [ 11.419407, 46.164935 ], [ 11.420124, 46.166748 ], [ 11.422053, 46.168944 ], [ 11.42516, 46.169808 ], [ 11.426361, 46.170962 ], [ 11.427773, 46.171309 ], [ 11.430856, 46.171585 ], [ 11.433211, 46.171523 ], [ 11.433984, 46.171738 ], [ 11.437093, 46.173238 ], [ 11.438324, 46.173373 ], [ 11.440842, 46.173245 ], [ 11.439951, 46.175294 ], [ 11.441587, 46.175406 ], [ 11.4438, 46.1752 ], [ 11.446376, 46.174024 ], [ 11.449165, 46.173755 ], [ 11.45185, 46.173268 ], [ 11.452794, 46.172739 ], [ 11.455292, 46.17179 ], [ 11.458678, 46.172363 ], [ 11.460247, 46.173778 ], [ 11.46221, 46.174446 ], [ 11.463468, 46.176191 ], [ 11.463931, 46.177422 ], [ 11.465542, 46.177433 ], [ 11.470289, 46.176274 ], [ 11.471668, 46.176238 ], [ 11.472771, 46.176803 ], [ 11.47244, 46.178912 ], [ 11.473694, 46.17977 ], [ 11.476269, 46.180618 ], [ 11.478388, 46.180957 ], [ 11.482311, 46.181342 ], [ 11.485812, 46.181077 ], [ 11.486844, 46.181241 ], [ 11.489749, 46.182428 ], [ 11.492013, 46.182779 ], [ 11.494726, 46.183807 ], [ 11.495525, 46.184475 ], [ 11.497333, 46.185108 ], [ 11.498434, 46.185785 ], [ 11.498985, 46.187368 ], [ 11.499792, 46.188468 ], [ 11.503095, 46.189358 ], [ 11.503866, 46.189706 ], [ 11.505219, 46.190945 ], [ 11.508659, 46.192748 ], [ 11.510632, 46.194773 ], [ 11.51115, 46.195686 ], [ 11.510499, 46.199113 ], [ 11.510732, 46.199503 ] ] ] } },
{ "type": "Feature", "properties": { "com_altname": null, "com_area_code": "ITA", "com_capoluogo": "No", "com_code": "22203", "com_name": "Trambileno", "com_name_lower": "trambileno", "com_name_upper": "TRAMBILENO", "com_type": "Comune", "geo_point_2d": { "lat": 45.83537929269777, "lon": 11.12934782439757 }, "prov_code": "22", "prov_name": "Trento", "reg_code": "4", "reg_name": "Trentino-Alto Adige", "rip_code": "2", "rip_name": "Nord-Est", "year": "2022" }, "geometry": { "type": "Polygon", "coordinates": [ [ [ 11.198665, 45.824189 ], [ 11.197192, 45.823815 ], [ 11.195222, 45.822661 ], [ 11.190184, 45.822397 ], [ 11.188317, 45.82134 ], [ 11.187907, 45.819468 ], [ 11.186312, 45.819018 ], [ 11.185393, 45.81706 ], [ 11.184842, 45.816483 ], [ 11.18382, 45.816198 ], [ 11.179835, 45.817779 ], [ 11.178083, 45.818987 ], [ 11.177776, 45.820219 ], [ 11.178527, 45.823513 ], [ 11.177914, 45.825403 ], [ 11.179651, 45.82835 ], [ 11.180991, 45.831559 ], [ 11.182252, 45.833975 ], [ 11.18422, 45.836749 ], [ 11.183769, 45.837887 ], [ 11.182505, 45.837422 ], [ 11.179345, 45.838016 ], [ 11.176634, 45.83831 ], [ 11.175076, 45.838635 ], [ 11.173293, 45.837776 ], [ 11.172813, 45.836469 ], [ 11.171882, 45.835746 ], [ 11.170948, 45.837295 ], [ 11.168206, 45.840816 ], [ 11.167208, 45.842332 ], [ 11.165244, 45.842715 ], [ 11.164498, 45.844495 ], [ 11.164823, 45.845697 ], [ 11.163248, 45.846279 ], [ 11.162045, 45.845791 ], [ 11.160265, 45.846585 ], [ 11.15836, 45.848303 ], [ 11.15854, 45.849652 ], [ 11.157546, 45.850591 ], [ 11.156722, 45.850895 ], [ 11.152929, 45.851228 ], [ 11.149442, 45.851083 ], [ 11.14848, 45.85092 ], [ 11.147309, 45.85158 ], [ 11.146834, 45.852206 ], [ 11.147318, 45.853347 ], [ 11.145211, 45.854387 ], [ 11.142946, 45.854761 ], [ 11.140735, 45.855408 ], [ 11.1381, 45.855243 ], [ 11.137506, 45.855032 ], [ 11.136286, 45.855639 ], [ 11.132774, 45.858003 ], [ 11.13161, 45.859317 ], [ 11.128616, 45.862357 ], [ 11.127583, 45.864056 ], [ 11.1273, 45.86522 ], [ 11.125281, 45.866367 ], [ 11.121579, 45.867826 ], [ 11.120348, 45.868759 ], [ 11.120161, 45.869622 ], [ 11.118941, 45.871094 ], [ 11.118239, 45.871359 ], [ 11.116862, 45.872474 ], [ 11.113926, 45.87312 ], [ 11.11162, 45.873131 ], [ 11.108185, 45.874021 ], [ 11.107336, 45.873902 ], [ 11.105708, 45.873206 ], [ 11.102605, 45.872677 ], [ 11.101726, 45.872165 ], [ 11.100779, 45.87114 ], [ 11.099377, 45.871 ], [ 11.098183, 45.870244 ], [ 11.095565, 45.870167 ], [ 11.092737, 45.869748 ], [ 11.091275, 45.869933 ], [ 11.085959, 45.872378 ], [ 11.085419, 45.873263 ], [ 11.084108, 45.874522 ], [ 11.083652, 45.875261 ], [ 11.081185, 45.876254 ], [ 11.080288, 45.876055 ], [ 11.07672, 45.87756 ], [ 11.075437, 45.876805 ], [ 11.073026, 45.877073 ], [ 11.071176, 45.878213 ], [ 11.068657, 45.879223 ], [ 11.065936, 45.878975 ], [ 11.063869, 45.879176 ], [ 11.062834, 45.88085 ], [ 11.061872, 45.881082 ], [ 11.060712, 45.883299 ], [ 11.058995, 45.884858 ], [ 11.057474, 45.884739 ], [ 11.055866, 45.884998 ], [ 11.054802, 45.88634 ], [ 11.052863, 45.88665 ], [ 11.051698, 45.885486 ], [ 11.051142, 45.883813 ], [ 11.050623, 45.88323 ], [ 11.048644, 45.882886 ], [ 11.046864, 45.881845 ], [ 11.04596, 45.881007 ], [ 11.047283, 45.876982 ], [ 11.048464, 45.87514 ], [ 11.050049, 45.874189 ], [ 11.051492, 45.873037 ], [ 11.054507, 45.871946 ], [ 11.056348, 45.870697 ], [ 11.059951, 45.86857 ], [ 11.059672, 45.869276 ], [ 11.058317, 45.871149 ], [ 11.056952, 45.872243 ], [ 11.057595, 45.874463 ], [ 11.057143, 45.877421 ], [ 11.057741, 45.87851 ], [ 11.059519, 45.879575 ], [ 11.061335, 45.879924 ], [ 11.061632, 45.877901 ], [ 11.062296, 45.87672 ], [ 11.061708, 45.875901 ], [ 11.063542, 45.874932 ], [ 11.064599, 45.875465 ], [ 11.065474, 45.873664 ], [ 11.066597, 45.873276 ], [ 11.067043, 45.871782 ], [ 11.06772, 45.871224 ], [ 11.067831, 45.869861 ], [ 11.067363, 45.86895 ], [ 11.067668, 45.867238 ], [ 11.068715, 45.866211 ], [ 11.069196, 45.864553 ], [ 11.069055, 45.862454 ], [ 11.070615, 45.860224 ], [ 11.070144, 45.858975 ], [ 11.070662, 45.856875 ], [ 11.07014, 45.855986 ], [ 11.070616, 45.854811 ], [ 11.069608, 45.853343 ], [ 11.069342, 45.851793 ], [ 11.069503, 45.850795 ], [ 11.0682, 45.849852 ], [ 11.068117, 45.848644 ], [ 11.069214, 45.847241 ], [ 11.069033, 45.846752 ], [ 11.070613, 45.844644 ], [ 11.070398, 45.843538 ], [ 11.07188, 45.842673 ], [ 11.072178, 45.841798 ], [ 11.073011, 45.840872 ], [ 11.073391, 45.839262 ], [ 11.073067, 45.838101 ], [ 11.072453, 45.837403 ], [ 11.072659, 45.836454 ], [ 11.072316, 45.83514 ], [ 11.073903, 45.833915 ], [ 11.073777, 45.832171 ], [ 11.074347, 45.831263 ], [ 11.075573, 45.830686 ], [ 11.075836, 45.829421 ], [ 11.076778, 45.82888 ], [ 11.076824, 45.827715 ], [ 11.077882, 45.827076 ], [ 11.078384, 45.825697 ], [ 11.0805, 45.824931 ], [ 11.082043, 45.823126 ], [ 11.08371, 45.824316 ], [ 11.083995, 45.825133 ], [ 11.084846, 45.826152 ], [ 11.085826, 45.826811 ], [ 11.087147, 45.827116 ], [ 11.088834, 45.82711 ], [ 11.089422, 45.827386 ], [ 11.092264, 45.828046 ], [ 11.095678, 45.827956 ], [ 11.097114, 45.827635 ], [ 11.098816, 45.828344 ], [ 11.101898, 45.828908 ], [ 11.102384, 45.828429 ], [ 11.104718, 45.827438 ], [ 11.108662, 45.825947 ], [ 11.112132, 45.825011 ], [ 11.113671, 45.824857 ], [ 11.115629, 45.825 ], [ 11.117409, 45.823892 ], [ 11.11902, 45.82188 ], [ 11.120639, 45.819375 ], [ 11.122027, 45.817811 ], [ 11.123453, 45.816639 ], [ 11.124703, 45.816116 ], [ 11.126957, 45.813838 ], [ 11.128045, 45.8146 ], [ 11.129664, 45.814412 ], [ 11.13, 45.81503 ], [ 11.131918, 45.814427 ], [ 11.132828, 45.815094 ], [ 11.133953, 45.815205 ], [ 11.13535, 45.814857 ], [ 11.136133, 45.815928 ], [ 11.137295, 45.816952 ], [ 11.13795, 45.817025 ], [ 11.138531, 45.818207 ], [ 11.139578, 45.818734 ], [ 11.140912, 45.818817 ], [ 11.143144, 45.819405 ], [ 11.144837, 45.819522 ], [ 11.146655, 45.818108 ], [ 11.148751, 45.816695 ], [ 11.149945, 45.81475 ], [ 11.149893, 45.813268 ], [ 11.148604, 45.812321 ], [ 11.149764, 45.810983 ], [ 11.149786, 45.810035 ], [ 11.150591, 45.809812 ], [ 11.150974, 45.809045 ], [ 11.151441, 45.806212 ], [ 11.150082, 45.806275 ], [ 11.149886, 45.805405 ], [ 11.147929, 45.804852 ], [ 11.14739, 45.803321 ], [ 11.147174, 45.801935 ], [ 11.147771, 45.801174 ], [ 11.148578, 45.801062 ], [ 11.15047, 45.798862 ], [ 11.151659, 45.798161 ], [ 11.151804, 45.797415 ], [ 11.153341, 45.795947 ], [ 11.156036, 45.794134 ], [ 11.15746, 45.793405 ], [ 11.158919, 45.792334 ], [ 11.15924, 45.791822 ], [ 11.161326, 45.791089 ], [ 11.162292, 45.790439 ], [ 11.164285, 45.790373 ], [ 11.164198, 45.790808 ], [ 11.165644, 45.791138 ], [ 11.168078, 45.790911 ], [ 11.169797, 45.790985 ], [ 11.171034, 45.790434 ], [ 11.174326, 45.789327 ], [ 11.17388, 45.78778 ], [ 11.173966, 45.787081 ], [ 11.175673, 45.787891 ], [ 11.177029, 45.788205 ], [ 11.178384, 45.788115 ], [ 11.179384, 45.787718 ], [ 11.182038, 45.785824 ], [ 11.183637, 45.785701 ], [ 11.185037, 45.784389 ], [ 11.186335, 45.783966 ], [ 11.188648, 45.782132 ], [ 11.190071, 45.781615 ], [ 11.193019, 45.781546 ], [ 11.194362, 45.781879 ], [ 11.198739, 45.781594 ], [ 11.201033, 45.782221 ], [ 11.201752, 45.782987 ], [ 11.202788, 45.783373 ], [ 11.204115, 45.78407 ], [ 11.201591, 45.784881 ], [ 11.199017, 45.787153 ], [ 11.197087, 45.789194 ], [ 11.195861, 45.790244 ], [ 11.19351, 45.793851 ], [ 11.192863, 45.795468 ], [ 11.195659, 45.796418 ], [ 11.195755, 45.797034 ], [ 11.196665, 45.797828 ], [ 11.198661, 45.799095 ], [ 11.199158, 45.799928 ], [ 11.197311, 45.802263 ], [ 11.194518, 45.802061 ], [ 11.190931, 45.802107 ], [ 11.190199, 45.802907 ], [ 11.189425, 45.805371 ], [ 11.189835, 45.807438 ], [ 11.190345, 45.808833 ], [ 11.189356, 45.81035 ], [ 11.18925, 45.811224 ], [ 11.188499, 45.811863 ], [ 11.188673, 45.813109 ], [ 11.190049, 45.815008 ], [ 11.191088, 45.816746 ], [ 11.192395, 45.817296 ], [ 11.194547, 45.816821 ], [ 11.197984, 45.818488 ], [ 11.197621, 45.821292 ], [ 11.198707, 45.821804 ], [ 11.19836, 45.822836 ], [ 11.198665, 45.824189 ] ] ] } },
{ "type": "Feature", "properties": { "com_altname": null, "com_area_code": "ITA", "com_capoluogo": "No", "com_code": "22229", "com_name": "Ledro", "com_name_lower": "ledro", "com_name_upper": "LEDRO", "com_type": "Comune", "geo_point_2d": { "lat": 45.88508341508354, "lon": 10.718930683593848 }, "prov_code": "22", "prov_name": "Trento", "reg_code": "4", "reg_name": "Trentino-Alto Adige", "rip_code": "2", "rip_name": "Nord-Est", "year": "2022" }, "geometry": { "type": "Polygon", "coordinates": [ [ [ 10.729747, 45.964347 ], [ 10.727982, 45.963845 ], [ 10.727401, 45.963311 ], [ 10.726764, 45.961629 ], [ 10.725029, 45.960864 ], [ 10.724103, 45.96001 ], [ 10.721794, 45.959725 ], [ 10.720999, 45.958985 ], [ 10.721452, 45.957724 ], [ 10.721182, 45.956876 ], [ 10.719711, 45.955234 ], [ 10.718027, 45.955093 ], [ 10.716116, 45.955855 ], [ 10.712793, 45.955199 ], [ 10.710712, 45.95409 ], [ 10.710326, 45.953529 ], [ 10.710533, 45.95258 ], [ 10.710126, 45.951655 ], [ 10.708367, 45.950267 ], [ 10.707293, 45.949872 ], [ 10.706675, 45.948629 ], [ 10.705593, 45.948069 ], [ 10.704514, 45.947002 ], [ 10.704468, 45.94647 ], [ 10.703098, 45.945665 ], [ 10.703871, 45.944592 ], [ 10.703335, 45.94222 ], [ 10.702765, 45.94145 ], [ 10.701933, 45.939298 ], [ 10.701538, 45.93875 ], [ 10.699443, 45.938981 ], [ 10.698081, 45.938652 ], [ 10.696144, 45.93952 ], [ 10.695561, 45.940039 ], [ 10.693837, 45.939162 ], [ 10.690875, 45.936914 ], [ 10.690236, 45.935931 ], [ 10.686869, 45.934049 ], [ 10.685687, 45.9332 ], [ 10.683922, 45.932982 ], [ 10.682707, 45.93239 ], [ 10.681719, 45.932463 ], [ 10.68035, 45.931403 ], [ 10.678305, 45.931483 ], [ 10.677572, 45.931923 ], [ 10.675045, 45.931808 ], [ 10.672107, 45.930062 ], [ 10.671206, 45.929943 ], [ 10.670313, 45.929296 ], [ 10.670007, 45.92846 ], [ 10.669153, 45.927664 ], [ 10.668921, 45.925962 ], [ 10.666961, 45.923883 ], [ 10.665625, 45.921226 ], [ 10.661963, 45.918743 ], [ 10.660106, 45.918742 ], [ 10.655778, 45.917815 ], [ 10.653456, 45.916448 ], [ 10.652016, 45.915424 ], [ 10.651303, 45.914606 ], [ 10.650287, 45.914341 ], [ 10.64957, 45.913748 ], [ 10.648869, 45.912426 ], [ 10.650596, 45.911684 ], [ 10.650238, 45.910367 ], [ 10.648849, 45.909931 ], [ 10.647213, 45.909134 ], [ 10.646729, 45.907977 ], [ 10.645678, 45.906783 ], [ 10.644444, 45.905981 ], [ 10.644129, 45.905072 ], [ 10.642959, 45.903948 ], [ 10.641706, 45.903356 ], [ 10.64023, 45.902279 ], [ 10.639916, 45.900861 ], [ 10.636154, 45.898781 ], [ 10.633749, 45.896407 ], [ 10.633001, 45.895489 ], [ 10.631585, 45.895341 ], [ 10.628542, 45.894229 ], [ 10.626309, 45.892869 ], [ 10.624613, 45.890562 ], [ 10.62417, 45.888447 ], [ 10.622677, 45.887501 ], [ 10.622184, 45.886858 ], [ 10.624862, 45.884865 ], [ 10.625382, 45.883646 ], [ 10.627402, 45.883887 ], [ 10.627921, 45.883391 ], [ 10.626437, 45.881988 ], [ 10.627697, 45.880869 ], [ 10.629638, 45.878503 ], [ 10.626363, 45.875859 ], [ 10.624803, 45.875167 ], [ 10.624447, 45.87412 ], [ 10.622255, 45.874028 ], [ 10.620338, 45.873035 ], [ 10.620465, 45.872612 ], [ 10.617284, 45.872149 ], [ 10.615647, 45.871156 ], [ 10.615096, 45.87039 ], [ 10.613162, 45.868931 ], [ 10.612055, 45.867495 ], [ 10.612075, 45.866405 ], [ 10.61115, 45.865547 ], [ 10.612212, 45.86499 ], [ 10.612889, 45.864225 ], [ 10.616324, 45.862633 ], [ 10.620028, 45.860368 ], [ 10.61996, 45.85897 ], [ 10.620345, 45.85786 ], [ 10.620363, 45.855841 ], [ 10.622527, 45.85358 ], [ 10.624839, 45.853485 ], [ 10.626524, 45.853226 ], [ 10.630431, 45.849085 ], [ 10.6334, 45.846584 ], [ 10.634858, 45.844649 ], [ 10.635857, 45.844235 ], [ 10.636155, 45.843135 ], [ 10.637161, 45.841934 ], [ 10.637535, 45.84041 ], [ 10.637087, 45.839213 ], [ 10.636329, 45.838576 ], [ 10.636367, 45.838033 ], [ 10.634603, 45.836235 ], [ 10.632596, 45.835197 ], [ 10.63199, 45.835129 ], [ 10.628032, 45.833666 ], [ 10.628045, 45.83241 ], [ 10.629428, 45.831908 ], [ 10.631184, 45.832164 ], [ 10.634343, 45.833155 ], [ 10.635708, 45.832904 ], [ 10.637741, 45.833024 ], [ 10.640021, 45.832146 ], [ 10.643846, 45.829054 ], [ 10.64353, 45.8262 ], [ 10.641316, 45.824331 ], [ 10.641982, 45.823555 ], [ 10.641866, 45.82227 ], [ 10.64029, 45.821397 ], [ 10.640108, 45.819449 ], [ 10.638458, 45.819159 ], [ 10.636719, 45.818475 ], [ 10.635257, 45.817175 ], [ 10.635058, 45.816617 ], [ 10.63266, 45.812608 ], [ 10.633406, 45.809369 ], [ 10.634012, 45.807507 ], [ 10.635147, 45.806672 ], [ 10.636564, 45.806044 ], [ 10.637169, 45.805428 ], [ 10.638792, 45.80446 ], [ 10.64012, 45.802915 ], [ 10.640968, 45.802586 ], [ 10.641409, 45.801885 ], [ 10.642465, 45.802849 ], [ 10.644729, 45.803138 ], [ 10.646121, 45.805208 ], [ 10.648392, 45.807675 ], [ 10.648257, 45.809314 ], [ 10.651036, 45.812486 ], [ 10.650988, 45.814134 ], [ 10.65069, 45.815831 ], [ 10.651116, 45.816487 ], [ 10.650739, 45.81739 ], [ 10.650692, 45.818621 ], [ 10.653046, 45.819987 ], [ 10.65475, 45.821266 ], [ 10.657417, 45.822523 ], [ 10.657227, 45.824077 ], [ 10.655233, 45.825367 ], [ 10.655411, 45.825783 ], [ 10.654039, 45.827052 ], [ 10.654967, 45.827992 ], [ 10.654211, 45.828957 ], [ 10.654705, 45.830191 ], [ 10.653519, 45.831518 ], [ 10.653993, 45.832781 ], [ 10.660609, 45.831296 ], [ 10.662023, 45.831274 ], [ 10.663986, 45.831754 ], [ 10.665637, 45.831815 ], [ 10.667122, 45.832256 ], [ 10.669833, 45.832106 ], [ 10.673325, 45.831271 ], [ 10.675724, 45.830461 ], [ 10.680111, 45.832049 ], [ 10.682644, 45.832598 ], [ 10.686199, 45.834394 ], [ 10.688571, 45.835997 ], [ 10.690349, 45.836253 ], [ 10.691582, 45.837212 ], [ 10.692779, 45.837682 ], [ 10.693674, 45.838904 ], [ 10.695084, 45.839413 ], [ 10.696775, 45.840861 ], [ 10.699506, 45.841664 ], [ 10.702084, 45.840896 ], [ 10.703684, 45.839324 ], [ 10.705357, 45.838965 ], [ 10.706668, 45.838209 ], [ 10.706802, 45.836499 ], [ 10.711013, 45.836063 ], [ 10.714803, 45.8367 ], [ 10.717125, 45.836785 ], [ 10.721455, 45.84002 ], [ 10.722506, 45.84119 ], [ 10.726386, 45.842373 ], [ 10.727661, 45.841798 ], [ 10.729487, 45.84199 ], [ 10.730311, 45.84256 ], [ 10.735553, 45.842723 ], [ 10.736874, 45.842172 ], [ 10.737549, 45.841433 ], [ 10.73974, 45.840538 ], [ 10.741543, 45.84131 ], [ 10.745218, 45.840437 ], [ 10.744646, 45.839231 ], [ 10.748973, 45.837749 ], [ 10.75132, 45.836814 ], [ 10.751015, 45.835613 ], [ 10.751447, 45.834484 ], [ 10.75306, 45.833864 ], [ 10.753317, 45.83247 ], [ 10.753986, 45.831721 ], [ 10.754971, 45.831373 ], [ 10.756351, 45.830026 ], [ 10.757001, 45.830615 ], [ 10.757519, 45.831897 ], [ 10.757335, 45.832354 ], [ 10.758204, 45.833621 ], [ 10.759055, 45.83369 ], [ 10.760571, 45.834598 ], [ 10.75974, 45.835517 ], [ 10.760008, 45.837512 ], [ 10.761968, 45.838598 ], [ 10.763065, 45.839961 ], [ 10.765423, 45.841077 ], [ 10.767873, 45.841898 ], [ 10.770552, 45.842627 ], [ 10.774631, 45.843076 ], [ 10.776024, 45.842741 ], [ 10.776757, 45.843107 ], [ 10.778643, 45.842336 ], [ 10.778299, 45.841634 ], [ 10.779502, 45.840597 ], [ 10.781094, 45.839601 ], [ 10.782273, 45.838415 ], [ 10.781739, 45.83765 ], [ 10.781972, 45.836429 ], [ 10.783071, 45.836531 ], [ 10.785943, 45.836407 ], [ 10.787883, 45.835521 ], [ 10.788075, 45.834514 ], [ 10.791215, 45.833457 ], [ 10.795162, 45.835319 ], [ 10.796024, 45.836031 ], [ 10.798351, 45.836341 ], [ 10.798776, 45.836045 ], [ 10.798632, 45.837891 ], [ 10.799064, 45.83885 ], [ 10.799005, 45.840138 ], [ 10.801305, 45.841388 ], [ 10.80177, 45.841925 ], [ 10.803398, 45.842026 ], [ 10.803739, 45.843321 ], [ 10.804962, 45.844038 ], [ 10.806488, 45.846893 ], [ 10.807257, 45.847408 ], [ 10.807577, 45.848292 ], [ 10.808528, 45.848781 ], [ 10.808763, 45.851085 ], [ 10.809302, 45.85166 ], [ 10.809275, 45.852616 ], [ 10.809798, 45.85318 ], [ 10.812054, 45.854674 ], [ 10.814841, 45.855183 ], [ 10.816833, 45.854974 ], [ 10.821228, 45.856859 ], [ 10.82302, 45.856691 ], [ 10.824918, 45.859192 ], [ 10.827238, 45.861964 ], [ 10.829722, 45.86089 ], [ 10.830016, 45.861119 ], [ 10.831662, 45.860119 ], [ 10.832836, 45.860225 ], [ 10.853207, 45.855386 ], [ 10.857957, 45.864379 ], [ 10.835411, 45.869964 ], [ 10.833418, 45.870251 ], [ 10.829774, 45.871476 ], [ 10.828074, 45.872319 ], [ 10.827142, 45.873089 ], [ 10.82611, 45.873334 ], [ 10.821344, 45.875684 ], [ 10.82115, 45.875901 ], [ 10.824602, 45.876813 ], [ 10.824269, 45.877854 ], [ 10.824502, 45.878672 ], [ 10.823128, 45.878657 ], [ 10.822934, 45.879871 ], [ 10.822342, 45.881313 ], [ 10.82154, 45.881663 ], [ 10.821317, 45.882416 ], [ 10.819897, 45.883395 ], [ 10.819268, 45.884331 ], [ 10.817354, 45.884997 ], [ 10.816841, 45.885476 ], [ 10.814559, 45.88568 ], [ 10.810246, 45.884076 ], [ 10.808033, 45.883407 ], [ 10.805114, 45.88527 ], [ 10.804358, 45.886168 ], [ 10.804117, 45.887135 ], [ 10.802281, 45.888138 ], [ 10.801518, 45.888301 ], [ 10.79856, 45.890393 ], [ 10.794364, 45.892061 ], [ 10.790813, 45.891658 ], [ 10.789694, 45.890926 ], [ 10.789205, 45.89191 ], [ 10.787925, 45.892848 ], [ 10.786021, 45.895218 ], [ 10.786301, 45.89698 ], [ 10.785575, 45.898054 ], [ 10.784829, 45.900041 ], [ 10.784927, 45.900895 ], [ 10.783494, 45.900846 ], [ 10.782065, 45.900512 ], [ 10.779928, 45.900669 ], [ 10.779008, 45.901591 ], [ 10.777053, 45.902414 ], [ 10.775303, 45.902857 ], [ 10.773164, 45.902725 ], [ 10.768591, 45.905978 ], [ 10.768279, 45.905976 ], [ 10.767537, 45.908463 ], [ 10.766789, 45.908594 ], [ 10.765588, 45.909853 ], [ 10.764226, 45.910677 ], [ 10.763585, 45.912391 ], [ 10.765317, 45.912823 ], [ 10.766821, 45.915035 ], [ 10.7673, 45.916783 ], [ 10.767282, 45.917855 ], [ 10.768068, 45.918549 ], [ 10.768292, 45.920064 ], [ 10.768095, 45.922165 ], [ 10.766651, 45.924048 ], [ 10.76612, 45.927646 ], [ 10.764184, 45.931565 ], [ 10.763605, 45.932412 ], [ 10.764765, 45.933258 ], [ 10.76594, 45.935191 ], [ 10.769224, 45.936828 ], [ 10.768861, 45.93795 ], [ 10.768879, 45.939198 ], [ 10.769772, 45.940908 ], [ 10.769935, 45.941205 ], [ 10.768707, 45.943363 ], [ 10.769146, 45.9444 ], [ 10.769811, 45.944928 ], [ 10.770175, 45.945919 ], [ 10.770982, 45.946287 ], [ 10.772562, 45.947574 ], [ 10.772467, 45.948364 ], [ 10.771267, 45.949354 ], [ 10.770686, 45.950167 ], [ 10.770007, 45.952279 ], [ 10.76809, 45.955076 ], [ 10.766916, 45.957844 ], [ 10.767205, 45.958658 ], [ 10.766247, 45.959569 ], [ 10.766333, 45.960671 ], [ 10.765856, 45.964253 ], [ 10.765048, 45.965442 ], [ 10.763896, 45.96645 ], [ 10.762837, 45.966071 ], [ 10.759728, 45.966069 ], [ 10.758157, 45.967051 ], [ 10.753734, 45.968741 ], [ 10.751688, 45.969835 ], [ 10.750317, 45.969572 ], [ 10.748629, 45.969873 ], [ 10.746792, 45.968184 ], [ 10.74582, 45.968324 ], [ 10.7433, 45.967533 ], [ 10.742133, 45.967883 ], [ 10.740003, 45.968066 ], [ 10.738789, 45.966251 ], [ 10.737357, 45.965416 ], [ 10.733312, 45.96401 ], [ 10.73279, 45.963669 ], [ 10.729747, 45.964347 ] ] ] } },
{ "type": "Feature", "properties": { "com_altname": null, "com_area_code": "ITA", "com_capoluogo": "No", "com_code": "22108", "com_name": "Lona-Lases", "com_name_lower": "lona-lases", "com_name_upper": "LONA-LASES", "com_type": "Comune", "geo_point_2d": { "lat": 46.16742788434478, "lon": 11.279144543937132 }, "prov_code": "22", "prov_name": "Trento", "reg_code": "4", "reg_name": "Trentino-Alto Adige", "rip_code": "2", "rip_name": "Nord-Est", "year": "2022" }, "geometry": { "type": "MultiPolygon", "coordinates": [ [ [ [ 11.223009, 46.130204 ], [ 11.223958, 46.130892 ], [ 11.225777, 46.133243 ], [ 11.225298, 46.135053 ], [ 11.227557, 46.135009 ], [ 11.227299, 46.136419 ], [ 11.226363, 46.138143 ], [ 11.226975, 46.139762 ], [ 11.228531, 46.140571 ], [ 11.229223, 46.14194 ], [ 11.230994, 46.144653 ], [ 11.231775, 46.14724 ], [ 11.232664, 46.14911 ], [ 11.234889, 46.152339 ], [ 11.235851, 46.153418 ], [ 11.237986, 46.153146 ], [ 11.240884, 46.153094 ], [ 11.241429, 46.153456 ], [ 11.244531, 46.156763 ], [ 11.248978, 46.158979 ], [ 11.251481, 46.159817 ], [ 11.25246, 46.157968 ], [ 11.254003, 46.157255 ], [ 11.254193, 46.157849 ], [ 11.257831, 46.157679 ], [ 11.258348, 46.157813 ], [ 11.25829, 46.159856 ], [ 11.257717, 46.160975 ], [ 11.256981, 46.161384 ], [ 11.257369, 46.163257 ], [ 11.257429, 46.165213 ], [ 11.257843, 46.166581 ], [ 11.258496, 46.167246 ], [ 11.264411, 46.1718 ], [ 11.270343, 46.171514 ], [ 11.270498, 46.172561 ], [ 11.264151, 46.172762 ], [ 11.255101, 46.16957 ], [ 11.252869, 46.168526 ], [ 11.251559, 46.166007 ], [ 11.249687, 46.166504 ], [ 11.248223, 46.167623 ], [ 11.244349, 46.168926 ], [ 11.242636, 46.169137 ], [ 11.240697, 46.169779 ], [ 11.239006, 46.170816 ], [ 11.238503, 46.169841 ], [ 11.237382, 46.169427 ], [ 11.235701, 46.169867 ], [ 11.234367, 46.169386 ], [ 11.233264, 46.168088 ], [ 11.233241, 46.166879 ], [ 11.23244, 46.166184 ], [ 11.229451, 46.164317 ], [ 11.22833, 46.164123 ], [ 11.227014, 46.162737 ], [ 11.22544, 46.162171 ], [ 11.223307, 46.160509 ], [ 11.222954, 46.159393 ], [ 11.220469, 46.158838 ], [ 11.220685, 46.158193 ], [ 11.219259, 46.158153 ], [ 11.217632, 46.157339 ], [ 11.216479, 46.156142 ], [ 11.215246, 46.155913 ], [ 11.213547, 46.154974 ], [ 11.210672, 46.154332 ], [ 11.209942, 46.154538 ], [ 11.210413, 46.153532 ], [ 11.211002, 46.153444 ], [ 11.211808, 46.150217 ], [ 11.212311, 46.149536 ], [ 11.208595, 46.144434 ], [ 11.209994, 46.14051 ], [ 11.21126, 46.139444 ], [ 11.213082, 46.13831 ], [ 11.215039, 46.136436 ], [ 11.215866, 46.135933 ], [ 11.22159, 46.13149 ], [ 11.223009, 46.130204 ] ] ], [ [ [ 11.381388, 46.185055 ], [ 11.382749, 46.18691 ], [ 11.382316, 46.190973 ], [ 11.384778, 46.192978 ], [ 11.384776, 46.194849 ], [ 11.383098, 46.195659 ], [ 11.38022, 46.196209 ], [ 11.372046, 46.199116 ], [ 11.367733, 46.199601 ], [ 11.363115, 46.201334 ], [ 11.35904, 46.203048 ], [ 11.357568, 46.203483 ], [ 11.354636, 46.202806 ], [ 11.354173, 46.198247 ], [ 11.358126, 46.197193 ], [ 11.35708, 46.194189 ], [ 11.354044, 46.193482 ], [ 11.353948, 46.192211 ], [ 11.350989, 46.191295 ], [ 11.347859, 46.189986 ], [ 11.346678, 46.188422 ], [ 11.344801, 46.187395 ], [ 11.344062, 46.185987 ], [ 11.348324, 46.185063 ], [ 11.349322, 46.184524 ], [ 11.351523, 46.184615 ], [ 11.352061, 46.184042 ], [ 11.355897, 46.184912 ], [ 11.358386, 46.184179 ], [ 11.364922, 46.184159 ], [ 11.367431, 46.18496 ], [ 11.372852, 46.185167 ], [ 11.380805, 46.185116 ], [ 11.381388, 46.185055 ] ] ] ] } },
{ "type": "Feature", "properties": { "com_altname": null, "com_area_code": "ITA", "com_capoluogo": "No", "com_code": "22109", "com_name": "Luserna", "com_name_lower": "luserna", "com_name_upper": "LUSERNA", "com_type": "Comune", "geo_point_2d": { "lat": 45.93231567276282, "lon": 11.33671926776903 }, "prov_code": "22", "prov_name": "Trento", "reg_code": "4", "reg_name": "Trentino-Alto Adige", "rip_code": "2", "rip_name": "Nord-Est", "year": "2022" }, "geometry": { "type": "Polygon", "coordinates": [ [ [ 11.358057, 45.925295 ], [ 11.357054, 45.927157 ], [ 11.357008, 45.928081 ], [ 11.357835, 45.929077 ], [ 11.35861, 45.930293 ], [ 11.358691, 45.932312 ], [ 11.359663, 45.93381 ], [ 11.360653, 45.934568 ], [ 11.360256, 45.935906 ], [ 11.360495, 45.936749 ], [ 11.360141, 45.938089 ], [ 11.360607, 45.939076 ], [ 11.359987, 45.93964 ], [ 11.358574, 45.940147 ], [ 11.358191, 45.943391 ], [ 11.358296, 45.943663 ], [ 11.348947, 45.944629 ], [ 11.346996, 45.946347 ], [ 11.336049, 45.94546 ], [ 11.332316, 45.94572 ], [ 11.329935, 45.94614 ], [ 11.326028, 45.947086 ], [ 11.324637, 45.947642 ], [ 11.322584, 45.949094 ], [ 11.32004, 45.950533 ], [ 11.320184, 45.950932 ], [ 11.3191, 45.953466 ], [ 11.317764, 45.955847 ], [ 11.31545, 45.960579 ], [ 11.315232, 45.960699 ], [ 11.311731, 45.960527 ], [ 11.311293, 45.956289 ], [ 11.311411, 45.955055 ], [ 11.31206, 45.953062 ], [ 11.313632, 45.950917 ], [ 11.31417, 45.949423 ], [ 11.314307, 45.946784 ], [ 11.315046, 45.945505 ], [ 11.316012, 45.943126 ], [ 11.319244, 45.941802 ], [ 11.320656, 45.94144 ], [ 11.322505, 45.942008 ], [ 11.323847, 45.941365 ], [ 11.325537, 45.941274 ], [ 11.328385, 45.941401 ], [ 11.332316, 45.941259 ], [ 11.335574, 45.941701 ], [ 11.338802, 45.936693 ], [ 11.339486, 45.935961 ], [ 11.340941, 45.935818 ], [ 11.342093, 45.936075 ], [ 11.342471, 45.936612 ], [ 11.343639, 45.936925 ], [ 11.345843, 45.936166 ], [ 11.346399, 45.935333 ], [ 11.350818, 45.933397 ], [ 11.351694, 45.93195 ], [ 11.35022, 45.931677 ], [ 11.347885, 45.931911 ], [ 11.346033, 45.931185 ], [ 11.342661, 45.929594 ], [ 11.338448, 45.927843 ], [ 11.334211, 45.926557 ], [ 11.33194, 45.925209 ], [ 11.330506, 45.926296 ], [ 11.328713, 45.927267 ], [ 11.323175, 45.928761 ], [ 11.321725, 45.929699 ], [ 11.320111, 45.932013 ], [ 11.317479, 45.931385 ], [ 11.316771, 45.9315 ], [ 11.313996, 45.930509 ], [ 11.313024, 45.929823 ], [ 11.313017, 45.929273 ], [ 11.312104, 45.927491 ], [ 11.314582, 45.925358 ], [ 11.31581, 45.923451 ], [ 11.317522, 45.922169 ], [ 11.318228, 45.92128 ], [ 11.320267, 45.921314 ], [ 11.320479, 45.919325 ], [ 11.322956, 45.919177 ], [ 11.323773, 45.918749 ], [ 11.32378, 45.917899 ], [ 11.324349, 45.917416 ], [ 11.325856, 45.91756 ], [ 11.327116, 45.916922 ], [ 11.329242, 45.91706 ], [ 11.330719, 45.917385 ], [ 11.331218, 45.916965 ], [ 11.33265, 45.917858 ], [ 11.333564, 45.917326 ], [ 11.335336, 45.916794 ], [ 11.335584, 45.916024 ], [ 11.337125, 45.915317 ], [ 11.336555, 45.914349 ], [ 11.337145, 45.91339 ], [ 11.338866, 45.91285 ], [ 11.339684, 45.911335 ], [ 11.341236, 45.912353 ], [ 11.343881, 45.911492 ], [ 11.344212, 45.91028 ], [ 11.345541, 45.909103 ], [ 11.346817, 45.909178 ], [ 11.348058, 45.909693 ], [ 11.349315, 45.909531 ], [ 11.350203, 45.910783 ], [ 11.35, 45.912086 ], [ 11.350688, 45.913968 ], [ 11.347961, 45.916719 ], [ 11.346283, 45.918883 ], [ 11.345035, 45.920944 ], [ 11.347999, 45.922046 ], [ 11.353591, 45.923993 ], [ 11.355614, 45.924408 ], [ 11.358057, 45.925295 ] ] ] } },
{ "type": "Feature", "properties": { "com_altname": null, "com_area_code": "ITA", "com_capoluogo": "Yes", "com_code": "22205", "com_name": "Trento", "com_name_lower": "trento", "com_name_upper": "TRENTO", "com_type": "Comune", "geo_point_2d": { "lat": 46.06149432461531, "lon": 11.11072056050579 }, "prov_code": "22", "prov_name": "Trento", "reg_code": "4", "reg_name": "Trentino-Alto Adige", "rip_code": "2", "rip_name": "Nord-Est", "year": "2022" }, "geometry": { "type": "Polygon", "coordinates": [ [ [ 11.044612, 45.995875 ], [ 11.044713, 45.997316 ], [ 11.045246, 45.999096 ], [ 11.047736, 46.015512 ], [ 11.051745, 46.019675 ], [ 11.052187, 46.020376 ], [ 11.054032, 46.022386 ], [ 11.057663, 46.025915 ], [ 11.058573, 46.025375 ], [ 11.059955, 46.023631 ], [ 11.061939, 46.02206 ], [ 11.063928, 46.021783 ], [ 11.065209, 46.02221 ], [ 11.067082, 46.021219 ], [ 11.07209, 46.021577 ], [ 11.073699, 46.02226 ], [ 11.07446, 46.022924 ], [ 11.076155, 46.023795 ], [ 11.077793, 46.0232 ], [ 11.080398, 46.023301 ], [ 11.082054, 46.022686 ], [ 11.084576, 46.020998 ], [ 11.08669, 46.019219 ], [ 11.087546, 46.019689 ], [ 11.088947, 46.017853 ], [ 11.08882, 46.017172 ], [ 11.090513, 46.015634 ], [ 11.091644, 46.015608 ], [ 11.092988, 46.013865 ], [ 11.095719, 46.013007 ], [ 11.096737, 46.011927 ], [ 11.097254, 46.007726 ], [ 11.100399, 46.006704 ], [ 11.101126, 46.005471 ], [ 11.100476, 46.003825 ], [ 11.099308, 46.003232 ], [ 11.098629, 46.002498 ], [ 11.098336, 46.001346 ], [ 11.097757, 46.000651 ], [ 11.097256, 45.998984 ], [ 11.095969, 45.998208 ], [ 11.094119, 45.995008 ], [ 11.092885, 45.993242 ], [ 11.097786, 45.991596 ], [ 11.103386, 45.990819 ], [ 11.106685, 45.990996 ], [ 11.109281, 45.990077 ], [ 11.113325, 45.989728 ], [ 11.11612, 45.988552 ], [ 11.112961, 45.985205 ], [ 11.111364, 45.983955 ], [ 11.110323, 45.982665 ], [ 11.111344, 45.982417 ], [ 11.115325, 45.981996 ], [ 11.117565, 45.981962 ], [ 11.119677, 45.98391 ], [ 11.121849, 45.984449 ], [ 11.12306, 45.985362 ], [ 11.124446, 45.985682 ], [ 11.125945, 45.984578 ], [ 11.127826, 45.983917 ], [ 11.128627, 45.983188 ], [ 11.131367, 45.981709 ], [ 11.133289, 45.979047 ], [ 11.133819, 45.977407 ], [ 11.134731, 45.976951 ], [ 11.136189, 45.976784 ], [ 11.13834, 45.977686 ], [ 11.13846, 45.978887 ], [ 11.139088, 45.979212 ], [ 11.140981, 45.977184 ], [ 11.142236, 45.977052 ], [ 11.143169, 45.97767 ], [ 11.145223, 45.977424 ], [ 11.147129, 45.976627 ], [ 11.147999, 45.975924 ], [ 11.149616, 45.976666 ], [ 11.150403, 45.977918 ], [ 11.153291, 45.979616 ], [ 11.153826, 45.980178 ], [ 11.154748, 45.980052 ], [ 11.155523, 45.981937 ], [ 11.156271, 45.981688 ], [ 11.156404, 45.980894 ], [ 11.15734, 45.980992 ], [ 11.158674, 45.980445 ], [ 11.159349, 45.981696 ], [ 11.159009, 45.982627 ], [ 11.159338, 45.983823 ], [ 11.158299, 45.985464 ], [ 11.157915, 45.987084 ], [ 11.157856, 45.988927 ], [ 11.15747, 45.990039 ], [ 11.158388, 45.991051 ], [ 11.158113, 45.993869 ], [ 11.158428, 45.995219 ], [ 11.158256, 45.996624 ], [ 11.157843, 45.997414 ], [ 11.157372, 46.00049 ], [ 11.158461, 46.002575 ], [ 11.161287, 46.002949 ], [ 11.163896, 46.002813 ], [ 11.165689, 46.003608 ], [ 11.166609, 46.004471 ], [ 11.16656, 46.005232 ], [ 11.164429, 46.005118 ], [ 11.162277, 46.005715 ], [ 11.164312, 46.007343 ], [ 11.164489, 46.008623 ], [ 11.163849, 46.008684 ], [ 11.16451, 46.011765 ], [ 11.164465, 46.013063 ], [ 11.162294, 46.013665 ], [ 11.161384, 46.014284 ], [ 11.160004, 46.014369 ], [ 11.15785, 46.016366 ], [ 11.157077, 46.016659 ], [ 11.158871, 46.018142 ], [ 11.160905, 46.018975 ], [ 11.163546, 46.021277 ], [ 11.164698, 46.021881 ], [ 11.166479, 46.023249 ], [ 11.169818, 46.023533 ], [ 11.171388, 46.02354 ], [ 11.178755, 46.024388 ], [ 11.17949, 46.024804 ], [ 11.18263, 46.025685 ], [ 11.183329, 46.027363 ], [ 11.184508, 46.028829 ], [ 11.185079, 46.030035 ], [ 11.185841, 46.030826 ], [ 11.187808, 46.032142 ], [ 11.187682, 46.03331 ], [ 11.187994, 46.036817 ], [ 11.187364, 46.037633 ], [ 11.187506, 46.038231 ], [ 11.186558, 46.039262 ], [ 11.186871, 46.042493 ], [ 11.187629, 46.044153 ], [ 11.18777, 46.046254 ], [ 11.190381, 46.048298 ], [ 11.191892, 46.049826 ], [ 11.191661, 46.053048 ], [ 11.19295, 46.055043 ], [ 11.193584, 46.056907 ], [ 11.193644, 46.061663 ], [ 11.193798, 46.064654 ], [ 11.192539, 46.067481 ], [ 11.189631, 46.07132 ], [ 11.189639, 46.071679 ], [ 11.188568, 46.071813 ], [ 11.184251, 46.07375 ], [ 11.182026, 46.077076 ], [ 11.179482, 46.078386 ], [ 11.178525, 46.078545 ], [ 11.177028, 46.079678 ], [ 11.176192, 46.07957 ], [ 11.175438, 46.080029 ], [ 11.173583, 46.080408 ], [ 11.173425, 46.08112 ], [ 11.171771, 46.081259 ], [ 11.170964, 46.082463 ], [ 11.17217, 46.083205 ], [ 11.174914, 46.085372 ], [ 11.173208, 46.087786 ], [ 11.168489, 46.091505 ], [ 11.165773, 46.09261 ], [ 11.161079, 46.09421 ], [ 11.155206, 46.097677 ], [ 11.153817, 46.098698 ], [ 11.156772, 46.1007 ], [ 11.155585, 46.104122 ], [ 11.152841, 46.104498 ], [ 11.153017, 46.105782 ], [ 11.152861, 46.107225 ], [ 11.153004, 46.10871 ], [ 11.154057, 46.109275 ], [ 11.155621, 46.112757 ], [ 11.155676, 46.113765 ], [ 11.156851, 46.115123 ], [ 11.156643, 46.117152 ], [ 11.156874, 46.117686 ], [ 11.158781, 46.118958 ], [ 11.159445, 46.11917 ], [ 11.160846, 46.121048 ], [ 11.162449, 46.12178 ], [ 11.163268, 46.122805 ], [ 11.163626, 46.125056 ], [ 11.164229, 46.13029 ], [ 11.164872, 46.132412 ], [ 11.165195, 46.134794 ], [ 11.165065, 46.135359 ], [ 11.16526, 46.137629 ], [ 11.165028, 46.138132 ], [ 11.164688, 46.140891 ], [ 11.165062, 46.141206 ], [ 11.164188, 46.142503 ], [ 11.164177, 46.143333 ], [ 11.163272, 46.144521 ], [ 11.162987, 46.145786 ], [ 11.163646, 46.147507 ], [ 11.16332, 46.14853 ], [ 11.163369, 46.150381 ], [ 11.162051, 46.15143 ], [ 11.161991, 46.152113 ], [ 11.159982, 46.151873 ], [ 11.156294, 46.150625 ], [ 11.155503, 46.149452 ], [ 11.15439, 46.148942 ], [ 11.152699, 46.148581 ], [ 11.150964, 46.149223 ], [ 11.149816, 46.150083 ], [ 11.148088, 46.149594 ], [ 11.147115, 46.149678 ], [ 11.145934, 46.150412 ], [ 11.142042, 46.150752 ], [ 11.132467, 46.150468 ], [ 11.130121, 46.14902 ], [ 11.128516, 46.148481 ], [ 11.125407, 46.148348 ], [ 11.124889, 46.147844 ], [ 11.122635, 46.148028 ], [ 11.121621, 46.146675 ], [ 11.121656, 46.145386 ], [ 11.120884, 46.144868 ], [ 11.121268, 46.143333 ], [ 11.120658, 46.142277 ], [ 11.119245, 46.141917 ], [ 11.118812, 46.14125 ], [ 11.119066, 46.139071 ], [ 11.118398, 46.138392 ], [ 11.113118, 46.136632 ], [ 11.110305, 46.135864 ], [ 11.101162, 46.133218 ], [ 11.10062, 46.133321 ], [ 11.092763, 46.131764 ], [ 11.088453, 46.128612 ], [ 11.087422, 46.128048 ], [ 11.086909, 46.127371 ], [ 11.084356, 46.126736 ], [ 11.084202, 46.12562 ], [ 11.081936, 46.125024 ], [ 11.082708, 46.123767 ], [ 11.082838, 46.122759 ], [ 11.083608, 46.121107 ], [ 11.081537, 46.120519 ], [ 11.078856, 46.120392 ], [ 11.077384, 46.119642 ], [ 11.076646, 46.118617 ], [ 11.076848, 46.118029 ], [ 11.07948, 46.116831 ], [ 11.07999, 46.115906 ], [ 11.077916, 46.115214 ], [ 11.077004, 46.112357 ], [ 11.075829, 46.111194 ], [ 11.074658, 46.109421 ], [ 11.073056, 46.108149 ], [ 11.071043, 46.105981 ], [ 11.067637, 46.1021 ], [ 11.064543, 46.099738 ], [ 11.060114, 46.097694 ], [ 11.057308, 46.096526 ], [ 11.055681, 46.094142 ], [ 11.054347, 46.091944 ], [ 11.054566, 46.091552 ], [ 11.052598, 46.089813 ], [ 11.051198, 46.088249 ], [ 11.049785, 46.0876 ], [ 11.047407, 46.088038 ], [ 11.047324, 46.088649 ], [ 11.046099, 46.089703 ], [ 11.042062, 46.08711 ], [ 11.042253, 46.085632 ], [ 11.038202, 46.084042 ], [ 11.035515, 46.086333 ], [ 11.03554, 46.087492 ], [ 11.034678, 46.089853 ], [ 11.032421, 46.091563 ], [ 11.03099, 46.091372 ], [ 11.030325, 46.091848 ], [ 11.029156, 46.092031 ], [ 11.029531, 46.088864 ], [ 11.025793, 46.088112 ], [ 11.026313, 46.087572 ], [ 11.026301, 46.086612 ], [ 11.026895, 46.085864 ], [ 11.027078, 46.0846 ], [ 11.026941, 46.083135 ], [ 11.027724, 46.082634 ], [ 11.027917, 46.080102 ], [ 11.028185, 46.078867 ], [ 11.027781, 46.077066 ], [ 11.02826, 46.07587 ], [ 11.027565, 46.075506 ], [ 11.02498, 46.075086 ], [ 11.024241, 46.075438 ], [ 11.02343, 46.073526 ], [ 11.022085, 46.072653 ], [ 11.021541, 46.071948 ], [ 11.021744, 46.070632 ], [ 11.022596, 46.069713 ], [ 11.023312, 46.068083 ], [ 11.023048, 46.066889 ], [ 11.022211, 46.065677 ], [ 11.023074, 46.064641 ], [ 11.023182, 46.063264 ], [ 11.024513, 46.062016 ], [ 11.026231, 46.058602 ], [ 11.0262, 46.05565 ], [ 11.023672, 46.053413 ], [ 11.02264, 46.051973 ], [ 11.021437, 46.04937 ], [ 11.024734, 46.048306 ], [ 11.028603, 46.04643 ], [ 11.026117, 46.043857 ], [ 11.026422, 46.038466 ], [ 11.027528, 46.034179 ], [ 11.028122, 46.032421 ], [ 11.027817, 46.031333 ], [ 11.028279, 46.030328 ], [ 11.028396, 46.028299 ], [ 11.029045, 46.026379 ], [ 11.029074, 46.024946 ], [ 11.028536, 46.023391 ], [ 11.027598, 46.021846 ], [ 11.028085, 46.01995 ], [ 11.027453, 46.01755 ], [ 11.027481, 46.014523 ], [ 11.027913, 46.014107 ], [ 11.028648, 46.012228 ], [ 11.026982, 46.009864 ], [ 11.027951, 46.009384 ], [ 11.027474, 46.007335 ], [ 11.027589, 46.005802 ], [ 11.028644, 46.004129 ], [ 11.028942, 46.002658 ], [ 11.029758, 46.001657 ], [ 11.031186, 45.999097 ], [ 11.031152, 45.99834 ], [ 11.032094, 45.997145 ], [ 11.032384, 45.994524 ], [ 11.032173, 45.991287 ], [ 11.031094, 45.989254 ], [ 11.031867, 45.987665 ], [ 11.031671, 45.98629 ], [ 11.032263, 45.985235 ], [ 11.035093, 45.982004 ], [ 11.035826, 45.981486 ], [ 11.037446, 45.986043 ], [ 11.038039, 45.988167 ], [ 11.039509, 45.991254 ], [ 11.044612, 45.995875 ] ] ] } },
{ "type": "Feature", "properties": { "com_altname": null, "com_area_code": "ITA", "com_capoluogo": "No", "com_code": "22193", "com_name": "Terragnolo", "com_name_lower": "terragnolo", "com_name_upper": "TERRAGNOLO", "com_type": "Comune", "geo_point_2d": { "lat": 45.86181838880027, "lon": 11.169438631683109 }, "prov_code": "22", "prov_name": "Trento", "reg_code": "4", "reg_name": "Trentino-Alto Adige", "rip_code": "2", "rip_name": "Nord-Est", "year": "2022" }, "geometry": { "type": "Polygon", "coordinates": [ [ [ 11.21904, 45.832898 ], [ 11.21843, 45.835247 ], [ 11.218453, 45.836119 ], [ 11.219786, 45.837922 ], [ 11.219969, 45.838768 ], [ 11.218282, 45.841457 ], [ 11.218665, 45.842273 ], [ 11.218454, 45.843962 ], [ 11.219159, 45.84549 ], [ 11.220524, 45.847739 ], [ 11.221861, 45.84896 ], [ 11.221298, 45.850351 ], [ 11.220193, 45.85167 ], [ 11.22006, 45.853147 ], [ 11.218209, 45.854852 ], [ 11.21855, 45.856536 ], [ 11.218274, 45.857651 ], [ 11.217236, 45.858789 ], [ 11.216654, 45.860887 ], [ 11.215629, 45.861751 ], [ 11.216195, 45.863382 ], [ 11.216122, 45.86444 ], [ 11.215589, 45.865215 ], [ 11.214592, 45.865745 ], [ 11.213521, 45.867228 ], [ 11.212107, 45.867925 ], [ 11.212636, 45.870055 ], [ 11.210757, 45.872217 ], [ 11.209443, 45.873203 ], [ 11.208492, 45.873088 ], [ 11.206075, 45.874698 ], [ 11.204484, 45.875434 ], [ 11.203998, 45.876044 ], [ 11.202264, 45.876466 ], [ 11.200738, 45.877187 ], [ 11.199296, 45.877315 ], [ 11.197491, 45.877115 ], [ 11.195099, 45.877222 ], [ 11.190812, 45.878247 ], [ 11.189807, 45.878095 ], [ 11.188435, 45.878694 ], [ 11.188221, 45.881109 ], [ 11.187754, 45.88209 ], [ 11.185874, 45.883869 ], [ 11.181055, 45.887183 ], [ 11.179263, 45.887762 ], [ 11.176238, 45.887902 ], [ 11.174556, 45.888241 ], [ 11.169973, 45.887276 ], [ 11.168318, 45.886055 ], [ 11.161949, 45.886552 ], [ 11.160575, 45.886317 ], [ 11.159122, 45.886465 ], [ 11.153874, 45.887755 ], [ 11.152402, 45.888258 ], [ 11.147024, 45.888375 ], [ 11.144291, 45.890078 ], [ 11.142742, 45.89036 ], [ 11.14038, 45.890283 ], [ 11.138501, 45.891015 ], [ 11.136609, 45.891406 ], [ 11.135981, 45.891309 ], [ 11.134663, 45.891955 ], [ 11.133758, 45.892723 ], [ 11.132043, 45.893515 ], [ 11.129668, 45.894119 ], [ 11.128506, 45.895098 ], [ 11.127132, 45.894582 ], [ 11.124014, 45.893953 ], [ 11.12209, 45.892616 ], [ 11.119413, 45.892108 ], [ 11.112326, 45.889571 ], [ 11.111196, 45.889258 ], [ 11.107865, 45.887781 ], [ 11.107172, 45.88675 ], [ 11.107176, 45.885831 ], [ 11.107634, 45.884222 ], [ 11.106365, 45.883293 ], [ 11.106146, 45.881746 ], [ 11.105196, 45.881326 ], [ 11.104577, 45.880347 ], [ 11.102823, 45.879476 ], [ 11.101411, 45.878302 ], [ 11.099416, 45.875217 ], [ 11.097491, 45.87468 ], [ 11.097161, 45.873968 ], [ 11.095743, 45.872649 ], [ 11.094192, 45.872821 ], [ 11.093237, 45.872651 ], [ 11.09264, 45.871558 ], [ 11.091927, 45.871198 ], [ 11.091275, 45.869933 ], [ 11.092737, 45.869748 ], [ 11.095565, 45.870167 ], [ 11.098183, 45.870244 ], [ 11.099377, 45.871 ], [ 11.100779, 45.87114 ], [ 11.101726, 45.872165 ], [ 11.102605, 45.872677 ], [ 11.105708, 45.873206 ], [ 11.107336, 45.873902 ], [ 11.108185, 45.874021 ], [ 11.11162, 45.873131 ], [ 11.113926, 45.87312 ], [ 11.116862, 45.872474 ], [ 11.118239, 45.871359 ], [ 11.118941, 45.871094 ], [ 11.120161, 45.869622 ], [ 11.120348, 45.868759 ], [ 11.121579, 45.867826 ], [ 11.125281, 45.866367 ], [ 11.1273, 45.86522 ], [ 11.127583, 45.864056 ], [ 11.128616, 45.862357 ], [ 11.13161, 45.859317 ], [ 11.132774, 45.858003 ], [ 11.136286, 45.855639 ], [ 11.137506, 45.855032 ], [ 11.1381, 45.855243 ], [ 11.140735, 45.855408 ], [ 11.142946, 45.854761 ], [ 11.145211, 45.854387 ], [ 11.147318, 45.853347 ], [ 11.146834, 45.852206 ], [ 11.147309, 45.85158 ], [ 11.14848, 45.85092 ], [ 11.149442, 45.851083 ], [ 11.152929, 45.851228 ], [ 11.156722, 45.850895 ], [ 11.157546, 45.850591 ], [ 11.15854, 45.849652 ], [ 11.15836, 45.848303 ], [ 11.160265, 45.846585 ], [ 11.162045, 45.845791 ], [ 11.163248, 45.846279 ], [ 11.164823, 45.845697 ], [ 11.164498, 45.844495 ], [ 11.165244, 45.842715 ], [ 11.167208, 45.842332 ], [ 11.168206, 45.840816 ], [ 11.170948, 45.837295 ], [ 11.171882, 45.835746 ], [ 11.172813, 45.836469 ], [ 11.173293, 45.837776 ], [ 11.175076, 45.838635 ], [ 11.176634, 45.83831 ], [ 11.179345, 45.838016 ], [ 11.182505, 45.837422 ], [ 11.183769, 45.837887 ], [ 11.18422, 45.836749 ], [ 11.182252, 45.833975 ], [ 11.180991, 45.831559 ], [ 11.179651, 45.82835 ], [ 11.177914, 45.825403 ], [ 11.178527, 45.823513 ], [ 11.177776, 45.820219 ], [ 11.178083, 45.818987 ], [ 11.179835, 45.817779 ], [ 11.18382, 45.816198 ], [ 11.184842, 45.816483 ], [ 11.185393, 45.81706 ], [ 11.186312, 45.819018 ], [ 11.187907, 45.819468 ], [ 11.188317, 45.82134 ], [ 11.190184, 45.822397 ], [ 11.195222, 45.822661 ], [ 11.197192, 45.823815 ], [ 11.198665, 45.824189 ], [ 11.202853, 45.82704 ], [ 11.206954, 45.82774 ], [ 11.208061, 45.828554 ], [ 11.214866, 45.830691 ], [ 11.21904, 45.832898 ] ] ] } },
{ "type": "Feature", "properties": { "com_altname": null, "com_area_code": "ITA", "com_capoluogo": "No", "com_code": "22064", "com_name": "Commezzadura", "com_name_lower": "commezzadura", "com_name_upper": "COMMEZZADURA", "com_type": "Comune", "geo_point_2d": { "lat": 46.313551581071266, "lon": 10.837527632037725 }, "prov_code": "22", "prov_name": "Trento", "reg_code": "4", "reg_name": "Trentino-Alto Adige", "rip_code": "2", "rip_name": "Nord-Est", "year": "2022" }, "geometry": { "type": "Polygon", "coordinates": [ [ [ 10.822198, 46.349738 ], [ 10.822428, 46.346838 ], [ 10.822969, 46.345349 ], [ 10.822678, 46.344246 ], [ 10.823112, 46.341126 ], [ 10.82294, 46.339143 ], [ 10.824676, 46.336129 ], [ 10.8254, 46.335429 ], [ 10.825492, 46.334569 ], [ 10.825158, 46.332766 ], [ 10.825159, 46.33136 ], [ 10.825543, 46.33038 ], [ 10.82415, 46.33042 ], [ 10.823616, 46.328759 ], [ 10.822197, 46.327128 ], [ 10.819542, 46.325421 ], [ 10.817399, 46.324878 ], [ 10.817292, 46.32327 ], [ 10.818811, 46.320143 ], [ 10.818531, 46.319402 ], [ 10.816901, 46.319446 ], [ 10.815778, 46.319064 ], [ 10.816508, 46.316876 ], [ 10.817056, 46.313248 ], [ 10.818116, 46.311326 ], [ 10.817966, 46.309564 ], [ 10.818086, 46.308124 ], [ 10.817721, 46.305857 ], [ 10.816885, 46.304023 ], [ 10.817087, 46.301532 ], [ 10.818303, 46.299104 ], [ 10.819302, 46.297988 ], [ 10.818625, 46.296158 ], [ 10.81901, 46.295365 ], [ 10.81876, 46.294719 ], [ 10.818818, 46.292875 ], [ 10.817622, 46.291313 ], [ 10.818304, 46.289775 ], [ 10.817663, 46.288551 ], [ 10.814237, 46.28536 ], [ 10.814594, 46.282673 ], [ 10.814398, 46.281545 ], [ 10.815018, 46.280605 ], [ 10.814517, 46.277232 ], [ 10.812955, 46.275415 ], [ 10.812614, 46.273798 ], [ 10.814165, 46.273449 ], [ 10.816761, 46.273892 ], [ 10.819281, 46.274144 ], [ 10.823307, 46.274378 ], [ 10.825442, 46.274704 ], [ 10.828004, 46.274765 ], [ 10.832292, 46.274508 ], [ 10.835802, 46.274489 ], [ 10.837488, 46.275997 ], [ 10.837852, 46.278041 ], [ 10.837585, 46.279365 ], [ 10.836124, 46.282285 ], [ 10.836048, 46.283944 ], [ 10.837013, 46.28534 ], [ 10.839689, 46.28716 ], [ 10.841578, 46.289542 ], [ 10.844019, 46.291215 ], [ 10.8447, 46.291275 ], [ 10.845869, 46.292314 ], [ 10.847221, 46.293164 ], [ 10.850244, 46.293112 ], [ 10.851294, 46.293707 ], [ 10.85174, 46.29576 ], [ 10.852759, 46.297575 ], [ 10.853455, 46.298234 ], [ 10.854575, 46.300264 ], [ 10.855974, 46.301464 ], [ 10.856181, 46.302821 ], [ 10.856953, 46.303926 ], [ 10.859505, 46.305657 ], [ 10.8605, 46.306993 ], [ 10.860829, 46.308002 ], [ 10.860397, 46.309832 ], [ 10.860493, 46.310523 ], [ 10.862497, 46.313658 ], [ 10.86313, 46.315822 ], [ 10.864384, 46.317026 ], [ 10.864104, 46.319083 ], [ 10.864947, 46.32015 ], [ 10.864986, 46.321272 ], [ 10.865682, 46.322122 ], [ 10.865632, 46.322844 ], [ 10.864012, 46.323552 ], [ 10.860531, 46.324534 ], [ 10.860854, 46.32632 ], [ 10.86183, 46.327013 ], [ 10.863228, 46.327147 ], [ 10.864076, 46.328031 ], [ 10.865689, 46.327911 ], [ 10.867969, 46.328252 ], [ 10.867292, 46.330692 ], [ 10.866057, 46.331708 ], [ 10.863889, 46.334007 ], [ 10.864954, 46.334318 ], [ 10.868129, 46.334455 ], [ 10.869087, 46.335242 ], [ 10.867999, 46.335081 ], [ 10.865613, 46.335204 ], [ 10.861651, 46.336322 ], [ 10.858942, 46.337375 ], [ 10.857386, 46.337785 ], [ 10.853741, 46.339567 ], [ 10.847954, 46.340845 ], [ 10.844823, 46.346121 ], [ 10.843827, 46.348548 ], [ 10.844205, 46.34892 ], [ 10.842348, 46.348688 ], [ 10.838728, 46.349106 ], [ 10.837178, 46.349392 ], [ 10.833891, 46.34957 ], [ 10.832295, 46.350309 ], [ 10.830619, 46.35039 ], [ 10.828044, 46.349374 ], [ 10.827234, 46.348694 ], [ 10.824922, 46.348466 ], [ 10.822907, 46.349107 ], [ 10.822198, 46.349738 ] ] ] } },
{ "type": "Feature", "properties": { "com_altname": null, "com_area_code": "ITA", "com_capoluogo": "No", "com_code": "22232", "com_name": "Valdaone", "com_name_lower": "valdaone", "com_name_upper": "VALDAONE", "com_type": "Comune", "geo_point_2d": { "lat": 46.016546393299485, "lon": 10.544844388038328 }, "prov_code": "22", "prov_name": "Trento", "reg_code": "4", "reg_name": "Trentino-Alto Adige", "rip_code": "2", "rip_name": "Nord-Est", "year": "2022" }, "geometry": { "type": "Polygon", "coordinates": [ [ [ 10.491435, 45.941953 ], [ 10.492443, 45.942903 ], [ 10.497549, 45.945511 ], [ 10.500533, 45.944967 ], [ 10.502242, 45.944407 ], [ 10.505646, 45.942651 ], [ 10.510022, 45.940934 ], [ 10.511982, 45.94106 ], [ 10.512777, 45.940769 ], [ 10.516648, 45.941033 ], [ 10.519206, 45.94014 ], [ 10.520076, 45.935916 ], [ 10.521456, 45.934059 ], [ 10.520287, 45.931181 ], [ 10.520433, 45.928899 ], [ 10.522637, 45.927531 ], [ 10.524161, 45.925697 ], [ 10.528104, 45.926788 ], [ 10.533739, 45.927394 ], [ 10.535259, 45.927246 ], [ 10.543488, 45.925198 ], [ 10.543916, 45.925787 ], [ 10.546452, 45.927198 ], [ 10.547524, 45.928158 ], [ 10.549176, 45.928804 ], [ 10.550833, 45.929903 ], [ 10.552798, 45.932464 ], [ 10.553872, 45.934818 ], [ 10.554539, 45.937091 ], [ 10.556309, 45.938413 ], [ 10.559149, 45.938794 ], [ 10.560598, 45.938184 ], [ 10.566357, 45.940186 ], [ 10.567288, 45.942075 ], [ 10.567259, 45.943199 ], [ 10.567688, 45.94372 ], [ 10.569879, 45.94359 ], [ 10.570367, 45.944022 ], [ 10.576414, 45.943783 ], [ 10.577354, 45.943982 ], [ 10.578869, 45.94326 ], [ 10.580916, 45.942602 ], [ 10.582288, 45.942727 ], [ 10.586787, 45.940574 ], [ 10.590024, 45.940956 ], [ 10.592871, 45.94192 ], [ 10.594597, 45.94097 ], [ 10.593633, 45.938255 ], [ 10.594496, 45.937598 ], [ 10.59602, 45.935722 ], [ 10.599341, 45.935479 ], [ 10.601557, 45.935569 ], [ 10.602689, 45.936 ], [ 10.606248, 45.936759 ], [ 10.608862, 45.937099 ], [ 10.612479, 45.937173 ], [ 10.61482, 45.93677 ], [ 10.616031, 45.936917 ], [ 10.618196, 45.936778 ], [ 10.620485, 45.93743 ], [ 10.622675, 45.937378 ], [ 10.625, 45.937727 ], [ 10.626289, 45.937702 ], [ 10.628047, 45.938287 ], [ 10.629683, 45.93835 ], [ 10.631254, 45.938113 ], [ 10.632253, 45.938491 ], [ 10.632781, 45.939124 ], [ 10.634116, 45.93923 ], [ 10.635141, 45.940049 ], [ 10.635623, 45.941304 ], [ 10.639363, 45.942961 ], [ 10.639362, 45.94386 ], [ 10.640285, 45.945065 ], [ 10.639716, 45.945439 ], [ 10.640423, 45.94674 ], [ 10.641339, 45.947259 ], [ 10.642433, 45.948603 ], [ 10.643973, 45.949089 ], [ 10.646323, 45.951364 ], [ 10.646927, 45.95231 ], [ 10.646284, 45.953539 ], [ 10.648235, 45.955064 ], [ 10.65016, 45.956854 ], [ 10.651349, 45.95844 ], [ 10.653823, 45.960794 ], [ 10.656167, 45.962411 ], [ 10.658531, 45.962612 ], [ 10.65728, 45.964056 ], [ 10.65597, 45.964112 ], [ 10.654404, 45.964621 ], [ 10.653979, 45.965376 ], [ 10.6545, 45.965752 ], [ 10.655077, 45.967323 ], [ 10.654425, 45.970617 ], [ 10.655029, 45.972455 ], [ 10.654595, 45.973718 ], [ 10.653708, 45.977278 ], [ 10.655467, 45.979087 ], [ 10.654879, 45.982239 ], [ 10.652738, 45.982685 ], [ 10.652578, 45.984326 ], [ 10.651287, 45.986412 ], [ 10.649856, 45.98589 ], [ 10.649946, 45.984437 ], [ 10.646704, 45.98405 ], [ 10.64567, 45.98215 ], [ 10.644728, 45.981653 ], [ 10.644773, 45.980506 ], [ 10.643636, 45.979381 ], [ 10.643508, 45.977617 ], [ 10.64393, 45.976422 ], [ 10.643211, 45.974843 ], [ 10.641257, 45.975315 ], [ 10.639394, 45.975462 ], [ 10.638569, 45.976021 ], [ 10.636163, 45.97615 ], [ 10.633903, 45.9766 ], [ 10.633061, 45.976984 ], [ 10.631908, 45.976162 ], [ 10.630908, 45.975864 ], [ 10.630636, 45.975205 ], [ 10.629469, 45.974754 ], [ 10.627706, 45.974522 ], [ 10.628482, 45.973944 ], [ 10.629423, 45.972631 ], [ 10.629035, 45.971013 ], [ 10.628054, 45.970296 ], [ 10.6261, 45.970614 ], [ 10.62605, 45.970034 ], [ 10.626882, 45.968493 ], [ 10.629336, 45.967106 ], [ 10.629388, 45.966555 ], [ 10.62822, 45.966045 ], [ 10.626659, 45.966527 ], [ 10.624163, 45.966944 ], [ 10.622717, 45.967931 ], [ 10.621053, 45.969751 ], [ 10.61952, 45.970514 ], [ 10.616804, 45.971253 ], [ 10.614258, 45.972528 ], [ 10.613064, 45.973597 ], [ 10.609255, 45.975147 ], [ 10.605756, 45.974599 ], [ 10.60327, 45.975027 ], [ 10.602315, 45.975451 ], [ 10.60117, 45.976832 ], [ 10.600539, 45.97911 ], [ 10.599259, 45.980202 ], [ 10.597822, 45.980999 ], [ 10.597052, 45.982221 ], [ 10.595674, 45.982957 ], [ 10.59228, 45.983495 ], [ 10.587634, 45.985592 ], [ 10.587339, 45.985952 ], [ 10.587019, 45.988305 ], [ 10.587134, 45.990638 ], [ 10.587787, 45.991626 ], [ 10.587747, 45.992484 ], [ 10.58688, 45.993613 ], [ 10.58682, 45.995081 ], [ 10.58798, 45.996319 ], [ 10.588353, 45.997158 ], [ 10.587544, 45.997927 ], [ 10.585327, 45.998777 ], [ 10.583661, 46.0011 ], [ 10.583334, 46.003715 ], [ 10.58377, 46.005007 ], [ 10.58374, 46.005872 ], [ 10.58297, 46.006345 ], [ 10.581252, 46.008131 ], [ 10.579405, 46.008888 ], [ 10.578924, 46.009641 ], [ 10.577242, 46.011145 ], [ 10.578475, 46.013889 ], [ 10.578155, 46.014784 ], [ 10.578749, 46.015924 ], [ 10.578153, 46.017167 ], [ 10.577502, 46.017499 ], [ 10.574537, 46.019724 ], [ 10.574167, 46.020885 ], [ 10.573573, 46.021678 ], [ 10.571226, 46.024114 ], [ 10.571733, 46.025347 ], [ 10.571637, 46.026685 ], [ 10.572808, 46.028972 ], [ 10.572211, 46.030466 ], [ 10.571419, 46.030997 ], [ 10.571391, 46.032945 ], [ 10.570662, 46.033896 ], [ 10.571394, 46.035441 ], [ 10.571051, 46.036624 ], [ 10.570801, 46.038977 ], [ 10.571127, 46.039824 ], [ 10.571106, 46.041135 ], [ 10.570438, 46.041378 ], [ 10.5682, 46.04146 ], [ 10.565855, 46.044476 ], [ 10.564803, 46.04679 ], [ 10.566784, 46.048266 ], [ 10.567634, 46.049535 ], [ 10.567463, 46.050974 ], [ 10.568349, 46.052014 ], [ 10.571734, 46.053392 ], [ 10.574066, 46.055028 ], [ 10.574867, 46.055996 ], [ 10.574506, 46.058308 ], [ 10.574107, 46.059406 ], [ 10.573746, 46.06152 ], [ 10.574131, 46.062283 ], [ 10.576648, 46.064342 ], [ 10.577822, 46.065635 ], [ 10.579413, 46.066478 ], [ 10.582805, 46.067478 ], [ 10.584868, 46.068633 ], [ 10.584827, 46.069172 ], [ 10.583077, 46.073251 ], [ 10.584427, 46.075118 ], [ 10.585268, 46.075971 ], [ 10.586674, 46.07686 ], [ 10.588944, 46.078688 ], [ 10.59008, 46.081409 ], [ 10.590477, 46.083149 ], [ 10.592312, 46.085251 ], [ 10.592804, 46.086359 ], [ 10.593126, 46.087916 ], [ 10.592586, 46.089489 ], [ 10.593003, 46.090481 ], [ 10.592878, 46.092091 ], [ 10.593772, 46.094351 ], [ 10.593255, 46.09652 ], [ 10.594321, 46.098671 ], [ 10.59468, 46.101337 ], [ 10.594376, 46.102197 ], [ 10.595077, 46.103794 ], [ 10.596085, 46.10434 ], [ 10.597113, 46.10552 ], [ 10.596998, 46.10664 ], [ 10.596088, 46.107754 ], [ 10.593532, 46.109191 ], [ 10.593287, 46.110452 ], [ 10.593797, 46.11235 ], [ 10.593633, 46.11319 ], [ 10.592642, 46.113791 ], [ 10.593347, 46.114672 ], [ 10.592668, 46.115721 ], [ 10.59274, 46.116497 ], [ 10.590699, 46.117718 ], [ 10.590315, 46.119159 ], [ 10.590916, 46.120404 ], [ 10.589747, 46.121211 ], [ 10.588782, 46.122034 ], [ 10.58819, 46.12315 ], [ 10.588827, 46.124864 ], [ 10.588447, 46.125668 ], [ 10.588482, 46.126983 ], [ 10.587861, 46.128384 ], [ 10.588304, 46.129544 ], [ 10.588133, 46.131288 ], [ 10.587636, 46.132265 ], [ 10.587295, 46.133732 ], [ 10.585942, 46.135339 ], [ 10.586613, 46.136026 ], [ 10.586625, 46.136667 ], [ 10.587392, 46.13838 ], [ 10.587517, 46.139582 ], [ 10.588444, 46.141088 ], [ 10.588821, 46.1426 ], [ 10.589558, 46.144025 ], [ 10.591143, 46.14612 ], [ 10.592173, 46.148677 ], [ 10.588704, 46.148523 ], [ 10.582272, 46.148543 ], [ 10.574478, 46.147817 ], [ 10.570375, 46.147293 ], [ 10.566471, 46.14716 ], [ 10.564039, 46.147313 ], [ 10.559968, 46.147856 ], [ 10.554321, 46.148776 ], [ 10.552957, 46.147589 ], [ 10.551546, 46.146957 ], [ 10.547706, 46.146084 ], [ 10.547133, 46.145585 ], [ 10.54658, 46.14432 ], [ 10.546706, 46.143438 ], [ 10.545924, 46.141821 ], [ 10.546274, 46.141146 ], [ 10.548103, 46.139263 ], [ 10.549061, 46.138542 ], [ 10.550678, 46.137812 ], [ 10.550261, 46.134819 ], [ 10.549693, 46.134002 ], [ 10.549473, 46.132417 ], [ 10.54973, 46.130878 ], [ 10.550205, 46.129878 ], [ 10.549867, 46.127118 ], [ 10.551091, 46.125293 ], [ 10.550991, 46.124138 ], [ 10.550109, 46.122831 ], [ 10.550369, 46.121817 ], [ 10.550153, 46.120902 ], [ 10.548918, 46.118811 ], [ 10.549463, 46.117879 ], [ 10.54935, 46.117133 ], [ 10.546569, 46.114267 ], [ 10.546114, 46.113265 ], [ 10.545966, 46.112034 ], [ 10.543437, 46.108991 ], [ 10.542225, 46.107962 ], [ 10.542444, 46.107205 ], [ 10.541619, 46.10497 ], [ 10.541578, 46.103269 ], [ 10.536197, 46.098147 ], [ 10.534539, 46.096816 ], [ 10.532345, 46.095878 ], [ 10.529945, 46.094671 ], [ 10.529444, 46.093825 ], [ 10.527857, 46.092438 ], [ 10.526597, 46.09187 ], [ 10.52569, 46.090576 ], [ 10.524729, 46.089643 ], [ 10.523629, 46.089007 ], [ 10.521318, 46.088576 ], [ 10.520822, 46.088165 ], [ 10.519919, 46.085541 ], [ 10.518944, 46.084707 ], [ 10.518645, 46.083649 ], [ 10.517156, 46.0818 ], [ 10.517231, 46.080184 ], [ 10.514801, 46.078827 ], [ 10.511741, 46.077561 ], [ 10.509193, 46.075232 ], [ 10.50787, 46.073859 ], [ 10.506788, 46.073474 ], [ 10.504886, 46.072389 ], [ 10.502944, 46.072242 ], [ 10.501309, 46.072322 ], [ 10.499468, 46.071033 ], [ 10.498159, 46.069826 ], [ 10.495125, 46.069428 ], [ 10.49407, 46.068448 ], [ 10.49092, 46.066809 ], [ 10.489406, 46.065056 ], [ 10.488898, 46.062099 ], [ 10.488908, 46.061211 ], [ 10.488231, 46.060032 ], [ 10.486234, 46.058597 ], [ 10.484692, 46.058033 ], [ 10.483839, 46.057373 ], [ 10.482574, 46.057183 ], [ 10.480947, 46.056295 ], [ 10.479769, 46.05292 ], [ 10.477336, 46.051321 ], [ 10.479058, 46.050475 ], [ 10.483147, 46.049491 ], [ 10.484697, 46.046618 ], [ 10.484817, 46.045127 ], [ 10.484329, 46.044226 ], [ 10.483317, 46.043543 ], [ 10.482378, 46.04156 ], [ 10.482867, 46.040828 ], [ 10.484812, 46.03921 ], [ 10.485316, 46.038547 ], [ 10.484841, 46.036765 ], [ 10.485581, 46.033948 ], [ 10.485397, 46.031192 ], [ 10.486225, 46.029551 ], [ 10.485983, 46.028642 ], [ 10.48463, 46.025627 ], [ 10.484705, 46.024616 ], [ 10.483292, 46.021864 ], [ 10.482663, 46.021419 ], [ 10.480774, 46.021073 ], [ 10.478104, 46.021385 ], [ 10.475712, 46.021197 ], [ 10.472125, 46.02146 ], [ 10.470816, 46.021083 ], [ 10.466999, 46.01833 ], [ 10.4662, 46.018073 ], [ 10.4647, 46.017018 ], [ 10.462983, 46.015404 ], [ 10.461802, 46.013994 ], [ 10.461118, 46.012713 ], [ 10.458905, 46.011016 ], [ 10.457305, 46.009065 ], [ 10.457094, 46.008048 ], [ 10.457578, 46.00525 ], [ 10.457027, 46.003786 ], [ 10.457639, 46.002345 ], [ 10.45751, 46.000664 ], [ 10.457938, 45.99966 ], [ 10.457246, 45.997388 ], [ 10.457192, 45.99568 ], [ 10.456312, 45.994754 ], [ 10.455445, 45.992592 ], [ 10.453285, 45.991025 ], [ 10.452935, 45.989622 ], [ 10.453095, 45.987428 ], [ 10.452795, 45.986298 ], [ 10.452638, 45.984108 ], [ 10.452264, 45.982592 ], [ 10.452131, 45.979686 ], [ 10.452488, 45.978097 ], [ 10.453408, 45.976553 ], [ 10.453576, 45.97642 ], [ 10.458844, 45.975224 ], [ 10.464022, 45.974127 ], [ 10.466275, 45.972229 ], [ 10.467732, 45.971572 ], [ 10.471125, 45.972343 ], [ 10.47445, 45.97265 ], [ 10.47611, 45.970509 ], [ 10.480167, 45.969954 ], [ 10.48325, 45.970413 ], [ 10.486003, 45.970961 ], [ 10.48836, 45.97202 ], [ 10.489034, 45.971155 ], [ 10.488495, 45.969346 ], [ 10.488759, 45.966836 ], [ 10.48866, 45.965672 ], [ 10.488938, 45.964559 ], [ 10.489901, 45.962811 ], [ 10.489875, 45.962289 ], [ 10.488467, 45.960489 ], [ 10.48679, 45.959229 ], [ 10.485494, 45.956618 ], [ 10.48418, 45.954695 ], [ 10.48467, 45.953536 ], [ 10.483026, 45.951928 ], [ 10.483219, 45.950574 ], [ 10.484393, 45.949094 ], [ 10.48483, 45.947372 ], [ 10.484706, 45.945115 ], [ 10.48615, 45.942829 ], [ 10.488631, 45.942523 ], [ 10.491435, 45.941953 ] ] ] } },
{ "type": "Feature", "properties": { "com_altname": null, "com_area_code": "ITA", "com_capoluogo": "No", "com_code": "22001", "com_name": "Ala", "com_name_lower": "ala", "com_name_upper": "ALA", "com_type": "Comune", "geo_point_2d": { "lat": 45.74797282502724, "lon": 11.039948303774466 }, "prov_code": "22", "prov_name": "Trento", "reg_code": "4", "reg_name": "Trentino-Alto Adige", "rip_code": "2", "rip_name": "Nord-Est", "year": "2022" }, "geometry": { "type": "Polygon", "coordinates": [ [ [ 11.016466, 45.705727 ], [ 11.017885, 45.706362 ], [ 11.018637, 45.70594 ], [ 11.024045, 45.705268 ], [ 11.02548, 45.704814 ], [ 11.027666, 45.704723 ], [ 11.029388, 45.705533 ], [ 11.031297, 45.705827 ], [ 11.034024, 45.707242 ], [ 11.0387, 45.707072 ], [ 11.041784, 45.706216 ], [ 11.046287, 45.710196 ], [ 11.04687, 45.710904 ], [ 11.052758, 45.716567 ], [ 11.055313, 45.717288 ], [ 11.055451, 45.717963 ], [ 11.056678, 45.718393 ], [ 11.057979, 45.717243 ], [ 11.05812, 45.716433 ], [ 11.059507, 45.714189 ], [ 11.061092, 45.713174 ], [ 11.062402, 45.711899 ], [ 11.063977, 45.711132 ], [ 11.064974, 45.708835 ], [ 11.06591, 45.708272 ], [ 11.06725, 45.708121 ], [ 11.068599, 45.707534 ], [ 11.07001, 45.706254 ], [ 11.07085, 45.705915 ], [ 11.072386, 45.703834 ], [ 11.073836, 45.703059 ], [ 11.074536, 45.702972 ], [ 11.076999, 45.703502 ], [ 11.077665, 45.703189 ], [ 11.082312, 45.699977 ], [ 11.083905, 45.699086 ], [ 11.08554, 45.697842 ], [ 11.086819, 45.698025 ], [ 11.087564, 45.69763 ], [ 11.087984, 45.696581 ], [ 11.091038, 45.695857 ], [ 11.092399, 45.695151 ], [ 11.094127, 45.692782 ], [ 11.098101, 45.692855 ], [ 11.09975, 45.693963 ], [ 11.100158, 45.695016 ], [ 11.101867, 45.695958 ], [ 11.107569, 45.69567 ], [ 11.108643, 45.69496 ], [ 11.113744, 45.696722 ], [ 11.115592, 45.696321 ], [ 11.121396, 45.695545 ], [ 11.122501, 45.695189 ], [ 11.122482, 45.694724 ], [ 11.123379, 45.693823 ], [ 11.123534, 45.69294 ], [ 11.123055, 45.690162 ], [ 11.123941, 45.689628 ], [ 11.126856, 45.691392 ], [ 11.12814, 45.691499 ], [ 11.131065, 45.692329 ], [ 11.135993, 45.695681 ], [ 11.13851, 45.696848 ], [ 11.138259, 45.697084 ], [ 11.135993, 45.699088 ], [ 11.135902, 45.700031 ], [ 11.136992, 45.7041 ], [ 11.137649, 45.705839 ], [ 11.138662, 45.709316 ], [ 11.142132, 45.7121 ], [ 11.14438, 45.713103 ], [ 11.145723, 45.714901 ], [ 11.145903, 45.716945 ], [ 11.145047, 45.717931 ], [ 11.144025, 45.720139 ], [ 11.140307, 45.720819 ], [ 11.139467, 45.721189 ], [ 11.138512, 45.723963 ], [ 11.134263, 45.725305 ], [ 11.13208, 45.725512 ], [ 11.13044, 45.725004 ], [ 11.128823, 45.72584 ], [ 11.127509, 45.72716 ], [ 11.125972, 45.727791 ], [ 11.123688, 45.727772 ], [ 11.122073, 45.72801 ], [ 11.121051, 45.729663 ], [ 11.11947, 45.730893 ], [ 11.117254, 45.731407 ], [ 11.114722, 45.732275 ], [ 11.110505, 45.734575 ], [ 11.109035, 45.734258 ], [ 11.107323, 45.734488 ], [ 11.105327, 45.736447 ], [ 11.103901, 45.73743 ], [ 11.102098, 45.739086 ], [ 11.100813, 45.740821 ], [ 11.100156, 45.74218 ], [ 11.100776, 45.743686 ], [ 11.100698, 45.744769 ], [ 11.099623, 45.746239 ], [ 11.099034, 45.747713 ], [ 11.099235, 45.748598 ], [ 11.097977, 45.749989 ], [ 11.097439, 45.752472 ], [ 11.097669, 45.754842 ], [ 11.098298, 45.755843 ], [ 11.099223, 45.756646 ], [ 11.095979, 45.758279 ], [ 11.094878, 45.759398 ], [ 11.094016, 45.76093 ], [ 11.093604, 45.762491 ], [ 11.091432, 45.765117 ], [ 11.086973, 45.769689 ], [ 11.085303, 45.770704 ], [ 11.08643, 45.772512 ], [ 11.086954, 45.774397 ], [ 11.08577, 45.776137 ], [ 11.085205, 45.778396 ], [ 11.084282, 45.779307 ], [ 11.083622, 45.780541 ], [ 11.081557, 45.78121 ], [ 11.079026, 45.78133 ], [ 11.077932, 45.781684 ], [ 11.077337, 45.78246 ], [ 11.075393, 45.783956 ], [ 11.075495, 45.784529 ], [ 11.074244, 45.785103 ], [ 11.073177, 45.785937 ], [ 11.071907, 45.786197 ], [ 11.071263, 45.788798 ], [ 11.071439, 45.790098 ], [ 11.070953, 45.791738 ], [ 11.070073, 45.793246 ], [ 11.068715, 45.794392 ], [ 11.069026, 45.796714 ], [ 11.069481, 45.797221 ], [ 11.069531, 45.798849 ], [ 11.068798, 45.799287 ], [ 11.067025, 45.799456 ], [ 11.066148, 45.800835 ], [ 11.064408, 45.801309 ], [ 11.062756, 45.802228 ], [ 11.060387, 45.802326 ], [ 11.058257, 45.802908 ], [ 11.056878, 45.802469 ], [ 11.055621, 45.804207 ], [ 11.054059, 45.805761 ], [ 11.049858, 45.808284 ], [ 11.0494, 45.810678 ], [ 11.049575, 45.811605 ], [ 11.049344, 45.813463 ], [ 11.042737, 45.813359 ], [ 11.037513, 45.813136 ], [ 11.034549, 45.813431 ], [ 11.032882, 45.813462 ], [ 11.027572, 45.814594 ], [ 11.023003, 45.816177 ], [ 11.019369, 45.817619 ], [ 11.017723, 45.818615 ], [ 11.016584, 45.819614 ], [ 11.016391, 45.820559 ], [ 11.013619, 45.820428 ], [ 11.011233, 45.82058 ], [ 11.00804, 45.821255 ], [ 11.007454, 45.820936 ], [ 11.00429, 45.823732 ], [ 11.001909, 45.825552 ], [ 11.000661, 45.826922 ], [ 10.998975, 45.826986 ], [ 10.995733, 45.828535 ], [ 10.99253, 45.827357 ], [ 10.992435, 45.826166 ], [ 10.990967, 45.825022 ], [ 10.990594, 45.82363 ], [ 10.991425, 45.822478 ], [ 10.992426, 45.822181 ], [ 10.993572, 45.820508 ], [ 10.993388, 45.818557 ], [ 10.992862, 45.818251 ], [ 10.993431, 45.816972 ], [ 10.994839, 45.816745 ], [ 10.994878, 45.815857 ], [ 10.995424, 45.815579 ], [ 10.995986, 45.8126 ], [ 10.996373, 45.811603 ], [ 10.993246, 45.810242 ], [ 10.991731, 45.810413 ], [ 10.991565, 45.808903 ], [ 10.991061, 45.807301 ], [ 10.991548, 45.805693 ], [ 10.995038, 45.803837 ], [ 10.995791, 45.80324 ], [ 10.997072, 45.803298 ], [ 10.997566, 45.802327 ], [ 10.997364, 45.801301 ], [ 10.99837, 45.800894 ], [ 10.999612, 45.801342 ], [ 11.001329, 45.801251 ], [ 11.004523, 45.799525 ], [ 11.005308, 45.800233 ], [ 11.006248, 45.799296 ], [ 11.002322, 45.798237 ], [ 11.000169, 45.79743 ], [ 10.997951, 45.797315 ], [ 10.996221, 45.79753 ], [ 10.994608, 45.796384 ], [ 10.992153, 45.792243 ], [ 10.988269, 45.790151 ], [ 10.986299, 45.789758 ], [ 10.98541, 45.788991 ], [ 10.981323, 45.786786 ], [ 10.981023, 45.785591 ], [ 10.978194, 45.781517 ], [ 10.978011, 45.780213 ], [ 10.977459, 45.779787 ], [ 10.974654, 45.779263 ], [ 10.972759, 45.777608 ], [ 10.970064, 45.772466 ], [ 10.968939, 45.770597 ], [ 10.969586, 45.769144 ], [ 10.971604, 45.768117 ], [ 10.976269, 45.766382 ], [ 10.97789, 45.765071 ], [ 10.97767, 45.764393 ], [ 10.978712, 45.761696 ], [ 10.979514, 45.760295 ], [ 10.980563, 45.759448 ], [ 10.982183, 45.757668 ], [ 10.984958, 45.754926 ], [ 10.987156, 45.753198 ], [ 10.984817, 45.751633 ], [ 10.984024, 45.750851 ], [ 10.9835, 45.748541 ], [ 10.983568, 45.747136 ], [ 10.983161, 45.744866 ], [ 10.980897, 45.743739 ], [ 10.979447, 45.743294 ], [ 10.977167, 45.742264 ], [ 10.974641, 45.741744 ], [ 10.970227, 45.741096 ], [ 10.968862, 45.740497 ], [ 10.967492, 45.73904 ], [ 10.965347, 45.737817 ], [ 10.962441, 45.736609 ], [ 10.963302, 45.735657 ], [ 10.964618, 45.733312 ], [ 10.966089, 45.73215 ], [ 10.967565, 45.729805 ], [ 10.966249, 45.72795 ], [ 10.965366, 45.727475 ], [ 10.965323, 45.726178 ], [ 10.966478, 45.724946 ], [ 10.966778, 45.723466 ], [ 10.965686, 45.723507 ], [ 10.964049, 45.722406 ], [ 10.963573, 45.720825 ], [ 10.963915, 45.717408 ], [ 10.965899, 45.715737 ], [ 10.966551, 45.714905 ], [ 10.966706, 45.712972 ], [ 10.967668, 45.711661 ], [ 10.967551, 45.71093 ], [ 10.966716, 45.709866 ], [ 10.966817, 45.708109 ], [ 10.964673, 45.707398 ], [ 10.96355, 45.706776 ], [ 10.963534, 45.705749 ], [ 10.962159, 45.704101 ], [ 10.962042, 45.701962 ], [ 10.960844, 45.701216 ], [ 10.960432, 45.699411 ], [ 10.960531, 45.69846 ], [ 10.96201, 45.696789 ], [ 10.96173, 45.692567 ], [ 10.962008, 45.691407 ], [ 10.961817, 45.689704 ], [ 10.960725, 45.688107 ], [ 10.961585, 45.68731 ], [ 10.961998, 45.685683 ], [ 10.962541, 45.686404 ], [ 10.964091, 45.687549 ], [ 10.964746, 45.688333 ], [ 10.964745, 45.689422 ], [ 10.965146, 45.691975 ], [ 10.965923, 45.693272 ], [ 10.966825, 45.693913 ], [ 10.968317, 45.694433 ], [ 10.968179, 45.69497 ], [ 10.968621, 45.696372 ], [ 10.9722, 45.701817 ], [ 10.973324, 45.699089 ], [ 10.972966, 45.697851 ], [ 10.974777, 45.696708 ], [ 10.974799, 45.695572 ], [ 10.970363, 45.689317 ], [ 10.969383, 45.687433 ], [ 10.968431, 45.6847 ], [ 10.968584, 45.683572 ], [ 10.96832, 45.680121 ], [ 10.970044, 45.682067 ], [ 10.971928, 45.683042 ], [ 10.973817, 45.683527 ], [ 10.979142, 45.685685 ], [ 10.983013, 45.687784 ], [ 10.986336, 45.688807 ], [ 10.987895, 45.690222 ], [ 10.990124, 45.690925 ], [ 10.989105, 45.692183 ], [ 10.988677, 45.694583 ], [ 10.98969, 45.695232 ], [ 10.99259, 45.696428 ], [ 10.995473, 45.696498 ], [ 10.997632, 45.697027 ], [ 10.998011, 45.69908 ], [ 10.997717, 45.702774 ], [ 10.995679, 45.704092 ], [ 10.994205, 45.704439 ], [ 10.99262, 45.707465 ], [ 10.992946, 45.708258 ], [ 10.996113, 45.70798 ], [ 10.99689, 45.707055 ], [ 11.001522, 45.708347 ], [ 11.001406, 45.710929 ], [ 11.003677, 45.710771 ], [ 11.004328, 45.710548 ], [ 11.007558, 45.710422 ], [ 11.007938, 45.711595 ], [ 11.009122, 45.712166 ], [ 11.01057, 45.713212 ], [ 11.011904, 45.714893 ], [ 11.011467, 45.718945 ], [ 11.014603, 45.718963 ], [ 11.017022, 45.71946 ], [ 11.017566, 45.718339 ], [ 11.01664, 45.714549 ], [ 11.015529, 45.713502 ], [ 11.014963, 45.71202 ], [ 11.015857, 45.70963 ], [ 11.016123, 45.707168 ], [ 11.016466, 45.705727 ] ] ] } },
{ "type": "Feature", "properties": { "com_altname": null, "com_area_code": "ITA", "com_capoluogo": "No", "com_code": "22200", "com_name": "Ton", "com_name_lower": "ton", "com_name_upper": "TON", "com_type": "Comune", "geo_point_2d": { "lat": 46.26258906629669, "lon": 11.096917747332661 }, "prov_code": "22", "prov_name": "Trento", "reg_code": "4", "reg_name": "Trentino-Alto Adige", "rip_code": "2", "rip_name": "Nord-Est", "year": "2022" }, "geometry": { "type": "Polygon", "coordinates": [ [ [ 11.070878, 46.230985 ], [ 11.072122, 46.232358 ], [ 11.074143, 46.234049 ], [ 11.075364, 46.235526 ], [ 11.076181, 46.235781 ], [ 11.076657, 46.23678 ], [ 11.077696, 46.236838 ], [ 11.078442, 46.23731 ], [ 11.080013, 46.237637 ], [ 11.08119, 46.237089 ], [ 11.082532, 46.237299 ], [ 11.083131, 46.238341 ], [ 11.082846, 46.238864 ], [ 11.085149, 46.239866 ], [ 11.086405, 46.241166 ], [ 11.088904, 46.240364 ], [ 11.089501, 46.241879 ], [ 11.091884, 46.243388 ], [ 11.094394, 46.243049 ], [ 11.09609, 46.24264 ], [ 11.099101, 46.240294 ], [ 11.101209, 46.241961 ], [ 11.105783, 46.241094 ], [ 11.108257, 46.242124 ], [ 11.109708, 46.242205 ], [ 11.110361, 46.24303 ], [ 11.112293, 46.244353 ], [ 11.112828, 46.245068 ], [ 11.113748, 46.245082 ], [ 11.114605, 46.243635 ], [ 11.116135, 46.24399 ], [ 11.116884, 46.243062 ], [ 11.11769, 46.242818 ], [ 11.117398, 46.244286 ], [ 11.117555, 46.244904 ], [ 11.118684, 46.246363 ], [ 11.120859, 46.246913 ], [ 11.121863, 46.248595 ], [ 11.121859, 46.24954 ], [ 11.122563, 46.250364 ], [ 11.124258, 46.250603 ], [ 11.124552, 46.25264 ], [ 11.127345, 46.256602 ], [ 11.128586, 46.256647 ], [ 11.13048, 46.255887 ], [ 11.130804, 46.256988 ], [ 11.131618, 46.258129 ], [ 11.133073, 46.258831 ], [ 11.134103, 46.260018 ], [ 11.133344, 46.261521 ], [ 11.133216, 46.262599 ], [ 11.134094, 46.264122 ], [ 11.135274, 46.264991 ], [ 11.135263, 46.266197 ], [ 11.135771, 46.267925 ], [ 11.135688, 46.269821 ], [ 11.136022, 46.271574 ], [ 11.136757, 46.273383 ], [ 11.136245, 46.275179 ], [ 11.137783, 46.276568 ], [ 11.136987, 46.279094 ], [ 11.137514, 46.279916 ], [ 11.137376, 46.281233 ], [ 11.138712, 46.282342 ], [ 11.138852, 46.283316 ], [ 11.138811, 46.28333 ], [ 11.134238, 46.284991 ], [ 11.130718, 46.285502 ], [ 11.12913, 46.28685 ], [ 11.124588, 46.287987 ], [ 11.123629, 46.287812 ], [ 11.12282, 46.286499 ], [ 11.122036, 46.286779 ], [ 11.120714, 46.287929 ], [ 11.117531, 46.288843 ], [ 11.116885, 46.289593 ], [ 11.114953, 46.290083 ], [ 11.113712, 46.289679 ], [ 11.112747, 46.288841 ], [ 11.112055, 46.289597 ], [ 11.109311, 46.288099 ], [ 11.109088, 46.287536 ], [ 11.107521, 46.286616 ], [ 11.105465, 46.285664 ], [ 11.104086, 46.284771 ], [ 11.099157, 46.286374 ], [ 11.097918, 46.28506 ], [ 11.095653, 46.285795 ], [ 11.094218, 46.285659 ], [ 11.092119, 46.284649 ], [ 11.091194, 46.283374 ], [ 11.089895, 46.282494 ], [ 11.087504, 46.282096 ], [ 11.086597, 46.281406 ], [ 11.085461, 46.281522 ], [ 11.084475, 46.280914 ], [ 11.082686, 46.281307 ], [ 11.080093, 46.281655 ], [ 11.078818, 46.282079 ], [ 11.077099, 46.281863 ], [ 11.076764, 46.281545 ], [ 11.075333, 46.281742 ], [ 11.074938, 46.280953 ], [ 11.073632, 46.28058 ], [ 11.071054, 46.280627 ], [ 11.070463, 46.280264 ], [ 11.070073, 46.278719 ], [ 11.070777, 46.2784 ], [ 11.070968, 46.277407 ], [ 11.070212, 46.275908 ], [ 11.06846, 46.274473 ], [ 11.068634, 46.273502 ], [ 11.067686, 46.272835 ], [ 11.06597, 46.272128 ], [ 11.066065, 46.271659 ], [ 11.063733, 46.271345 ], [ 11.062076, 46.270498 ], [ 11.062897, 46.269511 ], [ 11.065741, 46.267908 ], [ 11.064885, 46.266811 ], [ 11.062538, 46.266786 ], [ 11.061963, 46.266335 ], [ 11.062311, 46.264659 ], [ 11.061921, 46.262612 ], [ 11.061358, 46.26102 ], [ 11.061806, 46.257911 ], [ 11.061617, 46.257611 ], [ 11.060625, 46.256601 ], [ 11.060601, 46.256079 ], [ 11.062236, 46.254286 ], [ 11.06232, 46.253623 ], [ 11.061182, 46.250691 ], [ 11.059162, 46.248873 ], [ 11.05825, 46.247229 ], [ 11.058703, 46.245507 ], [ 11.060156, 46.244045 ], [ 11.060294, 46.242913 ], [ 11.059732, 46.242361 ], [ 11.059482, 46.241137 ], [ 11.060086, 46.238232 ], [ 11.061727, 46.236452 ], [ 11.061795, 46.234556 ], [ 11.062327, 46.233035 ], [ 11.063218, 46.231907 ], [ 11.064251, 46.23156 ], [ 11.065324, 46.231905 ], [ 11.066823, 46.23181 ], [ 11.069071, 46.231135 ], [ 11.070878, 46.230985 ] ] ] } },
{ "type": "Feature", "properties": { "com_altname": null, "com_area_code": "ITA", "com_capoluogo": "No", "com_code": "22011", "com_name": "Bedollo", "com_name_lower": "bedollo", "com_name_upper": "BEDOLLO", "com_type": "Comune", "geo_point_2d": { "lat": 46.164606996427096, "lon": 11.316635815794662 }, "prov_code": "22", "prov_name": "Trento", "reg_code": "4", "reg_name": "Trentino-Alto Adige", "rip_code": "2", "rip_name": "Nord-Est", "year": "2022" }, "geometry": { "type": "Polygon", "coordinates": [ [ [ 11.354636, 46.202806 ], [ 11.353523, 46.202549 ], [ 11.352366, 46.201871 ], [ 11.349374, 46.200691 ], [ 11.346895, 46.200013 ], [ 11.34491, 46.199972 ], [ 11.34313, 46.198753 ], [ 11.342367, 46.197963 ], [ 11.341247, 46.197561 ], [ 11.338066, 46.197911 ], [ 11.336219, 46.197621 ], [ 11.334683, 46.197081 ], [ 11.332308, 46.196671 ], [ 11.3263, 46.196492 ], [ 11.325344, 46.196184 ], [ 11.323335, 46.196431 ], [ 11.322003, 46.196215 ], [ 11.32167, 46.195768 ], [ 11.322454, 46.19468 ], [ 11.319451, 46.193229 ], [ 11.315048, 46.190305 ], [ 11.308787, 46.187176 ], [ 11.30578, 46.185287 ], [ 11.302393, 46.18355 ], [ 11.299451, 46.181717 ], [ 11.298668, 46.181448 ], [ 11.297769, 46.17997 ], [ 11.296737, 46.177192 ], [ 11.295804, 46.175067 ], [ 11.294517, 46.173998 ], [ 11.292009, 46.172861 ], [ 11.290423, 46.172433 ], [ 11.287085, 46.172047 ], [ 11.284584, 46.171608 ], [ 11.28383, 46.170039 ], [ 11.279664, 46.171631 ], [ 11.276076, 46.172083 ], [ 11.273646, 46.165229 ], [ 11.27391, 46.164801 ], [ 11.272278, 46.163043 ], [ 11.269874, 46.161012 ], [ 11.268937, 46.159903 ], [ 11.272762, 46.15717 ], [ 11.274172, 46.156296 ], [ 11.273863, 46.155524 ], [ 11.272198, 46.154196 ], [ 11.271907, 46.153655 ], [ 11.272935, 46.152742 ], [ 11.273792, 46.15245 ], [ 11.278275, 46.152415 ], [ 11.280157, 46.15094 ], [ 11.280328, 46.149871 ], [ 11.281747, 46.150334 ], [ 11.283799, 46.149789 ], [ 11.284728, 46.148252 ], [ 11.285806, 46.147661 ], [ 11.28737, 46.147812 ], [ 11.288491, 46.147086 ], [ 11.291937, 46.146141 ], [ 11.293275, 46.14523 ], [ 11.297558, 46.142653 ], [ 11.296678, 46.140403 ], [ 11.29659, 46.139558 ], [ 11.29721, 46.137906 ], [ 11.30135, 46.137927 ], [ 11.303468, 46.137489 ], [ 11.305022, 46.136966 ], [ 11.305948, 46.136935 ], [ 11.311094, 46.136147 ], [ 11.316002, 46.134669 ], [ 11.317678, 46.134427 ], [ 11.319355, 46.133033 ], [ 11.321465, 46.134001 ], [ 11.32344, 46.135785 ], [ 11.324057, 46.135974 ], [ 11.327218, 46.137648 ], [ 11.330674, 46.139316 ], [ 11.33137, 46.139936 ], [ 11.334764, 46.144346 ], [ 11.337546, 46.145853 ], [ 11.340241, 46.146416 ], [ 11.345003, 46.14699 ], [ 11.346175, 46.147464 ], [ 11.347861, 46.148512 ], [ 11.350325, 46.149007 ], [ 11.352132, 46.149106 ], [ 11.356298, 46.151872 ], [ 11.358052, 46.153182 ], [ 11.36124, 46.153416 ], [ 11.363444, 46.154043 ], [ 11.344449, 46.164411 ], [ 11.342197, 46.165338 ], [ 11.340404, 46.166348 ], [ 11.33883, 46.166795 ], [ 11.336966, 46.168259 ], [ 11.335939, 46.169394 ], [ 11.334429, 46.171869 ], [ 11.333559, 46.174533 ], [ 11.334292, 46.176641 ], [ 11.335292, 46.178292 ], [ 11.335012, 46.179835 ], [ 11.335181, 46.180826 ], [ 11.33404, 46.182677 ], [ 11.336137, 46.183188 ], [ 11.337732, 46.184084 ], [ 11.339342, 46.18452 ], [ 11.34093, 46.18548 ], [ 11.344062, 46.185987 ], [ 11.344801, 46.187395 ], [ 11.346678, 46.188422 ], [ 11.347859, 46.189986 ], [ 11.350989, 46.191295 ], [ 11.353948, 46.192211 ], [ 11.354044, 46.193482 ], [ 11.35708, 46.194189 ], [ 11.358126, 46.197193 ], [ 11.354173, 46.198247 ], [ 11.354636, 46.202806 ] ] ] } },
{ "type": "Feature", "properties": { "com_altname": null, "com_area_code": "ITA", "com_capoluogo": "No", "com_code": "22102", "com_name": "Lavarone", "com_name_lower": "lavarone", "com_name_upper": "LAVARONE", "com_type": "Comune", "geo_point_2d": { "lat": 45.9414598743576, "lon": 11.285589397799484 }, "prov_code": "22", "prov_name": "Trento", "reg_code": "4", "reg_name": "Trentino-Alto Adige", "rip_code": "2", "rip_name": "Nord-Est", "year": "2022" }, "geometry": { "type": "Polygon", "coordinates": [ [ [ 11.313024, 45.929823 ], [ 11.313996, 45.930509 ], [ 11.316771, 45.9315 ], [ 11.317479, 45.931385 ], [ 11.320111, 45.932013 ], [ 11.321725, 45.929699 ], [ 11.323175, 45.928761 ], [ 11.328713, 45.927267 ], [ 11.330506, 45.926296 ], [ 11.33194, 45.925209 ], [ 11.334211, 45.926557 ], [ 11.338448, 45.927843 ], [ 11.342661, 45.929594 ], [ 11.346033, 45.931185 ], [ 11.347885, 45.931911 ], [ 11.35022, 45.931677 ], [ 11.351694, 45.93195 ], [ 11.350818, 45.933397 ], [ 11.346399, 45.935333 ], [ 11.345843, 45.936166 ], [ 11.343639, 45.936925 ], [ 11.342471, 45.936612 ], [ 11.342093, 45.936075 ], [ 11.340941, 45.935818 ], [ 11.339486, 45.935961 ], [ 11.338802, 45.936693 ], [ 11.335574, 45.941701 ], [ 11.332316, 45.941259 ], [ 11.328385, 45.941401 ], [ 11.325537, 45.941274 ], [ 11.323847, 45.941365 ], [ 11.322505, 45.942008 ], [ 11.320656, 45.94144 ], [ 11.319244, 45.941802 ], [ 11.316012, 45.943126 ], [ 11.315046, 45.945505 ], [ 11.314307, 45.946784 ], [ 11.31417, 45.949423 ], [ 11.313632, 45.950917 ], [ 11.31206, 45.953062 ], [ 11.311411, 45.955055 ], [ 11.311293, 45.956289 ], [ 11.311731, 45.960527 ], [ 11.311086, 45.960408 ], [ 11.30567, 45.960041 ], [ 11.302314, 45.959716 ], [ 11.297882, 45.959831 ], [ 11.29306, 45.961049 ], [ 11.288637, 45.962373 ], [ 11.286614, 45.963414 ], [ 11.28417, 45.964363 ], [ 11.282904, 45.965056 ], [ 11.281375, 45.964831 ], [ 11.280053, 45.964157 ], [ 11.276798, 45.963341 ], [ 11.275087, 45.963825 ], [ 11.273335, 45.963695 ], [ 11.273152, 45.964415 ], [ 11.27099, 45.964574 ], [ 11.268916, 45.965513 ], [ 11.266551, 45.965586 ], [ 11.264586, 45.964011 ], [ 11.262546, 45.963307 ], [ 11.261029, 45.963236 ], [ 11.258592, 45.963413 ], [ 11.256973, 45.963325 ], [ 11.255418, 45.963804 ], [ 11.254361, 45.963773 ], [ 11.254052, 45.961443 ], [ 11.254262, 45.960174 ], [ 11.253342, 45.959553 ], [ 11.25166, 45.958899 ], [ 11.251171, 45.958413 ], [ 11.250069, 45.958288 ], [ 11.249162, 45.958795 ], [ 11.247136, 45.958592 ], [ 11.244299, 45.958726 ], [ 11.240809, 45.957229 ], [ 11.237614, 45.955683 ], [ 11.23686, 45.954502 ], [ 11.239514, 45.954138 ], [ 11.240664, 45.951867 ], [ 11.240934, 45.950829 ], [ 11.242787, 45.948765 ], [ 11.241423, 45.948308 ], [ 11.241199, 45.947767 ], [ 11.241988, 45.946821 ], [ 11.243755, 45.946718 ], [ 11.244123, 45.944141 ], [ 11.243788, 45.943023 ], [ 11.242661, 45.941155 ], [ 11.243597, 45.940955 ], [ 11.24435, 45.939884 ], [ 11.244942, 45.938341 ], [ 11.245513, 45.938213 ], [ 11.246089, 45.937105 ], [ 11.248322, 45.937117 ], [ 11.248986, 45.936376 ], [ 11.250955, 45.935318 ], [ 11.251702, 45.934573 ], [ 11.251807, 45.933916 ], [ 11.25273, 45.933379 ], [ 11.254972, 45.933752 ], [ 11.255407, 45.931599 ], [ 11.256243, 45.931278 ], [ 11.257265, 45.931573 ], [ 11.258942, 45.93092 ], [ 11.261112, 45.928935 ], [ 11.263456, 45.928721 ], [ 11.264164, 45.928357 ], [ 11.263731, 45.927048 ], [ 11.261698, 45.925258 ], [ 11.261866, 45.924651 ], [ 11.261067, 45.922498 ], [ 11.259643, 45.922016 ], [ 11.257632, 45.922006 ], [ 11.257222, 45.920847 ], [ 11.258323, 45.920678 ], [ 11.259106, 45.92042 ], [ 11.261213, 45.918952 ], [ 11.262979, 45.918585 ], [ 11.264273, 45.917906 ], [ 11.267304, 45.917343 ], [ 11.26915, 45.916685 ], [ 11.270475, 45.916555 ], [ 11.271101, 45.916974 ], [ 11.27064, 45.918625 ], [ 11.271041, 45.919253 ], [ 11.275296, 45.919691 ], [ 11.277396, 45.918572 ], [ 11.281701, 45.918586 ], [ 11.283706, 45.917471 ], [ 11.283923, 45.916723 ], [ 11.286956, 45.91663 ], [ 11.287869, 45.917115 ], [ 11.289398, 45.91684 ], [ 11.291462, 45.918053 ], [ 11.292164, 45.917992 ], [ 11.293024, 45.918768 ], [ 11.293563, 45.919749 ], [ 11.294235, 45.919516 ], [ 11.29561, 45.920077 ], [ 11.296759, 45.919676 ], [ 11.298381, 45.91875 ], [ 11.299677, 45.918578 ], [ 11.30067, 45.917899 ], [ 11.30169, 45.918391 ], [ 11.302888, 45.918022 ], [ 11.303776, 45.918237 ], [ 11.302574, 45.92228 ], [ 11.301383, 45.925831 ], [ 11.299032, 45.930184 ], [ 11.298638, 45.930535 ], [ 11.298439, 45.932153 ], [ 11.299044, 45.933529 ], [ 11.2985, 45.936085 ], [ 11.300726, 45.93749 ], [ 11.301259, 45.936841 ], [ 11.300639, 45.935454 ], [ 11.301033, 45.932386 ], [ 11.302022, 45.929859 ], [ 11.304196, 45.927125 ], [ 11.305193, 45.926906 ], [ 11.30704, 45.928219 ], [ 11.313024, 45.929823 ] ] ] } },
{ "type": "Feature", "properties": { "com_altname": null, "com_area_code": "ITA", "com_capoluogo": "No", "com_code": "22112", "com_name": "Massimeno", "com_name_lower": "massimeno", "com_name_upper": "MASSIMENO", "com_type": "Comune", "geo_point_2d": { "lat": 46.142040563355124, "lon": 10.654350361291437 }, "prov_code": "22", "prov_name": "Trento", "reg_code": "4", "reg_name": "Trentino-Alto Adige", "rip_code": "2", "rip_name": "Nord-Est", "year": "2022" }, "geometry": { "type": "MultiPolygon", "coordinates": [ [ [ [ 10.592173, 46.148677 ], [ 10.591143, 46.14612 ], [ 10.589558, 46.144025 ], [ 10.588821, 46.1426 ], [ 10.588444, 46.141088 ], [ 10.587517, 46.139582 ], [ 10.587392, 46.13838 ], [ 10.586625, 46.136667 ], [ 10.586613, 46.136026 ], [ 10.585942, 46.135339 ], [ 10.587295, 46.133732 ], [ 10.587636, 46.132265 ], [ 10.588133, 46.131288 ], [ 10.588304, 46.129544 ], [ 10.587861, 46.128384 ], [ 10.588482, 46.126983 ], [ 10.588447, 46.125668 ], [ 10.588827, 46.124864 ], [ 10.58819, 46.12315 ], [ 10.588782, 46.122034 ], [ 10.589747, 46.121211 ], [ 10.590763, 46.121298 ], [ 10.602352, 46.123526 ], [ 10.60671, 46.124254 ], [ 10.608526, 46.124678 ], [ 10.61087, 46.124716 ], [ 10.616594, 46.125768 ], [ 10.620186, 46.126336 ], [ 10.623593, 46.12593 ], [ 10.62564, 46.126788 ], [ 10.629514, 46.126897 ], [ 10.631327, 46.127625 ], [ 10.632347, 46.127601 ], [ 10.63466, 46.128192 ], [ 10.637744, 46.128415 ], [ 10.639086, 46.128848 ], [ 10.640146, 46.130339 ], [ 10.642428, 46.13174 ], [ 10.644077, 46.133623 ], [ 10.647362, 46.134816 ], [ 10.650771, 46.135158 ], [ 10.651897, 46.135431 ], [ 10.654702, 46.136621 ], [ 10.655481, 46.137137 ], [ 10.655943, 46.138462 ], [ 10.656914, 46.139269 ], [ 10.656954, 46.140019 ], [ 10.658479, 46.141938 ], [ 10.658973, 46.14305 ], [ 10.660883, 46.145102 ], [ 10.661225, 46.14625 ], [ 10.663232, 46.146646 ], [ 10.664573, 46.147356 ], [ 10.666166, 46.148604 ], [ 10.667632, 46.14909 ], [ 10.66829, 46.150646 ], [ 10.669432, 46.151923 ], [ 10.67058, 46.152413 ], [ 10.670641, 46.157508 ], [ 10.67298, 46.159016 ], [ 10.677916, 46.159902 ], [ 10.682409, 46.160848 ], [ 10.685647, 46.16087 ], [ 10.689223, 46.164934 ], [ 10.68507, 46.164761 ], [ 10.68169, 46.16402 ], [ 10.67866, 46.164981 ], [ 10.677101, 46.16529 ], [ 10.67564, 46.165732 ], [ 10.673786, 46.165006 ], [ 10.669529, 46.165168 ], [ 10.668059, 46.166561 ], [ 10.666346, 46.166883 ], [ 10.662676, 46.166521 ], [ 10.65859, 46.166926 ], [ 10.657164, 46.166722 ], [ 10.655749, 46.163806 ], [ 10.655274, 46.162105 ], [ 10.654733, 46.161153 ], [ 10.652669, 46.160825 ], [ 10.650507, 46.159566 ], [ 10.648862, 46.158344 ], [ 10.646899, 46.157855 ], [ 10.644328, 46.156676 ], [ 10.641332, 46.155523 ], [ 10.639421, 46.155266 ], [ 10.638009, 46.15408 ], [ 10.63187, 46.152009 ], [ 10.629687, 46.151203 ], [ 10.627234, 46.150731 ], [ 10.623451, 46.150339 ], [ 10.621512, 46.149995 ], [ 10.619378, 46.150012 ], [ 10.618321, 46.150386 ], [ 10.616394, 46.151447 ], [ 10.612714, 46.151503 ], [ 10.611968, 46.151343 ], [ 10.609139, 46.150135 ], [ 10.606053, 46.148967 ], [ 10.603124, 46.148179 ], [ 10.599482, 46.148023 ], [ 10.595868, 46.148257 ], [ 10.592173, 46.148677 ] ] ], [ [ [ 10.765155, 46.137087 ], [ 10.763586, 46.135524 ], [ 10.763779, 46.135377 ], [ 10.768335, 46.134647 ], [ 10.773477, 46.134172 ], [ 10.775371, 46.133472 ], [ 10.779227, 46.132716 ], [ 10.781451, 46.131917 ], [ 10.784066, 46.130411 ], [ 10.786358, 46.129744 ], [ 10.788125, 46.12836 ], [ 10.789408, 46.12859 ], [ 10.790905, 46.126938 ], [ 10.790639, 46.12434 ], [ 10.791662, 46.122914 ], [ 10.791455, 46.123339 ], [ 10.793045, 46.130198 ], [ 10.795173, 46.131103 ], [ 10.797993, 46.134874 ], [ 10.798924, 46.135223 ], [ 10.799106, 46.136174 ], [ 10.79814, 46.137603 ], [ 10.798707, 46.139572 ], [ 10.800118, 46.14221 ], [ 10.802455, 46.144867 ], [ 10.801357, 46.144823 ], [ 10.800227, 46.143132 ], [ 10.799459, 46.14247 ], [ 10.79696, 46.142731 ], [ 10.793844, 46.143622 ], [ 10.792879, 46.144238 ], [ 10.788834, 46.143911 ], [ 10.78634, 46.144419 ], [ 10.784991, 46.144537 ], [ 10.783377, 46.144162 ], [ 10.783123, 46.144485 ], [ 10.780029, 46.145092 ], [ 10.777362, 46.145096 ], [ 10.775728, 46.144904 ], [ 10.774428, 46.145554 ], [ 10.774465, 46.146393 ], [ 10.773462, 46.146668 ], [ 10.772286, 46.145975 ], [ 10.773358, 46.145177 ], [ 10.77117, 46.144191 ], [ 10.770668, 46.142635 ], [ 10.769695, 46.141542 ], [ 10.7702, 46.141031 ], [ 10.769197, 46.140349 ], [ 10.769361, 46.139281 ], [ 10.768452, 46.136565 ], [ 10.767073, 46.136821 ], [ 10.766426, 46.136317 ], [ 10.765155, 46.137087 ] ] ] ] } },
{ "type": "Feature", "properties": { "com_altname": null, "com_area_code": "ITA", "com_capoluogo": "No", "com_code": "22179", "com_name": "Spiazzo", "com_name_lower": "spiazzo", "com_name_upper": "SPIAZZO", "com_type": "Comune", "geo_point_2d": { "lat": 46.14954076337435, "lon": 10.646734431664797 }, "prov_code": "22", "prov_name": "Trento", "reg_code": "4", "reg_name": "Trentino-Alto Adige", "rip_code": "2", "rip_name": "Nord-Est", "year": "2022" }, "geometry": { "type": "MultiPolygon", "coordinates": [ [ [ [ 10.710243, 46.129189 ], [ 10.704455, 46.133275 ], [ 10.70204, 46.134617 ], [ 10.700514, 46.136883 ], [ 10.700281, 46.138686 ], [ 10.699743, 46.140722 ], [ 10.699133, 46.142051 ], [ 10.69907, 46.143216 ], [ 10.698036, 46.145147 ], [ 10.698139, 46.146206 ], [ 10.701697, 46.148834 ], [ 10.700226, 46.149434 ], [ 10.696786, 46.151708 ], [ 10.69453, 46.152698 ], [ 10.692813, 46.153806 ], [ 10.692819, 46.155656 ], [ 10.693507, 46.160148 ], [ 10.693354, 46.163431 ], [ 10.692654, 46.164946 ], [ 10.690426, 46.165117 ], [ 10.689223, 46.164934 ], [ 10.685647, 46.16087 ], [ 10.682409, 46.160848 ], [ 10.677916, 46.159902 ], [ 10.67298, 46.159016 ], [ 10.670641, 46.157508 ], [ 10.67058, 46.152413 ], [ 10.669432, 46.151923 ], [ 10.66829, 46.150646 ], [ 10.667632, 46.14909 ], [ 10.666166, 46.148604 ], [ 10.664573, 46.147356 ], [ 10.663232, 46.146646 ], [ 10.661225, 46.14625 ], [ 10.660883, 46.145102 ], [ 10.658973, 46.14305 ], [ 10.658479, 46.141938 ], [ 10.656954, 46.140019 ], [ 10.656914, 46.139269 ], [ 10.655943, 46.138462 ], [ 10.655481, 46.137137 ], [ 10.654702, 46.136621 ], [ 10.651897, 46.135431 ], [ 10.650771, 46.135158 ], [ 10.647362, 46.134816 ], [ 10.644077, 46.133623 ], [ 10.642428, 46.13174 ], [ 10.640146, 46.130339 ], [ 10.639086, 46.128848 ], [ 10.637744, 46.128415 ], [ 10.638637, 46.127639 ], [ 10.639168, 46.126717 ], [ 10.63923, 46.125383 ], [ 10.640018, 46.12452 ], [ 10.64127, 46.123864 ], [ 10.642368, 46.122713 ], [ 10.644269, 46.121335 ], [ 10.645394, 46.120131 ], [ 10.646742, 46.119113 ], [ 10.649785, 46.118147 ], [ 10.651014, 46.118792 ], [ 10.652358, 46.11891 ], [ 10.653937, 46.119953 ], [ 10.655333, 46.11954 ], [ 10.65557, 46.118943 ], [ 10.65537, 46.116043 ], [ 10.65554, 46.114261 ], [ 10.655308, 46.112811 ], [ 10.654097, 46.110284 ], [ 10.653515, 46.108182 ], [ 10.653359, 46.10529 ], [ 10.656219, 46.104718 ], [ 10.658991, 46.104641 ], [ 10.664014, 46.103152 ], [ 10.665623, 46.102964 ], [ 10.670494, 46.101655 ], [ 10.671121, 46.101318 ], [ 10.673418, 46.101194 ], [ 10.675509, 46.10136 ], [ 10.676512, 46.101044 ], [ 10.677476, 46.100076 ], [ 10.679103, 46.099697 ], [ 10.68071, 46.099928 ], [ 10.682874, 46.099415 ], [ 10.685013, 46.099091 ], [ 10.686581, 46.099228 ], [ 10.688936, 46.098574 ], [ 10.689811, 46.098747 ], [ 10.691779, 46.09858 ], [ 10.692597, 46.098244 ], [ 10.695987, 46.098122 ], [ 10.701739, 46.09693 ], [ 10.702137, 46.096527 ], [ 10.705855, 46.09538 ], [ 10.707076, 46.095322 ], [ 10.707625, 46.094943 ], [ 10.710338, 46.094657 ], [ 10.711841, 46.094036 ], [ 10.712774, 46.094126 ], [ 10.713715, 46.093722 ], [ 10.714662, 46.094063 ], [ 10.716416, 46.093994 ], [ 10.717672, 46.093408 ], [ 10.71788, 46.092953 ], [ 10.71984, 46.092632 ], [ 10.720617, 46.092746 ], [ 10.723079, 46.091203 ], [ 10.724992, 46.091308 ], [ 10.728207, 46.091786 ], [ 10.729386, 46.091462 ], [ 10.729988, 46.091754 ], [ 10.730983, 46.09139 ], [ 10.732266, 46.090149 ], [ 10.731746, 46.089205 ], [ 10.731763, 46.087587 ], [ 10.733268, 46.0878 ], [ 10.736033, 46.086667 ], [ 10.738521, 46.085083 ], [ 10.740745, 46.084508 ], [ 10.743346, 46.082904 ], [ 10.742044, 46.080532 ], [ 10.742049, 46.079027 ], [ 10.743062, 46.078569 ], [ 10.745617, 46.07855 ], [ 10.747794, 46.078361 ], [ 10.749955, 46.078367 ], [ 10.752094, 46.07814 ], [ 10.753241, 46.078934 ], [ 10.759122, 46.079741 ], [ 10.759891, 46.081004 ], [ 10.759904, 46.083389 ], [ 10.761103, 46.084744 ], [ 10.76228, 46.085257 ], [ 10.763526, 46.086762 ], [ 10.764284, 46.088111 ], [ 10.764026, 46.090244 ], [ 10.765765, 46.091868 ], [ 10.765976, 46.093034 ], [ 10.766662, 46.094577 ], [ 10.767467, 46.095192 ], [ 10.768669, 46.096764 ], [ 10.770693, 46.097615 ], [ 10.771683, 46.097591 ], [ 10.773746, 46.099618 ], [ 10.772849, 46.100151 ], [ 10.767243, 46.102722 ], [ 10.765623, 46.10438 ], [ 10.76444, 46.104975 ], [ 10.763664, 46.105857 ], [ 10.762664, 46.106416 ], [ 10.762146, 46.105728 ], [ 10.761081, 46.105538 ], [ 10.758623, 46.106747 ], [ 10.753226, 46.107753 ], [ 10.749828, 46.10857 ], [ 10.75006, 46.109323 ], [ 10.749988, 46.11083 ], [ 10.747091, 46.111269 ], [ 10.745375, 46.112301 ], [ 10.741384, 46.113638 ], [ 10.737572, 46.115446 ], [ 10.7348, 46.116035 ], [ 10.731072, 46.116333 ], [ 10.728331, 46.116771 ], [ 10.725764, 46.117894 ], [ 10.724665, 46.117852 ], [ 10.72077, 46.119109 ], [ 10.717027, 46.120927 ], [ 10.713503, 46.12219 ], [ 10.705345, 46.123282 ], [ 10.708826, 46.126297 ], [ 10.709943, 46.127017 ], [ 10.710243, 46.129189 ] ] ], [ [ [ 10.570405, 46.223209 ], [ 10.570491, 46.221754 ], [ 10.569579, 46.220773 ], [ 10.565928, 46.219209 ], [ 10.565219, 46.218751 ], [ 10.564564, 46.217475 ], [ 10.562646, 46.215542 ], [ 10.561815, 46.213359 ], [ 10.561238, 46.212589 ], [ 10.559218, 46.212182 ], [ 10.558195, 46.211705 ], [ 10.55724, 46.210798 ], [ 10.555379, 46.21018 ], [ 10.552823, 46.208567 ], [ 10.550804, 46.206803 ], [ 10.549718, 46.205526 ], [ 10.549173, 46.203487 ], [ 10.54929, 46.20218 ], [ 10.548661, 46.200731 ], [ 10.548406, 46.199472 ], [ 10.548951, 46.198566 ], [ 10.548208, 46.196633 ], [ 10.546344, 46.19524 ], [ 10.543365, 46.19245 ], [ 10.543204, 46.191045 ], [ 10.541608, 46.190384 ], [ 10.541325, 46.189994 ], [ 10.5414, 46.188619 ], [ 10.543737, 46.18744 ], [ 10.553498, 46.181022 ], [ 10.554552, 46.18027 ], [ 10.55802, 46.176442 ], [ 10.559299, 46.174655 ], [ 10.564775, 46.167674 ], [ 10.565364, 46.166617 ], [ 10.564147, 46.165675 ], [ 10.561272, 46.164537 ], [ 10.560523, 46.163591 ], [ 10.560441, 46.162525 ], [ 10.557471, 46.159869 ], [ 10.557198, 46.159407 ], [ 10.557331, 46.156966 ], [ 10.555395, 46.155396 ], [ 10.55547, 46.154358 ], [ 10.554923, 46.15254 ], [ 10.554948, 46.151184 ], [ 10.554523, 46.150313 ], [ 10.554321, 46.148776 ], [ 10.559968, 46.147856 ], [ 10.564039, 46.147313 ], [ 10.566471, 46.14716 ], [ 10.570375, 46.147293 ], [ 10.574478, 46.147817 ], [ 10.582272, 46.148543 ], [ 10.588704, 46.148523 ], [ 10.592173, 46.148677 ], [ 10.591773, 46.15012 ], [ 10.590939, 46.151548 ], [ 10.590592, 46.153951 ], [ 10.59109, 46.155949 ], [ 10.590806, 46.158696 ], [ 10.591436, 46.159958 ], [ 10.5919, 46.161754 ], [ 10.59296, 46.164178 ], [ 10.593825, 46.165683 ], [ 10.595758, 46.167237 ], [ 10.59647, 46.168128 ], [ 10.596005, 46.171068 ], [ 10.596954, 46.172395 ], [ 10.599751, 46.174896 ], [ 10.600839, 46.175646 ], [ 10.603562, 46.176884 ], [ 10.604167, 46.177821 ], [ 10.604072, 46.178863 ], [ 10.603467, 46.180095 ], [ 10.604218, 46.180671 ], [ 10.604509, 46.182303 ], [ 10.605916, 46.184017 ], [ 10.606368, 46.185221 ], [ 10.606158, 46.186507 ], [ 10.606425, 46.188003 ], [ 10.607419, 46.189028 ], [ 10.60933, 46.189582 ], [ 10.610719, 46.190225 ], [ 10.61396, 46.193584 ], [ 10.619132, 46.19432 ], [ 10.617398, 46.1991 ], [ 10.61677, 46.201897 ], [ 10.616855, 46.202737 ], [ 10.616353, 46.205323 ], [ 10.616581, 46.206563 ], [ 10.615842, 46.209161 ], [ 10.616375, 46.210791 ], [ 10.619019, 46.21575 ], [ 10.618763, 46.22113 ], [ 10.617568, 46.222643 ], [ 10.616049, 46.22385 ], [ 10.613931, 46.223821 ], [ 10.612044, 46.224222 ], [ 10.609613, 46.223811 ], [ 10.608448, 46.224099 ], [ 10.607105, 46.222311 ], [ 10.606733, 46.22212 ], [ 10.603774, 46.223232 ], [ 10.601197, 46.221754 ], [ 10.600323, 46.221874 ], [ 10.59614, 46.219513 ], [ 10.594565, 46.219004 ], [ 10.593703, 46.219326 ], [ 10.591115, 46.219203 ], [ 10.586722, 46.219405 ], [ 10.58524, 46.219944 ], [ 10.583445, 46.219992 ], [ 10.582281, 46.219546 ], [ 10.579327, 46.218802 ], [ 10.577806, 46.218804 ], [ 10.57666, 46.219437 ], [ 10.575346, 46.220582 ], [ 10.573244, 46.221295 ], [ 10.571774, 46.221547 ], [ 10.570405, 46.223209 ] ] ] ] } },
{ "type": "Feature", "properties": { "com_altname": null, "com_area_code": "ITA", "com_capoluogo": "No", "com_code": "22143", "com_name": "Pinzolo", "com_name_lower": "pinzolo", "com_name_upper": "PINZOLO", "com_type": "Comune", "geo_point_2d": { "lat": 46.22165038354922, "lon": 10.795559217500744 }, "prov_code": "22", "prov_name": "Trento", "reg_code": "4", "reg_name": "Trentino-Alto Adige", "rip_code": "2", "rip_name": "Nord-Est", "year": "2022" }, "geometry": { "type": "Polygon", "coordinates": [ [ [ 10.733328, 46.237456 ], [ 10.733456, 46.236946 ], [ 10.735016, 46.235152 ], [ 10.737617, 46.23434 ], [ 10.739027, 46.2337 ], [ 10.741813, 46.231171 ], [ 10.74292, 46.229384 ], [ 10.743558, 46.229094 ], [ 10.744053, 46.2279 ], [ 10.74477, 46.227134 ], [ 10.746464, 46.226358 ], [ 10.748314, 46.225146 ], [ 10.74896, 46.223845 ], [ 10.753367, 46.221456 ], [ 10.752475, 46.220055 ], [ 10.751414, 46.219399 ], [ 10.751307, 46.218927 ], [ 10.752626, 46.217461 ], [ 10.753349, 46.21699 ], [ 10.753686, 46.215463 ], [ 10.752921, 46.215125 ], [ 10.753215, 46.2138 ], [ 10.753892, 46.212535 ], [ 10.753889, 46.211341 ], [ 10.754188, 46.210072 ], [ 10.753938, 46.208032 ], [ 10.754571, 46.207172 ], [ 10.751949, 46.205181 ], [ 10.752673, 46.204358 ], [ 10.753295, 46.203019 ], [ 10.754634, 46.202211 ], [ 10.755221, 46.202455 ], [ 10.755922, 46.199525 ], [ 10.758046, 46.198795 ], [ 10.762067, 46.197014 ], [ 10.763242, 46.195876 ], [ 10.763929, 46.19458 ], [ 10.765213, 46.193368 ], [ 10.767639, 46.191712 ], [ 10.768378, 46.191712 ], [ 10.769222, 46.190631 ], [ 10.769551, 46.189653 ], [ 10.77103, 46.1879 ], [ 10.771365, 46.186641 ], [ 10.773922, 46.184686 ], [ 10.773568, 46.183139 ], [ 10.772833, 46.182198 ], [ 10.772409, 46.180658 ], [ 10.773073, 46.179376 ], [ 10.771968, 46.178858 ], [ 10.770155, 46.176722 ], [ 10.770023, 46.175574 ], [ 10.769383, 46.174518 ], [ 10.769324, 46.173559 ], [ 10.768711, 46.172503 ], [ 10.766602, 46.170783 ], [ 10.762219, 46.166106 ], [ 10.760784, 46.164921 ], [ 10.760403, 46.163861 ], [ 10.758118, 46.16188 ], [ 10.757016, 46.160509 ], [ 10.755006, 46.158546 ], [ 10.753228, 46.161157 ], [ 10.751739, 46.162404 ], [ 10.750871, 46.16429 ], [ 10.750282, 46.166772 ], [ 10.749665, 46.168057 ], [ 10.747724, 46.168718 ], [ 10.746481, 46.168504 ], [ 10.746239, 46.169451 ], [ 10.744356, 46.168936 ], [ 10.742722, 46.168781 ], [ 10.741934, 46.168402 ], [ 10.740913, 46.16733 ], [ 10.739009, 46.166114 ], [ 10.737967, 46.164385 ], [ 10.735849, 46.162558 ], [ 10.737809, 46.161524 ], [ 10.739216, 46.16101 ], [ 10.739673, 46.159528 ], [ 10.741137, 46.157078 ], [ 10.742185, 46.156171 ], [ 10.744249, 46.153629 ], [ 10.745214, 46.152868 ], [ 10.746231, 46.152657 ], [ 10.74852, 46.153379 ], [ 10.751656, 46.154777 ], [ 10.755196, 46.155906 ], [ 10.756567, 46.154964 ], [ 10.758438, 46.152551 ], [ 10.759767, 46.15313 ], [ 10.760887, 46.154005 ], [ 10.76314, 46.154304 ], [ 10.766086, 46.154395 ], [ 10.767395, 46.154721 ], [ 10.768686, 46.155396 ], [ 10.768406, 46.155963 ], [ 10.770371, 46.156371 ], [ 10.769957, 46.157153 ], [ 10.771122, 46.157674 ], [ 10.776209, 46.159133 ], [ 10.778095, 46.159483 ], [ 10.779488, 46.160196 ], [ 10.782079, 46.163404 ], [ 10.782677, 46.164909 ], [ 10.784939, 46.164392 ], [ 10.785484, 46.164068 ], [ 10.787251, 46.162147 ], [ 10.788523, 46.161548 ], [ 10.789452, 46.159759 ], [ 10.791749, 46.161162 ], [ 10.794695, 46.161278 ], [ 10.797441, 46.163191 ], [ 10.801267, 46.164708 ], [ 10.802126, 46.167229 ], [ 10.802741, 46.168085 ], [ 10.805639, 46.171422 ], [ 10.806796, 46.172964 ], [ 10.808229, 46.173614 ], [ 10.808562, 46.172549 ], [ 10.813393, 46.171334 ], [ 10.816359, 46.174421 ], [ 10.818193, 46.175676 ], [ 10.81822, 46.176414 ], [ 10.816091, 46.180682 ], [ 10.815802, 46.182125 ], [ 10.820038, 46.185825 ], [ 10.822176, 46.188054 ], [ 10.825972, 46.189404 ], [ 10.827005, 46.1896 ], [ 10.826465, 46.190741 ], [ 10.824888, 46.192412 ], [ 10.824733, 46.193721 ], [ 10.823631, 46.195132 ], [ 10.822926, 46.195064 ], [ 10.822252, 46.195723 ], [ 10.822233, 46.196528 ], [ 10.821243, 46.196662 ], [ 10.820382, 46.19769 ], [ 10.822087, 46.198485 ], [ 10.822605, 46.199885 ], [ 10.821731, 46.201378 ], [ 10.821251, 46.201561 ], [ 10.821853, 46.203751 ], [ 10.823846, 46.206215 ], [ 10.824223, 46.207586 ], [ 10.825268, 46.209776 ], [ 10.825175, 46.210611 ], [ 10.825956, 46.212292 ], [ 10.825529, 46.21365 ], [ 10.826041, 46.214665 ], [ 10.826056, 46.21565 ], [ 10.825479, 46.216301 ], [ 10.825943, 46.216829 ], [ 10.826109, 46.218034 ], [ 10.824926, 46.220381 ], [ 10.82546, 46.220924 ], [ 10.825729, 46.222163 ], [ 10.826559, 46.222957 ], [ 10.826175, 46.224993 ], [ 10.827275, 46.225477 ], [ 10.82756, 46.226536 ], [ 10.828482, 46.227218 ], [ 10.829906, 46.227506 ], [ 10.830181, 46.228027 ], [ 10.830519, 46.231182 ], [ 10.831861, 46.233567 ], [ 10.834821, 46.235289 ], [ 10.836231, 46.236764 ], [ 10.836205, 46.237161 ], [ 10.837507, 46.238742 ], [ 10.836443, 46.239706 ], [ 10.838123, 46.241279 ], [ 10.839416, 46.242163 ], [ 10.840538, 46.243437 ], [ 10.843184, 46.245086 ], [ 10.847736, 46.246989 ], [ 10.849345, 46.24724 ], [ 10.852097, 46.247424 ], [ 10.852302, 46.249693 ], [ 10.854369, 46.251617 ], [ 10.854006, 46.252231 ], [ 10.854522, 46.254276 ], [ 10.856013, 46.255573 ], [ 10.856302, 46.256405 ], [ 10.857769, 46.257545 ], [ 10.859291, 46.25803 ], [ 10.860663, 46.259527 ], [ 10.862083, 46.260241 ], [ 10.864117, 46.261655 ], [ 10.865213, 46.262609 ], [ 10.866495, 46.264122 ], [ 10.866945, 46.265647 ], [ 10.86655, 46.265809 ], [ 10.86668, 46.267245 ], [ 10.867244, 46.269001 ], [ 10.867139, 46.270279 ], [ 10.860763, 46.271607 ], [ 10.85156, 46.272513 ], [ 10.84588, 46.273608 ], [ 10.841782, 46.274719 ], [ 10.837488, 46.275997 ], [ 10.835802, 46.274489 ], [ 10.832292, 46.274508 ], [ 10.828004, 46.274765 ], [ 10.825442, 46.274704 ], [ 10.823307, 46.274378 ], [ 10.819281, 46.274144 ], [ 10.816761, 46.273892 ], [ 10.814165, 46.273449 ], [ 10.812614, 46.273798 ], [ 10.810768, 46.2726 ], [ 10.809052, 46.271174 ], [ 10.806954, 46.27044 ], [ 10.805117, 46.269103 ], [ 10.803159, 46.268367 ], [ 10.802037, 46.268343 ], [ 10.799446, 46.269093 ], [ 10.796437, 46.268338 ], [ 10.793997, 46.266246 ], [ 10.792703, 46.265981 ], [ 10.79269, 46.264439 ], [ 10.787195, 46.261733 ], [ 10.785168, 46.260262 ], [ 10.785623, 46.258284 ], [ 10.785205, 46.257699 ], [ 10.785193, 46.255184 ], [ 10.784897, 46.254915 ], [ 10.781735, 46.253567 ], [ 10.779744, 46.254293 ], [ 10.778276, 46.25452 ], [ 10.776062, 46.253245 ], [ 10.775123, 46.252322 ], [ 10.773634, 46.251403 ], [ 10.77091, 46.252084 ], [ 10.768924, 46.253289 ], [ 10.768535, 46.254474 ], [ 10.767953, 46.254677 ], [ 10.766837, 46.253973 ], [ 10.765199, 46.253415 ], [ 10.764389, 46.252549 ], [ 10.763549, 46.252237 ], [ 10.761867, 46.250575 ], [ 10.759437, 46.250016 ], [ 10.758249, 46.250077 ], [ 10.755298, 46.251024 ], [ 10.754713, 46.251549 ], [ 10.75291, 46.25185 ], [ 10.750904, 46.251158 ], [ 10.748786, 46.250825 ], [ 10.748005, 46.249909 ], [ 10.747042, 46.249547 ], [ 10.745643, 46.248135 ], [ 10.74487, 46.245885 ], [ 10.74388, 46.244259 ], [ 10.743081, 46.24389 ], [ 10.740284, 46.243891 ], [ 10.736951, 46.241533 ], [ 10.735122, 46.240856 ], [ 10.733577, 46.238994 ], [ 10.733328, 46.237456 ] ] ] } },
{ "type": "Feature", "properties": { "com_altname": null, "com_area_code": "ITA", "com_capoluogo": "No", "com_code": "22147", "com_name": "Predazzo", "com_name_lower": "predazzo", "com_name_upper": "PREDAZZO", "com_type": "Comune", "geo_point_2d": { "lat": 46.312354802733395, "lon": 11.642939339644116 }, "prov_code": "22", "prov_name": "Trento", "reg_code": "4", "reg_name": "Trentino-Alto Adige", "rip_code": "2", "rip_name": "Nord-Est", "year": "2022" }, "geometry": { "type": "Polygon", "coordinates": [ [ [ 11.592575, 46.383643 ], [ 11.588648, 46.383517 ], [ 11.584955, 46.382421 ], [ 11.58355, 46.382417 ], [ 11.582321, 46.38322 ], [ 11.576831, 46.381521 ], [ 11.574978, 46.381548 ], [ 11.572784, 46.381364 ], [ 11.569159, 46.381518 ], [ 11.567635, 46.381821 ], [ 11.564832, 46.381573 ], [ 11.56351, 46.3807 ], [ 11.562392, 46.378972 ], [ 11.561201, 46.375054 ], [ 11.561116, 46.374075 ], [ 11.55922, 46.368843 ], [ 11.558666, 46.367839 ], [ 11.558641, 46.36423 ], [ 11.559032, 46.3615 ], [ 11.557818, 46.359771 ], [ 11.556701, 46.358574 ], [ 11.557499, 46.35486 ], [ 11.556649, 46.352476 ], [ 11.557246, 46.350945 ], [ 11.558739, 46.349351 ], [ 11.558429, 46.346892 ], [ 11.558725, 46.345157 ], [ 11.55844, 46.33934 ], [ 11.559017, 46.338328 ], [ 11.559681, 46.335568 ], [ 11.55858, 46.334261 ], [ 11.558215, 46.33201 ], [ 11.556499, 46.330303 ], [ 11.555711, 46.329287 ], [ 11.557537, 46.32694 ], [ 11.5592, 46.326669 ], [ 11.560285, 46.3257 ], [ 11.560104, 46.325146 ], [ 11.563858, 46.321804 ], [ 11.563942, 46.3211 ], [ 11.566621, 46.318942 ], [ 11.567059, 46.318042 ], [ 11.566954, 46.316631 ], [ 11.567306, 46.314994 ], [ 11.567755, 46.314318 ], [ 11.569386, 46.313075 ], [ 11.570655, 46.311337 ], [ 11.571571, 46.310938 ], [ 11.574091, 46.309 ], [ 11.575139, 46.307816 ], [ 11.577081, 46.307403 ], [ 11.582824, 46.306819 ], [ 11.582159, 46.303265 ], [ 11.583588, 46.302228 ], [ 11.587357, 46.299829 ], [ 11.586389, 46.299293 ], [ 11.589351, 46.294439 ], [ 11.588523, 46.293691 ], [ 11.58555, 46.291513 ], [ 11.584852, 46.290779 ], [ 11.586718, 46.288502 ], [ 11.586333, 46.287165 ], [ 11.586867, 46.286431 ], [ 11.589065, 46.285984 ], [ 11.589702, 46.285575 ], [ 11.590352, 46.286721 ], [ 11.592654, 46.287922 ], [ 11.599545, 46.29067 ], [ 11.6022, 46.292323 ], [ 11.60359, 46.293932 ], [ 11.605321, 46.294939 ], [ 11.60621, 46.293908 ], [ 11.608511, 46.293495 ], [ 11.609127, 46.293771 ], [ 11.610537, 46.293347 ], [ 11.611469, 46.291545 ], [ 11.612536, 46.290148 ], [ 11.612815, 46.288904 ], [ 11.61442, 46.286225 ], [ 11.61417, 46.285316 ], [ 11.615869, 46.283554 ], [ 11.616267, 46.282764 ], [ 11.617784, 46.282336 ], [ 11.619074, 46.281529 ], [ 11.619707, 46.279129 ], [ 11.621666, 46.278202 ], [ 11.622191, 46.275591 ], [ 11.621306, 46.272915 ], [ 11.621131, 46.271698 ], [ 11.621699, 46.269462 ], [ 11.622556, 46.268375 ], [ 11.623929, 46.26606 ], [ 11.624366, 46.265805 ], [ 11.624677, 46.264569 ], [ 11.625365, 46.263235 ], [ 11.625004, 46.260445 ], [ 11.625196, 46.259821 ], [ 11.629969, 46.257875 ], [ 11.630962, 46.256673 ], [ 11.631768, 46.256169 ], [ 11.632981, 46.256024 ], [ 11.636885, 46.255997 ], [ 11.638575, 46.255787 ], [ 11.639395, 46.256659 ], [ 11.639977, 46.25931 ], [ 11.64032, 46.259968 ], [ 11.644497, 46.256172 ], [ 11.645905, 46.255779 ], [ 11.649195, 46.255928 ], [ 11.651291, 46.255537 ], [ 11.654623, 46.256558 ], [ 11.658088, 46.256838 ], [ 11.658825, 46.256505 ], [ 11.660482, 46.255099 ], [ 11.662911, 46.256482 ], [ 11.665006, 46.256883 ], [ 11.669452, 46.256771 ], [ 11.671683, 46.255967 ], [ 11.673279, 46.256401 ], [ 11.674937, 46.256581 ], [ 11.677244, 46.25743 ], [ 11.679503, 46.257835 ], [ 11.681217, 46.258747 ], [ 11.683657, 46.260487 ], [ 11.685429, 46.261208 ], [ 11.688411, 46.262042 ], [ 11.691717, 46.261921 ], [ 11.695246, 46.262518 ], [ 11.699118, 46.261739 ], [ 11.702935, 46.261484 ], [ 11.706675, 46.261042 ], [ 11.712432, 46.260563 ], [ 11.715141, 46.261051 ], [ 11.716627, 46.261821 ], [ 11.720029, 46.263001 ], [ 11.722538, 46.263497 ], [ 11.725625, 46.2646 ], [ 11.726944, 46.264795 ], [ 11.725111, 46.269438 ], [ 11.723802, 46.271578 ], [ 11.723237, 46.273197 ], [ 11.722733, 46.27549 ], [ 11.722021, 46.277017 ], [ 11.72141, 46.27891 ], [ 11.720525, 46.280921 ], [ 11.719772, 46.282178 ], [ 11.719008, 46.282919 ], [ 11.717958, 46.284613 ], [ 11.715156, 46.288089 ], [ 11.713595, 46.28953 ], [ 11.710728, 46.292524 ], [ 11.709118, 46.293965 ], [ 11.709328, 46.294907 ], [ 11.710181, 46.29536 ], [ 11.711823, 46.29693 ], [ 11.712749, 46.29982 ], [ 11.71438, 46.299335 ], [ 11.71586, 46.299524 ], [ 11.719814, 46.299215 ], [ 11.724414, 46.299361 ], [ 11.725196, 46.298957 ], [ 11.726607, 46.299612 ], [ 11.728783, 46.30002 ], [ 11.730695, 46.301807 ], [ 11.732019, 46.302002 ], [ 11.737296, 46.303529 ], [ 11.741281, 46.305109 ], [ 11.743247, 46.305377 ], [ 11.744216, 46.306089 ], [ 11.745907, 46.306726 ], [ 11.745846, 46.307538 ], [ 11.746548, 46.308578 ], [ 11.747746, 46.308974 ], [ 11.748992, 46.310125 ], [ 11.750071, 46.310379 ], [ 11.748628, 46.310845 ], [ 11.748009, 46.311814 ], [ 11.747285, 46.312031 ], [ 11.744869, 46.311614 ], [ 11.744056, 46.310736 ], [ 11.74123, 46.30984 ], [ 11.740314, 46.309026 ], [ 11.738584, 46.309153 ], [ 11.738481, 46.31044 ], [ 11.739945, 46.312762 ], [ 11.73989, 46.313287 ], [ 11.74059, 46.314221 ], [ 11.740899, 46.315543 ], [ 11.741402, 46.31622 ], [ 11.741186, 46.317548 ], [ 11.740419, 46.318926 ], [ 11.741111, 46.320187 ], [ 11.741251, 46.321125 ], [ 11.739418, 46.320962 ], [ 11.736385, 46.321195 ], [ 11.733977, 46.321194 ], [ 11.731603, 46.320633 ], [ 11.731196, 46.319889 ], [ 11.730322, 46.319461 ], [ 11.728411, 46.319382 ], [ 11.726493, 46.319019 ], [ 11.722127, 46.31775 ], [ 11.718561, 46.320433 ], [ 11.71644, 46.321078 ], [ 11.713547, 46.322615 ], [ 11.712181, 46.324457 ], [ 11.712335, 46.326061 ], [ 11.712098, 46.326909 ], [ 11.710979, 46.327715 ], [ 11.709324, 46.330679 ], [ 11.70842, 46.332017 ], [ 11.707403, 46.33418 ], [ 11.704772, 46.338246 ], [ 11.702614, 46.341317 ], [ 11.701684, 46.343494 ], [ 11.700401, 46.34351 ], [ 11.698374, 46.343218 ], [ 11.696834, 46.343587 ], [ 11.690084, 46.344245 ], [ 11.68815, 46.343285 ], [ 11.686881, 46.342944 ], [ 11.682981, 46.340334 ], [ 11.68073, 46.339738 ], [ 11.6795, 46.338779 ], [ 11.678104, 46.338113 ], [ 11.676642, 46.338107 ], [ 11.67552, 46.337784 ], [ 11.672686, 46.33887 ], [ 11.671438, 46.339144 ], [ 11.668803, 46.340814 ], [ 11.667513, 46.341351 ], [ 11.666707, 46.342182 ], [ 11.664168, 46.342873 ], [ 11.663147, 46.343518 ], [ 11.660242, 46.341777 ], [ 11.659353, 46.341671 ], [ 11.65693, 46.340198 ], [ 11.654277, 46.33935 ], [ 11.652713, 46.339 ], [ 11.648881, 46.338747 ], [ 11.645591, 46.337635 ], [ 11.643197, 46.337396 ], [ 11.641695, 46.338726 ], [ 11.636867, 46.343361 ], [ 11.636316, 46.344181 ], [ 11.633269, 46.346479 ], [ 11.627228, 46.343009 ], [ 11.625948, 46.342048 ], [ 11.623004, 46.340559 ], [ 11.620937, 46.339184 ], [ 11.620089, 46.337745 ], [ 11.618574, 46.339499 ], [ 11.617877, 46.340955 ], [ 11.617075, 46.341867 ], [ 11.616047, 46.342446 ], [ 11.616385, 46.342915 ], [ 11.618279, 46.343385 ], [ 11.619342, 46.344135 ], [ 11.620936, 46.345952 ], [ 11.620939, 46.346564 ], [ 11.62202, 46.346881 ], [ 11.623513, 46.347936 ], [ 11.624994, 46.34846 ], [ 11.625481, 46.349127 ], [ 11.62596, 46.350724 ], [ 11.625127, 46.351499 ], [ 11.62287, 46.351875 ], [ 11.621395, 46.352548 ], [ 11.618338, 46.355429 ], [ 11.615823, 46.356241 ], [ 11.614095, 46.356569 ], [ 11.612011, 46.3583 ], [ 11.610398, 46.359095 ], [ 11.609258, 46.360066 ], [ 11.607837, 46.360738 ], [ 11.607246, 46.361301 ], [ 11.603601, 46.362642 ], [ 11.600799, 46.364709 ], [ 11.59865, 46.365837 ], [ 11.596634, 46.365954 ], [ 11.595005, 46.366255 ], [ 11.593435, 46.367585 ], [ 11.593865, 46.368734 ], [ 11.593858, 46.370251 ], [ 11.593333, 46.3719 ], [ 11.592938, 46.373887 ], [ 11.592773, 46.37616 ], [ 11.5929, 46.377091 ], [ 11.592904, 46.38114 ], [ 11.592575, 46.383643 ] ] ] } },
{ "type": "Feature", "properties": { "com_altname": null, "com_area_code": "ITA", "com_capoluogo": "No", "com_code": "22038", "com_name": "Canal San Bovo", "com_name_lower": "canal san bovo", "com_name_upper": "CANAL SAN BOVO", "com_type": "Comune", "geo_point_2d": { "lat": 46.199143807632666, "lon": 11.700236203773034 }, "prov_code": "22", "prov_name": "Trento", "reg_code": "4", "reg_name": "Trentino-Alto Adige", "rip_code": "2", "rip_name": "Nord-Est", "year": "2022" }, "geometry": { "type": "MultiPolygon", "coordinates": [ [ [ [ 11.714195, 46.139233 ], [ 11.715887, 46.139884 ], [ 11.718083, 46.139882 ], [ 11.718576, 46.140201 ], [ 11.722428, 46.140914 ], [ 11.723777, 46.140721 ], [ 11.725491, 46.140878 ], [ 11.728629, 46.14074 ], [ 11.72917, 46.139304 ], [ 11.729373, 46.136885 ], [ 11.729091, 46.136082 ], [ 11.729357, 46.132315 ], [ 11.729976, 46.131407 ], [ 11.73057, 46.129264 ], [ 11.731313, 46.128446 ], [ 11.731757, 46.126409 ], [ 11.733291, 46.123912 ], [ 11.737078, 46.121143 ], [ 11.739592, 46.119489 ], [ 11.740006, 46.118862 ], [ 11.741598, 46.118215 ], [ 11.744418, 46.117633 ], [ 11.74498, 46.11723 ], [ 11.745601, 46.115797 ], [ 11.74614, 46.113073 ], [ 11.747503, 46.112127 ], [ 11.749277, 46.111613 ], [ 11.749736, 46.110155 ], [ 11.751127, 46.108368 ], [ 11.751847, 46.107069 ], [ 11.75077, 46.105137 ], [ 11.751492, 46.105197 ], [ 11.751808, 46.103065 ], [ 11.753337, 46.100769 ], [ 11.753707, 46.099626 ], [ 11.754952, 46.097616 ], [ 11.756456, 46.096122 ], [ 11.758692, 46.095601 ], [ 11.759125, 46.096201 ], [ 11.761206, 46.097195 ], [ 11.763763, 46.09788 ], [ 11.765433, 46.098677 ], [ 11.769277, 46.101806 ], [ 11.769697, 46.102444 ], [ 11.771821, 46.103508 ], [ 11.771518, 46.104965 ], [ 11.773192, 46.105824 ], [ 11.773222, 46.106692 ], [ 11.773112, 46.107361 ], [ 11.77689, 46.108953 ], [ 11.776362, 46.110034 ], [ 11.777024, 46.111238 ], [ 11.776288, 46.113178 ], [ 11.77612, 46.114257 ], [ 11.774731, 46.117728 ], [ 11.775201, 46.118989 ], [ 11.77462, 46.120131 ], [ 11.773396, 46.12076 ], [ 11.772872, 46.122553 ], [ 11.771491, 46.123468 ], [ 11.770887, 46.124953 ], [ 11.769531, 46.125696 ], [ 11.76888, 46.125341 ], [ 11.767223, 46.125382 ], [ 11.765382, 46.124998 ], [ 11.763568, 46.126922 ], [ 11.762711, 46.12841 ], [ 11.762583, 46.129623 ], [ 11.763809, 46.129955 ], [ 11.763958, 46.13062 ], [ 11.762602, 46.131056 ], [ 11.762215, 46.131856 ], [ 11.762287, 46.133603 ], [ 11.762986, 46.13432 ], [ 11.762724, 46.136803 ], [ 11.763618, 46.138795 ], [ 11.764382, 46.139501 ], [ 11.765763, 46.139361 ], [ 11.765702, 46.140799 ], [ 11.768898, 46.142108 ], [ 11.769657, 46.142594 ], [ 11.770126, 46.145705 ], [ 11.76994, 46.148621 ], [ 11.767689, 46.151016 ], [ 11.764742, 46.155577 ], [ 11.768224, 46.157375 ], [ 11.771312, 46.159271 ], [ 11.773177, 46.160764 ], [ 11.774051, 46.162006 ], [ 11.777123, 46.16297 ], [ 11.780648, 46.164427 ], [ 11.78198, 46.166126 ], [ 11.783545, 46.167701 ], [ 11.781747, 46.168566 ], [ 11.779928, 46.169975 ], [ 11.778759, 46.17017 ], [ 11.777257, 46.170852 ], [ 11.775264, 46.1714 ], [ 11.773333, 46.17374 ], [ 11.771971, 46.174767 ], [ 11.770749, 46.176062 ], [ 11.76969, 46.177755 ], [ 11.769303, 46.178949 ], [ 11.769667, 46.181464 ], [ 11.768393, 46.184448 ], [ 11.767531, 46.184793 ], [ 11.761394, 46.185076 ], [ 11.75615, 46.185161 ], [ 11.753393, 46.187621 ], [ 11.752318, 46.190492 ], [ 11.747371, 46.192336 ], [ 11.743725, 46.192515 ], [ 11.741952, 46.193628 ], [ 11.740918, 46.193953 ], [ 11.740125, 46.194674 ], [ 11.736605, 46.194794 ], [ 11.735727, 46.195442 ], [ 11.733452, 46.195511 ], [ 11.731256, 46.197093 ], [ 11.730399, 46.199115 ], [ 11.731614, 46.200053 ], [ 11.730032, 46.201471 ], [ 11.727643, 46.204224 ], [ 11.725697, 46.205433 ], [ 11.725436, 46.20591 ], [ 11.725634, 46.208127 ], [ 11.72683, 46.209528 ], [ 11.728612, 46.212303 ], [ 11.729003, 46.21337 ], [ 11.728068, 46.214894 ], [ 11.726519, 46.214906 ], [ 11.723963, 46.215251 ], [ 11.722047, 46.216096 ], [ 11.720849, 46.216984 ], [ 11.720341, 46.217795 ], [ 11.72016, 46.218923 ], [ 11.71933, 46.219526 ], [ 11.722045, 46.220922 ], [ 11.723974, 46.221037 ], [ 11.728051, 46.22229 ], [ 11.729375, 46.223331 ], [ 11.733685, 46.224535 ], [ 11.734716, 46.224509 ], [ 11.736738, 46.225046 ], [ 11.739692, 46.225141 ], [ 11.741233, 46.225586 ], [ 11.74197, 46.225141 ], [ 11.743707, 46.225002 ], [ 11.744634, 46.225567 ], [ 11.74637, 46.226037 ], [ 11.74802, 46.227283 ], [ 11.74805, 46.227804 ], [ 11.750412, 46.228224 ], [ 11.752687, 46.231086 ], [ 11.752682, 46.233519 ], [ 11.753679, 46.23462 ], [ 11.752972, 46.236041 ], [ 11.753892, 46.23628 ], [ 11.754628, 46.237513 ], [ 11.757514, 46.238937 ], [ 11.757625, 46.239853 ], [ 11.755016, 46.241626 ], [ 11.75329, 46.242378 ], [ 11.751729, 46.242569 ], [ 11.750569, 46.243488 ], [ 11.748632, 46.243381 ], [ 11.746318, 46.243755 ], [ 11.745171, 46.24416 ], [ 11.743165, 46.245452 ], [ 11.743747, 46.245989 ], [ 11.74616, 46.246648 ], [ 11.747038, 46.247117 ], [ 11.746478, 46.249116 ], [ 11.747178, 46.249519 ], [ 11.748915, 46.251377 ], [ 11.748252, 46.253387 ], [ 11.746293, 46.255212 ], [ 11.746253, 46.255999 ], [ 11.745471, 46.256437 ], [ 11.745086, 46.25724 ], [ 11.743325, 46.258997 ], [ 11.743611, 46.25992 ], [ 11.742198, 46.261465 ], [ 11.741082, 46.262022 ], [ 11.740346, 46.263257 ], [ 11.739528, 46.263916 ], [ 11.73735, 46.265095 ], [ 11.736199, 46.264956 ], [ 11.734253, 46.265086 ], [ 11.727845, 46.26476 ], [ 11.726944, 46.264795 ], [ 11.725625, 46.2646 ], [ 11.722538, 46.263497 ], [ 11.720029, 46.263001 ], [ 11.716627, 46.261821 ], [ 11.715141, 46.261051 ], [ 11.712432, 46.260563 ], [ 11.706675, 46.261042 ], [ 11.702935, 46.261484 ], [ 11.699118, 46.261739 ], [ 11.695246, 46.262518 ], [ 11.691717, 46.261921 ], [ 11.688411, 46.262042 ], [ 11.685429, 46.261208 ], [ 11.683657, 46.260487 ], [ 11.681217, 46.258747 ], [ 11.679503, 46.257835 ], [ 11.677244, 46.25743 ], [ 11.674937, 46.256581 ], [ 11.673279, 46.256401 ], [ 11.671683, 46.255967 ], [ 11.669452, 46.256771 ], [ 11.665006, 46.256883 ], [ 11.662911, 46.256482 ], [ 11.660482, 46.255099 ], [ 11.658825, 46.256505 ], [ 11.658088, 46.256838 ], [ 11.654623, 46.256558 ], [ 11.651291, 46.255537 ], [ 11.649195, 46.255928 ], [ 11.645905, 46.255779 ], [ 11.644497, 46.256172 ], [ 11.64032, 46.259968 ], [ 11.639977, 46.25931 ], [ 11.639395, 46.256659 ], [ 11.638575, 46.255787 ], [ 11.636885, 46.255997 ], [ 11.632981, 46.256024 ], [ 11.631768, 46.256169 ], [ 11.630962, 46.256673 ], [ 11.629969, 46.257875 ], [ 11.625196, 46.259821 ], [ 11.621417, 46.261114 ], [ 11.619367, 46.260306 ], [ 11.617356, 46.259227 ], [ 11.61682, 46.25779 ], [ 11.616941, 46.25677 ], [ 11.616592, 46.255716 ], [ 11.614394, 46.254786 ], [ 11.614046, 46.25321 ], [ 11.61359, 46.252608 ], [ 11.613536, 46.251475 ], [ 11.609663, 46.249971 ], [ 11.60896, 46.249121 ], [ 11.608016, 46.246156 ], [ 11.607611, 46.245544 ], [ 11.605611, 46.244951 ], [ 11.603154, 46.244845 ], [ 11.601717, 46.244077 ], [ 11.602081, 46.242448 ], [ 11.602514, 46.242007 ], [ 11.602598, 46.240502 ], [ 11.603863, 46.238718 ], [ 11.601345, 46.236768 ], [ 11.596175, 46.235221 ], [ 11.598269, 46.234516 ], [ 11.599997, 46.233496 ], [ 11.602545, 46.232241 ], [ 11.606722, 46.229796 ], [ 11.60966, 46.228586 ], [ 11.61221, 46.227106 ], [ 11.614893, 46.225163 ], [ 11.617143, 46.2245 ], [ 11.619215, 46.221716 ], [ 11.620986, 46.220236 ], [ 11.622572, 46.218678 ], [ 11.623492, 46.218405 ], [ 11.624081, 46.217149 ], [ 11.624247, 46.21575 ], [ 11.625045, 46.215615 ], [ 11.626724, 46.214659 ], [ 11.629002, 46.213778 ], [ 11.629954, 46.213612 ], [ 11.632939, 46.212598 ], [ 11.633947, 46.211981 ], [ 11.636324, 46.21126 ], [ 11.638096, 46.211183 ], [ 11.640702, 46.211726 ], [ 11.641323, 46.211433 ], [ 11.641871, 46.210412 ], [ 11.642751, 46.209843 ], [ 11.64231, 46.207945 ], [ 11.64042, 46.206387 ], [ 11.638323, 46.205094 ], [ 11.638284, 46.204564 ], [ 11.638985, 46.202946 ], [ 11.639128, 46.20134 ], [ 11.638953, 46.200111 ], [ 11.638216, 46.198999 ], [ 11.636456, 46.196958 ], [ 11.635806, 46.194707 ], [ 11.634986, 46.193707 ], [ 11.635326, 46.192861 ], [ 11.634965, 46.192042 ], [ 11.634884, 46.190709 ], [ 11.635495, 46.19003 ], [ 11.635461, 46.188264 ], [ 11.635121, 46.185304 ], [ 11.635228, 46.184553 ], [ 11.63462, 46.183698 ], [ 11.634861, 46.182683 ], [ 11.634165, 46.181112 ], [ 11.633066, 46.180057 ], [ 11.636353, 46.177814 ], [ 11.637541, 46.177129 ], [ 11.640793, 46.175585 ], [ 11.643932, 46.17349 ], [ 11.646501, 46.172403 ], [ 11.649518, 46.171777 ], [ 11.651966, 46.170262 ], [ 11.6561, 46.168494 ], [ 11.658686, 46.167572 ], [ 11.664021, 46.162425 ], [ 11.665976, 46.161849 ], [ 11.666813, 46.161388 ], [ 11.667616, 46.160354 ], [ 11.669269, 46.159746 ], [ 11.670576, 46.160508 ], [ 11.6709, 46.161154 ], [ 11.671839, 46.161682 ], [ 11.674363, 46.16245 ], [ 11.677337, 46.164394 ], [ 11.678364, 46.164869 ], [ 11.679984, 46.166274 ], [ 11.680036, 46.167379 ], [ 11.680999, 46.168468 ], [ 11.682972, 46.169744 ], [ 11.685819, 46.170938 ], [ 11.689501, 46.173103 ], [ 11.692006, 46.174144 ], [ 11.69275, 46.174086 ], [ 11.693946, 46.172714 ], [ 11.697384, 46.169275 ], [ 11.699152, 46.168158 ], [ 11.699618, 46.167301 ], [ 11.697338, 46.165693 ], [ 11.695918, 46.164892 ], [ 11.691854, 46.163712 ], [ 11.691725, 46.16263 ], [ 11.69605, 46.156847 ], [ 11.698864, 46.152931 ], [ 11.700874, 46.149116 ], [ 11.700511, 46.14804 ], [ 11.701208, 46.146457 ], [ 11.703997, 46.14524 ], [ 11.705454, 46.14496 ], [ 11.70662, 46.144042 ], [ 11.709583, 46.143041 ], [ 11.710955, 46.141695 ], [ 11.712945, 46.140922 ], [ 11.71345, 46.140183 ], [ 11.714378, 46.139771 ], [ 11.714195, 46.139233 ] ] ], [ [ [ 11.759669, 46.207522 ], [ 11.759652, 46.207122 ], [ 11.761889, 46.206462 ], [ 11.764061, 46.206363 ], [ 11.767211, 46.205301 ], [ 11.769895, 46.20415 ], [ 11.772575, 46.203489 ], [ 11.775002, 46.203487 ], [ 11.777134, 46.203279 ], [ 11.779336, 46.203933 ], [ 11.782084, 46.204029 ], [ 11.783228, 46.204452 ], [ 11.782027, 46.205201 ], [ 11.780177, 46.205537 ], [ 11.778376, 46.206574 ], [ 11.777578, 46.207274 ], [ 11.780907, 46.208502 ], [ 11.779767, 46.210167 ], [ 11.783206, 46.210948 ], [ 11.785658, 46.212654 ], [ 11.786723, 46.21382 ], [ 11.787486, 46.214269 ], [ 11.789152, 46.216106 ], [ 11.789427, 46.216653 ], [ 11.788927, 46.217732 ], [ 11.786623, 46.218035 ], [ 11.783809, 46.217062 ], [ 11.781845, 46.21616 ], [ 11.779726, 46.214691 ], [ 11.777584, 46.213472 ], [ 11.775685, 46.213291 ], [ 11.77255, 46.213496 ], [ 11.771507, 46.214076 ], [ 11.769852, 46.214213 ], [ 11.766461, 46.21484 ], [ 11.765011, 46.213553 ], [ 11.764787, 46.212587 ], [ 11.763814, 46.211262 ], [ 11.763893, 46.210439 ], [ 11.761513, 46.208546 ], [ 11.759669, 46.207522 ] ] ] ] } },
{ "type": "Feature", "properties": { "com_altname": null, "com_area_code": "ITA", "com_capoluogo": "No", "com_code": "22059", "com_name": "Cinte Tesino", "com_name_lower": "cinte tesino", "com_name_upper": "CINTE TESINO", "com_type": "Comune", "geo_point_2d": { "lat": 46.09321477513429, "lon": 11.652949214921199 }, "prov_code": "22", "prov_name": "Trento", "reg_code": "4", "reg_name": "Trentino-Alto Adige", "rip_code": "2", "rip_name": "Nord-Est", "year": "2022" }, "geometry": { "type": "MultiPolygon", "coordinates": [ [ [ [ 11.703456, 46.090494 ], [ 11.70453, 46.091851 ], [ 11.706799, 46.09434 ], [ 11.711468, 46.09912 ], [ 11.716925, 46.103023 ], [ 11.718023, 46.103329 ], [ 11.721159, 46.102891 ], [ 11.72928, 46.103709 ], [ 11.729918, 46.103915 ], [ 11.731452, 46.103451 ], [ 11.733488, 46.1037 ], [ 11.734365, 46.104174 ], [ 11.736273, 46.104137 ], [ 11.739448, 46.105065 ], [ 11.741014, 46.105166 ], [ 11.742851, 46.104707 ], [ 11.745784, 46.104336 ], [ 11.748088, 46.104302 ], [ 11.75077, 46.105137 ], [ 11.751847, 46.107069 ], [ 11.751127, 46.108368 ], [ 11.749736, 46.110155 ], [ 11.749277, 46.111613 ], [ 11.747503, 46.112127 ], [ 11.74614, 46.113073 ], [ 11.745601, 46.115797 ], [ 11.74498, 46.11723 ], [ 11.744418, 46.117633 ], [ 11.741598, 46.118215 ], [ 11.740006, 46.118862 ], [ 11.739592, 46.119489 ], [ 11.737078, 46.121143 ], [ 11.733291, 46.123912 ], [ 11.731757, 46.126409 ], [ 11.731313, 46.128446 ], [ 11.73057, 46.129264 ], [ 11.729976, 46.131407 ], [ 11.729357, 46.132315 ], [ 11.729091, 46.136082 ], [ 11.729373, 46.136885 ], [ 11.72917, 46.139304 ], [ 11.728629, 46.14074 ], [ 11.725491, 46.140878 ], [ 11.723777, 46.140721 ], [ 11.722428, 46.140914 ], [ 11.718576, 46.140201 ], [ 11.718083, 46.139882 ], [ 11.715887, 46.139884 ], [ 11.714195, 46.139233 ], [ 11.712603, 46.13757 ], [ 11.711223, 46.136891 ], [ 11.709731, 46.135011 ], [ 11.709176, 46.133726 ], [ 11.70925, 46.132382 ], [ 11.708899, 46.131134 ], [ 11.70482, 46.127087 ], [ 11.702099, 46.125609 ], [ 11.700475, 46.12523 ], [ 11.697139, 46.124769 ], [ 11.691511, 46.124542 ], [ 11.689299, 46.124593 ], [ 11.687596, 46.12311 ], [ 11.687802, 46.120755 ], [ 11.688541, 46.119711 ], [ 11.688623, 46.117985 ], [ 11.68831, 46.115571 ], [ 11.689406, 46.115208 ], [ 11.692149, 46.113778 ], [ 11.693742, 46.113712 ], [ 11.695377, 46.112952 ], [ 11.695566, 46.111271 ], [ 11.69656, 46.109829 ], [ 11.696454, 46.108748 ], [ 11.695909, 46.107343 ], [ 11.695803, 46.105764 ], [ 11.695248, 46.103782 ], [ 11.696753, 46.100587 ], [ 11.696914, 46.099265 ], [ 11.697356, 46.098287 ], [ 11.69881, 46.096313 ], [ 11.700233, 46.094743 ], [ 11.702597, 46.091806 ], [ 11.703456, 46.090494 ] ] ], [ [ [ 11.622196, 46.065671 ], [ 11.620346, 46.065846 ], [ 11.617635, 46.064597 ], [ 11.615921, 46.064596 ], [ 11.614901, 46.063471 ], [ 11.613484, 46.061343 ], [ 11.612395, 46.061071 ], [ 11.610644, 46.061814 ], [ 11.609553, 46.061979 ], [ 11.608441, 46.061053 ], [ 11.605949, 46.060859 ], [ 11.602137, 46.059502 ], [ 11.598008, 46.060979 ], [ 11.594631, 46.059656 ], [ 11.587867, 46.057142 ], [ 11.586175, 46.057923 ], [ 11.585627, 46.056776 ], [ 11.585567, 46.054692 ], [ 11.584309, 46.053592 ], [ 11.582853, 46.05165 ], [ 11.581806, 46.05064 ], [ 11.582085, 46.0491 ], [ 11.58141, 46.047463 ], [ 11.58151, 46.045449 ], [ 11.582951, 46.044636 ], [ 11.588235, 46.043318 ], [ 11.588891, 46.042855 ], [ 11.588321, 46.040699 ], [ 11.589108, 46.039578 ], [ 11.589779, 46.037577 ], [ 11.598255, 46.033097 ], [ 11.599701, 46.032402 ], [ 11.599487, 46.031755 ], [ 11.600338, 46.030749 ], [ 11.600679, 46.029826 ], [ 11.604185, 46.027431 ], [ 11.605697, 46.026071 ], [ 11.608052, 46.024696 ], [ 11.610589, 46.023797 ], [ 11.619202, 46.021145 ], [ 11.621136, 46.020892 ], [ 11.622822, 46.02107 ], [ 11.624127, 46.020771 ], [ 11.626672, 46.021376 ], [ 11.626956, 46.021743 ], [ 11.625374, 46.02335 ], [ 11.62606, 46.024189 ], [ 11.628009, 46.024848 ], [ 11.629699, 46.025912 ], [ 11.63083, 46.027095 ], [ 11.62903, 46.029349 ], [ 11.628635, 46.031182 ], [ 11.627748, 46.032016 ], [ 11.627601, 46.033265 ], [ 11.626935, 46.033788 ], [ 11.626621, 46.035569 ], [ 11.626034, 46.036811 ], [ 11.626047, 46.039647 ], [ 11.626824, 46.040605 ], [ 11.625867, 46.041768 ], [ 11.625817, 46.042636 ], [ 11.627993, 46.042809 ], [ 11.629788, 46.042264 ], [ 11.630593, 46.04244 ], [ 11.632252, 46.044229 ], [ 11.631552, 46.044857 ], [ 11.630938, 46.046125 ], [ 11.632012, 46.046725 ], [ 11.631442, 46.047731 ], [ 11.631997, 46.048867 ], [ 11.630434, 46.050911 ], [ 11.628709, 46.051624 ], [ 11.627103, 46.051748 ], [ 11.625839, 46.052474 ], [ 11.625779, 46.053166 ], [ 11.624537, 46.053106 ], [ 11.624153, 46.054379 ], [ 11.625088, 46.056124 ], [ 11.624174, 46.056991 ], [ 11.624933, 46.059009 ], [ 11.623931, 46.060355 ], [ 11.623775, 46.061152 ], [ 11.624288, 46.06252 ], [ 11.623821, 46.06355 ], [ 11.622196, 46.065671 ] ] ], [ [ [ 11.550468, 46.175089 ], [ 11.554239, 46.1718 ], [ 11.555363, 46.170115 ], [ 11.559967, 46.168484 ], [ 11.562941, 46.161042 ], [ 11.563983, 46.158728 ], [ 11.565829, 46.154003 ], [ 11.567167, 46.152026 ], [ 11.568223, 46.149108 ], [ 11.570861, 46.145935 ], [ 11.572545, 46.146212 ], [ 11.574853, 46.146252 ], [ 11.577302, 46.146086 ], [ 11.582318, 46.144804 ], [ 11.584436, 46.144632 ], [ 11.589254, 46.144006 ], [ 11.592376, 46.14434 ], [ 11.595435, 46.143922 ], [ 11.595249, 46.144586 ], [ 11.594443, 46.145174 ], [ 11.592796, 46.145696 ], [ 11.591248, 46.14691 ], [ 11.591124, 46.149107 ], [ 11.590779, 46.150121 ], [ 11.589509, 46.152039 ], [ 11.589316, 46.15382 ], [ 11.588101, 46.157594 ], [ 11.586742, 46.160714 ], [ 11.586358, 46.165888 ], [ 11.58232, 46.165279 ], [ 11.580475, 46.165318 ], [ 11.571343, 46.167956 ], [ 11.569345, 46.168295 ], [ 11.563597, 46.168388 ], [ 11.560452, 46.168712 ], [ 11.558336, 46.169758 ], [ 11.556387, 46.170493 ], [ 11.554746, 46.172103 ], [ 11.550468, 46.175089 ] ] ] ] } },
{ "type": "Feature", "properties": { "com_altname": null, "com_area_code": "ITA", "com_capoluogo": "No", "com_code": "22118", "com_name": "Moena", "com_name_lower": "moena", "com_name_upper": "MOENA", "com_type": "Comune", "geo_point_2d": { "lat": 46.36451289237563, "lon": 11.70614195754198 }, "prov_code": "22", "prov_name": "Trento", "reg_code": "4", "reg_name": "Trentino-Alto Adige", "rip_code": "2", "rip_name": "Nord-Est", "year": "2022" }, "geometry": { "type": "Polygon", "coordinates": [ [ [ 11.70777, 46.394753 ], [ 11.705972, 46.393462 ], [ 11.70491, 46.39065 ], [ 11.700945, 46.390249 ], [ 11.701606, 46.389283 ], [ 11.701011, 46.388583 ], [ 11.69846, 46.386598 ], [ 11.697957, 46.385664 ], [ 11.694725, 46.385783 ], [ 11.69497, 46.384914 ], [ 11.692503, 46.383245 ], [ 11.692092, 46.38319 ], [ 11.68501, 46.383576 ], [ 11.683472, 46.383539 ], [ 11.675598, 46.384026 ], [ 11.674655, 46.383968 ], [ 11.67041, 46.384453 ], [ 11.667859, 46.385148 ], [ 11.666169, 46.384997 ], [ 11.664727, 46.384558 ], [ 11.663628, 46.385754 ], [ 11.662527, 46.386382 ], [ 11.660775, 46.386198 ], [ 11.659442, 46.386328 ], [ 11.658216, 46.385988 ], [ 11.657102, 46.386049 ], [ 11.654756, 46.387127 ], [ 11.653019, 46.388694 ], [ 11.652557, 46.389429 ], [ 11.647206, 46.39041 ], [ 11.645701, 46.391309 ], [ 11.644615, 46.389012 ], [ 11.644084, 46.388294 ], [ 11.643062, 46.388158 ], [ 11.641734, 46.38862 ], [ 11.640756, 46.387227 ], [ 11.639563, 46.387014 ], [ 11.635708, 46.387994 ], [ 11.634447, 46.387456 ], [ 11.628947, 46.386953 ], [ 11.627536, 46.387093 ], [ 11.62498, 46.386414 ], [ 11.623819, 46.385793 ], [ 11.622973, 46.385785 ], [ 11.620487, 46.383844 ], [ 11.619781, 46.38377 ], [ 11.618834, 46.383 ], [ 11.614662, 46.382085 ], [ 11.610922, 46.380133 ], [ 11.60975, 46.379032 ], [ 11.608447, 46.37844 ], [ 11.607989, 46.379189 ], [ 11.607911, 46.380838 ], [ 11.607452, 46.381307 ], [ 11.604659, 46.38219 ], [ 11.602165, 46.382805 ], [ 11.600112, 46.382824 ], [ 11.596827, 46.382404 ], [ 11.594717, 46.382335 ], [ 11.594089, 46.382529 ], [ 11.593023, 46.38388 ], [ 11.592575, 46.383643 ], [ 11.592904, 46.38114 ], [ 11.5929, 46.377091 ], [ 11.592773, 46.37616 ], [ 11.592938, 46.373887 ], [ 11.593333, 46.3719 ], [ 11.593858, 46.370251 ], [ 11.593865, 46.368734 ], [ 11.593435, 46.367585 ], [ 11.595005, 46.366255 ], [ 11.596634, 46.365954 ], [ 11.59865, 46.365837 ], [ 11.600799, 46.364709 ], [ 11.603601, 46.362642 ], [ 11.607246, 46.361301 ], [ 11.607837, 46.360738 ], [ 11.609258, 46.360066 ], [ 11.610398, 46.359095 ], [ 11.612011, 46.3583 ], [ 11.614095, 46.356569 ], [ 11.615823, 46.356241 ], [ 11.618338, 46.355429 ], [ 11.621395, 46.352548 ], [ 11.62287, 46.351875 ], [ 11.625127, 46.351499 ], [ 11.62596, 46.350724 ], [ 11.625481, 46.349127 ], [ 11.624994, 46.34846 ], [ 11.623513, 46.347936 ], [ 11.62202, 46.346881 ], [ 11.620939, 46.346564 ], [ 11.620936, 46.345952 ], [ 11.619342, 46.344135 ], [ 11.618279, 46.343385 ], [ 11.616385, 46.342915 ], [ 11.616047, 46.342446 ], [ 11.617075, 46.341867 ], [ 11.617877, 46.340955 ], [ 11.618574, 46.339499 ], [ 11.620089, 46.337745 ], [ 11.620937, 46.339184 ], [ 11.623004, 46.340559 ], [ 11.625948, 46.342048 ], [ 11.627228, 46.343009 ], [ 11.633269, 46.346479 ], [ 11.636316, 46.344181 ], [ 11.636867, 46.343361 ], [ 11.641695, 46.338726 ], [ 11.643197, 46.337396 ], [ 11.645591, 46.337635 ], [ 11.648881, 46.338747 ], [ 11.652713, 46.339 ], [ 11.654277, 46.33935 ], [ 11.65693, 46.340198 ], [ 11.659353, 46.341671 ], [ 11.660242, 46.341777 ], [ 11.663147, 46.343518 ], [ 11.664168, 46.342873 ], [ 11.666707, 46.342182 ], [ 11.667513, 46.341351 ], [ 11.668803, 46.340814 ], [ 11.671438, 46.339144 ], [ 11.672686, 46.33887 ], [ 11.67552, 46.337784 ], [ 11.676642, 46.338107 ], [ 11.678104, 46.338113 ], [ 11.6795, 46.338779 ], [ 11.68073, 46.339738 ], [ 11.682981, 46.340334 ], [ 11.686881, 46.342944 ], [ 11.68815, 46.343285 ], [ 11.690084, 46.344245 ], [ 11.696834, 46.343587 ], [ 11.698374, 46.343218 ], [ 11.700401, 46.34351 ], [ 11.701684, 46.343494 ], [ 11.702614, 46.341317 ], [ 11.704772, 46.338246 ], [ 11.707403, 46.33418 ], [ 11.70842, 46.332017 ], [ 11.709324, 46.330679 ], [ 11.710979, 46.327715 ], [ 11.712098, 46.326909 ], [ 11.712335, 46.326061 ], [ 11.712181, 46.324457 ], [ 11.713547, 46.322615 ], [ 11.71644, 46.321078 ], [ 11.718561, 46.320433 ], [ 11.722127, 46.31775 ], [ 11.726493, 46.319019 ], [ 11.728411, 46.319382 ], [ 11.730322, 46.319461 ], [ 11.731196, 46.319889 ], [ 11.731603, 46.320633 ], [ 11.733977, 46.321194 ], [ 11.736385, 46.321195 ], [ 11.739418, 46.320962 ], [ 11.741251, 46.321125 ], [ 11.741111, 46.320187 ], [ 11.740419, 46.318926 ], [ 11.741186, 46.317548 ], [ 11.741402, 46.31622 ], [ 11.740899, 46.315543 ], [ 11.74059, 46.314221 ], [ 11.73989, 46.313287 ], [ 11.739945, 46.312762 ], [ 11.738481, 46.31044 ], [ 11.738584, 46.309153 ], [ 11.740314, 46.309026 ], [ 11.74123, 46.30984 ], [ 11.744056, 46.310736 ], [ 11.744869, 46.311614 ], [ 11.747285, 46.312031 ], [ 11.748009, 46.311814 ], [ 11.748628, 46.310845 ], [ 11.750071, 46.310379 ], [ 11.750731, 46.310344 ], [ 11.751226, 46.311179 ], [ 11.751251, 46.312397 ], [ 11.750801, 46.313015 ], [ 11.751459, 46.313871 ], [ 11.751427, 46.31624 ], [ 11.750833, 46.31862 ], [ 11.749842, 46.31986 ], [ 11.749955, 46.322542 ], [ 11.749421, 46.323629 ], [ 11.748591, 46.32434 ], [ 11.748517, 46.32515 ], [ 11.747768, 46.32618 ], [ 11.748306, 46.327775 ], [ 11.747855, 46.328842 ], [ 11.748407, 46.330035 ], [ 11.749962, 46.330979 ], [ 11.750675, 46.331903 ], [ 11.751015, 46.333875 ], [ 11.75191, 46.335977 ], [ 11.751794, 46.337488 ], [ 11.75144, 46.338031 ], [ 11.75103, 46.33978 ], [ 11.751471, 46.341942 ], [ 11.751271, 46.342963 ], [ 11.750509, 46.344692 ], [ 11.748216, 46.351772 ], [ 11.750095, 46.353342 ], [ 11.752235, 46.354107 ], [ 11.753016, 46.354138 ], [ 11.75675, 46.350478 ], [ 11.757527, 46.348714 ], [ 11.758839, 46.348186 ], [ 11.761912, 46.349146 ], [ 11.76494, 46.350894 ], [ 11.766656, 46.352968 ], [ 11.76617, 46.3541 ], [ 11.765147, 46.355316 ], [ 11.765375, 46.356675 ], [ 11.76611, 46.358729 ], [ 11.765406, 46.359562 ], [ 11.766307, 46.359921 ], [ 11.767193, 46.359513 ], [ 11.76892, 46.359183 ], [ 11.772115, 46.358279 ], [ 11.774379, 46.358242 ], [ 11.776878, 46.360409 ], [ 11.779586, 46.362543 ], [ 11.783727, 46.364685 ], [ 11.786362, 46.364085 ], [ 11.789009, 46.363718 ], [ 11.791232, 46.366337 ], [ 11.790946, 46.366663 ], [ 11.79181, 46.367727 ], [ 11.794711, 46.367818 ], [ 11.797733, 46.366529 ], [ 11.798512, 46.365781 ], [ 11.799945, 46.364972 ], [ 11.804011, 46.36498 ], [ 11.805003, 46.365408 ], [ 11.809417, 46.366636 ], [ 11.812213, 46.369634 ], [ 11.813472, 46.3676 ], [ 11.815089, 46.368214 ], [ 11.816026, 46.369213 ], [ 11.814722, 46.371782 ], [ 11.814916, 46.372801 ], [ 11.815935, 46.374606 ], [ 11.817774, 46.376039 ], [ 11.820173, 46.376621 ], [ 11.820158, 46.377167 ], [ 11.818041, 46.377255 ], [ 11.815551, 46.377899 ], [ 11.814705, 46.377459 ], [ 11.813581, 46.378038 ], [ 11.81253, 46.377325 ], [ 11.810214, 46.377125 ], [ 11.808154, 46.377727 ], [ 11.806036, 46.377783 ], [ 11.804835, 46.377401 ], [ 11.802002, 46.378365 ], [ 11.797817, 46.377635 ], [ 11.796355, 46.377656 ], [ 11.795228, 46.378202 ], [ 11.795204, 46.379601 ], [ 11.794483, 46.381084 ], [ 11.794596, 46.381893 ], [ 11.795413, 46.383089 ], [ 11.796411, 46.383725 ], [ 11.797662, 46.386084 ], [ 11.797311, 46.388539 ], [ 11.797288, 46.390297 ], [ 11.79794, 46.392496 ], [ 11.800038, 46.39463 ], [ 11.79916, 46.395537 ], [ 11.79879, 46.396605 ], [ 11.799241, 46.399452 ], [ 11.799294, 46.401359 ], [ 11.799578, 46.402614 ], [ 11.800196, 46.403961 ], [ 11.79974, 46.404687 ], [ 11.797478, 46.405405 ], [ 11.795007, 46.405285 ], [ 11.792925, 46.405586 ], [ 11.790307, 46.40513 ], [ 11.788086, 46.403691 ], [ 11.786676, 46.403379 ], [ 11.785698, 46.402778 ], [ 11.783462, 46.402769 ], [ 11.781194, 46.403116 ], [ 11.779354, 46.404049 ], [ 11.775806, 46.402452 ], [ 11.773949, 46.401348 ], [ 11.769837, 46.401425 ], [ 11.767909, 46.401656 ], [ 11.763751, 46.400009 ], [ 11.762473, 46.396515 ], [ 11.760875, 46.395659 ], [ 11.758436, 46.394882 ], [ 11.755875, 46.391694 ], [ 11.75452, 46.390556 ], [ 11.752402, 46.390197 ], [ 11.750781, 46.390301 ], [ 11.748558, 46.388065 ], [ 11.745599, 46.387049 ], [ 11.742807, 46.386284 ], [ 11.739762, 46.385978 ], [ 11.734674, 46.38707 ], [ 11.732842, 46.38715 ], [ 11.729708, 46.387002 ], [ 11.725137, 46.387329 ], [ 11.724292, 46.387835 ], [ 11.722301, 46.389684 ], [ 11.721105, 46.390187 ], [ 11.719432, 46.390555 ], [ 11.715218, 46.391009 ], [ 11.710819, 46.392277 ], [ 11.710035, 46.392249 ], [ 11.708547, 46.394269 ], [ 11.70777, 46.394753 ] ] ] } },
{ "type": "Feature", "properties": { "com_altname": null, "com_area_code": "ITA", "com_capoluogo": "No", "com_code": "22250", "com_name": "San Giovanni di Fassa", "com_name_lower": "san giovanni di fassa", "com_name_upper": "SAN GIOVANNI DI FASSA", "com_type": "Comune", "geo_point_2d": { "lat": 46.4237641094934, "lon": 11.704085854663113 }, "prov_code": "22", "prov_name": "Trento", "reg_code": "4", "reg_name": "Trentino-Alto Adige", "rip_code": "2", "rip_name": "Nord-Est", "year": "2022" }, "geometry": { "type": "Polygon", "coordinates": [ [ [ 11.644578, 46.472821 ], [ 11.643132, 46.474936 ], [ 11.642735, 46.47594 ], [ 11.639255, 46.474691 ], [ 11.635248, 46.474496 ], [ 11.631772, 46.472835 ], [ 11.629711, 46.472673 ], [ 11.626342, 46.471892 ], [ 11.624762, 46.471093 ], [ 11.625755, 46.469814 ], [ 11.627846, 46.467792 ], [ 11.628304, 46.463773 ], [ 11.627488, 46.462564 ], [ 11.626786, 46.462047 ], [ 11.625937, 46.460798 ], [ 11.622975, 46.458469 ], [ 11.622496, 46.457893 ], [ 11.621781, 46.454706 ], [ 11.621668, 46.45332 ], [ 11.62079, 46.45161 ], [ 11.620543, 46.450445 ], [ 11.619765, 46.449421 ], [ 11.619992, 46.446687 ], [ 11.61993, 46.445685 ], [ 11.619317, 46.444995 ], [ 11.617373, 46.443737 ], [ 11.617235, 46.442489 ], [ 11.61805, 46.440888 ], [ 11.618468, 46.439475 ], [ 11.619264, 46.438631 ], [ 11.617283, 46.437427 ], [ 11.617417, 46.436325 ], [ 11.618432, 46.434505 ], [ 11.618332, 46.43198 ], [ 11.620071, 46.42879 ], [ 11.619837, 46.425491 ], [ 11.61936, 46.425215 ], [ 11.617431, 46.423021 ], [ 11.615525, 46.420576 ], [ 11.613706, 46.418498 ], [ 11.610932, 46.414903 ], [ 11.608885, 46.412526 ], [ 11.606427, 46.406314 ], [ 11.604954, 46.403741 ], [ 11.603621, 46.401765 ], [ 11.601827, 46.3995 ], [ 11.599912, 46.397525 ], [ 11.600535, 46.395935 ], [ 11.600151, 46.393516 ], [ 11.601724, 46.389787 ], [ 11.599322, 46.387327 ], [ 11.593023, 46.38388 ], [ 11.594089, 46.382529 ], [ 11.594717, 46.382335 ], [ 11.596827, 46.382404 ], [ 11.600112, 46.382824 ], [ 11.602165, 46.382805 ], [ 11.604659, 46.38219 ], [ 11.607452, 46.381307 ], [ 11.607911, 46.380838 ], [ 11.607989, 46.379189 ], [ 11.608447, 46.37844 ], [ 11.60975, 46.379032 ], [ 11.610922, 46.380133 ], [ 11.614662, 46.382085 ], [ 11.618834, 46.383 ], [ 11.619781, 46.38377 ], [ 11.620487, 46.383844 ], [ 11.622973, 46.385785 ], [ 11.623819, 46.385793 ], [ 11.62498, 46.386414 ], [ 11.627536, 46.387093 ], [ 11.628947, 46.386953 ], [ 11.634447, 46.387456 ], [ 11.635708, 46.387994 ], [ 11.639563, 46.387014 ], [ 11.640756, 46.387227 ], [ 11.639139, 46.388473 ], [ 11.637059, 46.389295 ], [ 11.635436, 46.390439 ], [ 11.633076, 46.390584 ], [ 11.632361, 46.391149 ], [ 11.635724, 46.392647 ], [ 11.63705, 46.394515 ], [ 11.637711, 46.395004 ], [ 11.640714, 46.396051 ], [ 11.643864, 46.396887 ], [ 11.646972, 46.39821 ], [ 11.648114, 46.398966 ], [ 11.648513, 46.399588 ], [ 11.650397, 46.401542 ], [ 11.651823, 46.402308 ], [ 11.654104, 46.402841 ], [ 11.657921, 46.40419 ], [ 11.660115, 46.404607 ], [ 11.662736, 46.40448 ], [ 11.664996, 46.404825 ], [ 11.669683, 46.404897 ], [ 11.671275, 46.404365 ], [ 11.675239, 46.403292 ], [ 11.678517, 46.40148 ], [ 11.68425, 46.399521 ], [ 11.686714, 46.398931 ], [ 11.690681, 46.398157 ], [ 11.691962, 46.399938 ], [ 11.692841, 46.402393 ], [ 11.694276, 46.401841 ], [ 11.697476, 46.401849 ], [ 11.700938, 46.400869 ], [ 11.704188, 46.400114 ], [ 11.704688, 46.399131 ], [ 11.705914, 46.398081 ], [ 11.706151, 46.397012 ], [ 11.70777, 46.394753 ], [ 11.708547, 46.394269 ], [ 11.710035, 46.392249 ], [ 11.710819, 46.392277 ], [ 11.715218, 46.391009 ], [ 11.719432, 46.390555 ], [ 11.721105, 46.390187 ], [ 11.722301, 46.389684 ], [ 11.724292, 46.387835 ], [ 11.725137, 46.387329 ], [ 11.729708, 46.387002 ], [ 11.732842, 46.38715 ], [ 11.734674, 46.38707 ], [ 11.739762, 46.385978 ], [ 11.742807, 46.386284 ], [ 11.745599, 46.387049 ], [ 11.748558, 46.388065 ], [ 11.750781, 46.390301 ], [ 11.752402, 46.390197 ], [ 11.75452, 46.390556 ], [ 11.755875, 46.391694 ], [ 11.758436, 46.394882 ], [ 11.760875, 46.395659 ], [ 11.762473, 46.396515 ], [ 11.763751, 46.400009 ], [ 11.767909, 46.401656 ], [ 11.769837, 46.401425 ], [ 11.773949, 46.401348 ], [ 11.775806, 46.402452 ], [ 11.779354, 46.404049 ], [ 11.781194, 46.403116 ], [ 11.783462, 46.402769 ], [ 11.785698, 46.402778 ], [ 11.786676, 46.403379 ], [ 11.788086, 46.403691 ], [ 11.790307, 46.40513 ], [ 11.792925, 46.405586 ], [ 11.795007, 46.405285 ], [ 11.797478, 46.405405 ], [ 11.79974, 46.404687 ], [ 11.800196, 46.403961 ], [ 11.802012, 46.404734 ], [ 11.806008, 46.406796 ], [ 11.809223, 46.407398 ], [ 11.813992, 46.405715 ], [ 11.817251, 46.410841 ], [ 11.820083, 46.410247 ], [ 11.828282, 46.40886 ], [ 11.835061, 46.411008 ], [ 11.840314, 46.412979 ], [ 11.838535, 46.414556 ], [ 11.838223, 46.415233 ], [ 11.839495, 46.417483 ], [ 11.840528, 46.41896 ], [ 11.841495, 46.419296 ], [ 11.844671, 46.420874 ], [ 11.843553, 46.421717 ], [ 11.846934, 46.423263 ], [ 11.846536, 46.424219 ], [ 11.848171, 46.429044 ], [ 11.850291, 46.434161 ], [ 11.846916, 46.435375 ], [ 11.845593, 46.43599 ], [ 11.843419, 46.4367 ], [ 11.841438, 46.437733 ], [ 11.839852, 46.438778 ], [ 11.834337, 46.439563 ], [ 11.833794, 46.43994 ], [ 11.832036, 46.442339 ], [ 11.822891, 46.442953 ], [ 11.821345, 46.439389 ], [ 11.819129, 46.434659 ], [ 11.81693, 46.432375 ], [ 11.816811, 46.431021 ], [ 11.814414, 46.429438 ], [ 11.812885, 46.428732 ], [ 11.812028, 46.427619 ], [ 11.811386, 46.428483 ], [ 11.809878, 46.429323 ], [ 11.80847, 46.429712 ], [ 11.807949, 46.429529 ], [ 11.803438, 46.426703 ], [ 11.800936, 46.42498 ], [ 11.800141, 46.426276 ], [ 11.801503, 46.428808 ], [ 11.795376, 46.427169 ], [ 11.794189, 46.427392 ], [ 11.79344, 46.428386 ], [ 11.790764, 46.427281 ], [ 11.789944, 46.426412 ], [ 11.787769, 46.427461 ], [ 11.788917, 46.428765 ], [ 11.789514, 46.430234 ], [ 11.791485, 46.433973 ], [ 11.791365, 46.434757 ], [ 11.792995, 46.435518 ], [ 11.793002, 46.436596 ], [ 11.793548, 46.438514 ], [ 11.791654, 46.438791 ], [ 11.789758, 46.436746 ], [ 11.789431, 46.435693 ], [ 11.787389, 46.434384 ], [ 11.786407, 46.433318 ], [ 11.786194, 46.432274 ], [ 11.784204, 46.429733 ], [ 11.782923, 46.428884 ], [ 11.780659, 46.429635 ], [ 11.779288, 46.430395 ], [ 11.775998, 46.431218 ], [ 11.7749, 46.430794 ], [ 11.772158, 46.431377 ], [ 11.770582, 46.431393 ], [ 11.767917, 46.433052 ], [ 11.766533, 46.434223 ], [ 11.762895, 46.43418 ], [ 11.759893, 46.435665 ], [ 11.75942, 46.437014 ], [ 11.759652, 46.438328 ], [ 11.758839, 46.440125 ], [ 11.757761, 46.440343 ], [ 11.754815, 46.441773 ], [ 11.753322, 46.442973 ], [ 11.753017, 46.443575 ], [ 11.751789, 46.444434 ], [ 11.750315, 46.444979 ], [ 11.746764, 46.444946 ], [ 11.744287, 46.444803 ], [ 11.742398, 46.44435 ], [ 11.740404, 46.444341 ], [ 11.739324, 46.445513 ], [ 11.738841, 46.446495 ], [ 11.737369, 46.447351 ], [ 11.735049, 46.447539 ], [ 11.732113, 46.447154 ], [ 11.730622, 46.447369 ], [ 11.727802, 46.447258 ], [ 11.726345, 46.448159 ], [ 11.7241, 46.448565 ], [ 11.723012, 46.449093 ], [ 11.721198, 46.448862 ], [ 11.720038, 46.447763 ], [ 11.719129, 46.447555 ], [ 11.718384, 46.44672 ], [ 11.716519, 46.445458 ], [ 11.715585, 46.445171 ], [ 11.714561, 46.4437 ], [ 11.7133, 46.444573 ], [ 11.70973, 46.446538 ], [ 11.707292, 46.448893 ], [ 11.704312, 46.449716 ], [ 11.703278, 46.450919 ], [ 11.70231, 46.450834 ], [ 11.700121, 46.451588 ], [ 11.699241, 46.451699 ], [ 11.696974, 46.453534 ], [ 11.69602, 46.454511 ], [ 11.694288, 46.455839 ], [ 11.691785, 46.457095 ], [ 11.689094, 46.458247 ], [ 11.686787, 46.460056 ], [ 11.68568, 46.460334 ], [ 11.677495, 46.45941 ], [ 11.675446, 46.459314 ], [ 11.674686, 46.459476 ], [ 11.669842, 46.461092 ], [ 11.67011, 46.462589 ], [ 11.670029, 46.465444 ], [ 11.670387, 46.467182 ], [ 11.665647, 46.46668 ], [ 11.663629, 46.466111 ], [ 11.662116, 46.46602 ], [ 11.660621, 46.46748 ], [ 11.661022, 46.468921 ], [ 11.657881, 46.471231 ], [ 11.654531, 46.471151 ], [ 11.652095, 46.470668 ], [ 11.648657, 46.470551 ], [ 11.646615, 46.470985 ], [ 11.644807, 46.471753 ], [ 11.644578, 46.472821 ] ] ] } },
{ "type": "Feature", "properties": { "com_altname": null, "com_area_code": "ITA", "com_capoluogo": "No", "com_code": "22199", "com_name": "Tione di Trento", "com_name_lower": "tione di trento", "com_name_upper": "TIONE DI TRENTO", "com_type": "Comune", "geo_point_2d": { "lat": 46.02465145724811, "lon": 10.717486009016763 }, "prov_code": "22", "prov_name": "Trento", "reg_code": "4", "reg_name": "Trentino-Alto Adige", "rip_code": "2", "rip_name": "Nord-Est", "year": "2022" }, "geometry": { "type": "MultiPolygon", "coordinates": [ [ [ [ 10.73786, 46.038625 ], [ 10.73676, 46.038593 ], [ 10.735217, 46.037808 ], [ 10.732414, 46.039413 ], [ 10.730418, 46.040245 ], [ 10.728865, 46.042397 ], [ 10.729022, 46.043697 ], [ 10.72842, 46.045062 ], [ 10.726545, 46.045553 ], [ 10.722728, 46.047386 ], [ 10.721549, 46.047546 ], [ 10.718843, 46.048319 ], [ 10.717783, 46.049093 ], [ 10.717812, 46.049814 ], [ 10.718792, 46.051021 ], [ 10.719224, 46.052778 ], [ 10.717792, 46.052987 ], [ 10.715315, 46.052813 ], [ 10.712279, 46.0535 ], [ 10.711707, 46.054122 ], [ 10.710895, 46.054218 ], [ 10.708237, 46.053048 ], [ 10.70685, 46.051967 ], [ 10.705836, 46.050596 ], [ 10.704521, 46.049316 ], [ 10.703772, 46.048968 ], [ 10.700798, 46.049652 ], [ 10.697362, 46.049428 ], [ 10.694342, 46.050051 ], [ 10.693212, 46.050496 ], [ 10.689897, 46.05123 ], [ 10.686981, 46.05201 ], [ 10.685329, 46.051961 ], [ 10.683106, 46.052687 ], [ 10.680253, 46.053833 ], [ 10.679218, 46.054885 ], [ 10.678052, 46.055425 ], [ 10.675898, 46.055667 ], [ 10.672717, 46.056422 ], [ 10.667763, 46.056529 ], [ 10.664747, 46.056258 ], [ 10.662307, 46.056506 ], [ 10.66004, 46.056993 ], [ 10.658993, 46.057572 ], [ 10.656921, 46.057276 ], [ 10.65484, 46.057261 ], [ 10.653714, 46.05812 ], [ 10.651817, 46.058524 ], [ 10.64908, 46.058798 ], [ 10.647561, 46.059415 ], [ 10.646167, 46.060746 ], [ 10.644842, 46.061595 ], [ 10.64289, 46.061688 ], [ 10.640199, 46.061329 ], [ 10.63927, 46.061585 ], [ 10.636622, 46.062821 ], [ 10.637628, 46.059525 ], [ 10.638163, 46.057199 ], [ 10.640033, 46.056743 ], [ 10.641396, 46.055775 ], [ 10.643823, 46.054655 ], [ 10.645104, 46.053605 ], [ 10.645232, 46.05314 ], [ 10.647306, 46.051235 ], [ 10.650158, 46.049458 ], [ 10.651389, 46.047952 ], [ 10.653061, 46.046905 ], [ 10.65486, 46.046344 ], [ 10.655335, 46.04588 ], [ 10.659082, 46.044936 ], [ 10.660301, 46.044286 ], [ 10.660595, 46.043655 ], [ 10.662018, 46.042336 ], [ 10.663553, 46.041455 ], [ 10.665439, 46.040843 ], [ 10.66563, 46.040151 ], [ 10.667426, 46.039192 ], [ 10.668919, 46.037836 ], [ 10.670452, 46.036061 ], [ 10.672514, 46.031709 ], [ 10.672822, 46.029522 ], [ 10.67389, 46.027226 ], [ 10.677298, 46.021273 ], [ 10.677763, 46.018964 ], [ 10.677008, 46.017852 ], [ 10.679626, 46.016394 ], [ 10.680431, 46.016232 ], [ 10.682222, 46.016569 ], [ 10.68505, 46.016661 ], [ 10.687002, 46.019518 ], [ 10.689934, 46.016735 ], [ 10.691824, 46.015383 ], [ 10.69328, 46.016081 ], [ 10.695465, 46.017929 ], [ 10.697439, 46.019238 ], [ 10.698238, 46.020298 ], [ 10.699939, 46.021508 ], [ 10.701727, 46.023666 ], [ 10.702644, 46.025387 ], [ 10.706488, 46.024654 ], [ 10.710168, 46.023065 ], [ 10.711587, 46.02281 ], [ 10.715145, 46.021153 ], [ 10.716391, 46.021572 ], [ 10.717151, 46.021484 ], [ 10.718101, 46.022931 ], [ 10.719675, 46.024353 ], [ 10.721757, 46.024681 ], [ 10.722155, 46.025018 ], [ 10.723354, 46.027329 ], [ 10.724973, 46.027402 ], [ 10.725012, 46.028598 ], [ 10.725596, 46.029075 ], [ 10.727776, 46.028703 ], [ 10.727795, 46.02952 ], [ 10.729593, 46.030453 ], [ 10.731218, 46.031774 ], [ 10.731575, 46.032942 ], [ 10.732976, 46.033516 ], [ 10.733329, 46.033987 ], [ 10.734852, 46.034295 ], [ 10.735816, 46.034921 ], [ 10.735635, 46.035756 ], [ 10.736961, 46.036598 ], [ 10.736764, 46.037114 ], [ 10.73786, 46.038625 ] ] ], [ [ [ 10.751303, 45.997207 ], [ 10.752638, 45.997527 ], [ 10.754455, 45.999089 ], [ 10.755883, 45.999845 ], [ 10.75673, 46.00101 ], [ 10.759597, 46.003294 ], [ 10.762229, 46.002571 ], [ 10.76379, 46.003005 ], [ 10.765516, 46.004651 ], [ 10.766352, 46.005074 ], [ 10.769135, 46.005462 ], [ 10.769863, 46.006468 ], [ 10.771825, 46.007907 ], [ 10.772198, 46.009343 ], [ 10.77372, 46.010592 ], [ 10.775042, 46.010775 ], [ 10.778629, 46.010845 ], [ 10.780472, 46.011788 ], [ 10.781199, 46.013786 ], [ 10.776113, 46.015898 ], [ 10.77549, 46.016641 ], [ 10.776442, 46.017527 ], [ 10.776147, 46.020477 ], [ 10.775033, 46.021289 ], [ 10.774521, 46.024277 ], [ 10.774721, 46.025935 ], [ 10.775844, 46.026314 ], [ 10.776257, 46.026903 ], [ 10.778687, 46.027982 ], [ 10.776009, 46.028765 ], [ 10.774887, 46.029666 ], [ 10.774125, 46.031273 ], [ 10.774633, 46.032478 ], [ 10.776402, 46.03357 ], [ 10.77509, 46.034697 ], [ 10.777505, 46.035765 ], [ 10.782395, 46.036593 ], [ 10.784089, 46.036591 ], [ 10.785876, 46.036144 ], [ 10.787475, 46.03605 ], [ 10.788694, 46.037209 ], [ 10.788623, 46.038369 ], [ 10.789108, 46.03872 ], [ 10.788886, 46.039892 ], [ 10.789397, 46.04045 ], [ 10.789249, 46.044289 ], [ 10.794968, 46.045286 ], [ 10.79531, 46.045744 ], [ 10.796639, 46.046065 ], [ 10.800292, 46.044701 ], [ 10.801639, 46.04497 ], [ 10.803607, 46.044914 ], [ 10.803462, 46.045707 ], [ 10.803595, 46.049816 ], [ 10.803048, 46.051517 ], [ 10.804725, 46.0525 ], [ 10.806814, 46.052695 ], [ 10.807697, 46.054472 ], [ 10.806058, 46.054909 ], [ 10.803766, 46.055083 ], [ 10.802453, 46.054889 ], [ 10.801085, 46.053883 ], [ 10.799901, 46.053494 ], [ 10.797493, 46.054754 ], [ 10.795025, 46.055277 ], [ 10.793314, 46.055165 ], [ 10.792242, 46.054526 ], [ 10.791617, 46.053691 ], [ 10.788656, 46.052048 ], [ 10.787311, 46.051566 ], [ 10.785292, 46.049934 ], [ 10.782749, 46.048913 ], [ 10.781614, 46.048009 ], [ 10.779051, 46.046936 ], [ 10.77788, 46.047825 ], [ 10.776482, 46.048173 ], [ 10.773189, 46.048355 ], [ 10.771636, 46.047684 ], [ 10.770262, 46.046299 ], [ 10.769173, 46.045848 ], [ 10.766756, 46.045431 ], [ 10.765798, 46.045494 ], [ 10.763617, 46.04508 ], [ 10.762679, 46.044619 ], [ 10.760894, 46.044357 ], [ 10.760272, 46.04458 ], [ 10.758575, 46.042908 ], [ 10.757756, 46.041759 ], [ 10.757477, 46.040802 ], [ 10.757762, 46.038955 ], [ 10.759178, 46.038181 ], [ 10.759707, 46.037407 ], [ 10.759375, 46.03639 ], [ 10.757778, 46.035489 ], [ 10.75669, 46.03441 ], [ 10.758211, 46.032562 ], [ 10.758501, 46.030996 ], [ 10.759079, 46.030832 ], [ 10.759607, 46.028546 ], [ 10.76052, 46.027 ], [ 10.762027, 46.025635 ], [ 10.762096, 46.025041 ], [ 10.763753, 46.023385 ], [ 10.763919, 46.021841 ], [ 10.76256, 46.019336 ], [ 10.761126, 46.01834 ], [ 10.760884, 46.017743 ], [ 10.759035, 46.016559 ], [ 10.757303, 46.013539 ], [ 10.756409, 46.01023 ], [ 10.754593, 46.007463 ], [ 10.752889, 46.006311 ], [ 10.750628, 46.003481 ], [ 10.747462, 45.999088 ], [ 10.747381, 45.997217 ], [ 10.751303, 45.997207 ] ] ], [ [ [ 10.711787, 45.987488 ], [ 10.709624, 45.988089 ], [ 10.708098, 45.988201 ], [ 10.705479, 45.988969 ], [ 10.704003, 45.990363 ], [ 10.703726, 45.991283 ], [ 10.701651, 45.992111 ], [ 10.70068, 45.99082 ], [ 10.698366, 45.991114 ], [ 10.698015, 45.991757 ], [ 10.695921, 45.99125 ], [ 10.692246, 45.990607 ], [ 10.692771, 45.989725 ], [ 10.693996, 45.988727 ], [ 10.697285, 45.987494 ], [ 10.699438, 45.983982 ], [ 10.699659, 45.981885 ], [ 10.699434, 45.979616 ], [ 10.700154, 45.978607 ], [ 10.699481, 45.976185 ], [ 10.699689, 45.974684 ], [ 10.698767, 45.974245 ], [ 10.701385, 45.972201 ], [ 10.703368, 45.971398 ], [ 10.703953, 45.969374 ], [ 10.70598, 45.968336 ], [ 10.705642, 45.966395 ], [ 10.704869, 45.965502 ], [ 10.704367, 45.964336 ], [ 10.704932, 45.963463 ], [ 10.704263, 45.961611 ], [ 10.704772, 45.959935 ], [ 10.704265, 45.95851 ], [ 10.704764, 45.957939 ], [ 10.706907, 45.956816 ], [ 10.707532, 45.955907 ], [ 10.710085, 45.95419 ], [ 10.710712, 45.95409 ], [ 10.712793, 45.955199 ], [ 10.716116, 45.955855 ], [ 10.718027, 45.955093 ], [ 10.719711, 45.955234 ], [ 10.721182, 45.956876 ], [ 10.721452, 45.957724 ], [ 10.720999, 45.958985 ], [ 10.721794, 45.959725 ], [ 10.724103, 45.96001 ], [ 10.725029, 45.960864 ], [ 10.726764, 45.961629 ], [ 10.727401, 45.963311 ], [ 10.727982, 45.963845 ], [ 10.729747, 45.964347 ], [ 10.729401, 45.967046 ], [ 10.72745, 45.969091 ], [ 10.72599, 45.972157 ], [ 10.724574, 45.974161 ], [ 10.722942, 45.975986 ], [ 10.719442, 45.978728 ], [ 10.717825, 45.9802 ], [ 10.715192, 45.983075 ], [ 10.712641, 45.985208 ], [ 10.711787, 45.987488 ] ] ] ] } },
{ "type": "Feature", "properties": { "com_altname": null, "com_area_code": "ITA", "com_capoluogo": "No", "com_code": "22222", "com_name": "Villa Lagarina", "com_name_lower": "villa lagarina", "com_name_upper": "VILLA LAGARINA", "com_type": "Comune", "geo_point_2d": { "lat": 45.94296719576575, "lon": 11.02005378443795 }, "prov_code": "22", "prov_name": "Trento", "reg_code": "4", "reg_name": "Trentino-Alto Adige", "rip_code": "2", "rip_name": "Nord-Est", "year": "2022" }, "geometry": { "type": "Polygon", "coordinates": [ [ [ 11.035826, 45.981486 ], [ 11.034229, 45.979934 ], [ 11.033409, 45.978744 ], [ 11.031141, 45.978977 ], [ 11.029455, 45.977879 ], [ 11.025675, 45.975006 ], [ 11.023896, 45.973514 ], [ 11.023963, 45.973065 ], [ 11.023, 45.972421 ], [ 11.022437, 45.971408 ], [ 11.019508, 45.970032 ], [ 11.016835, 45.967968 ], [ 11.015508, 45.966342 ], [ 11.015358, 45.96548 ], [ 11.014036, 45.96487 ], [ 11.013364, 45.964062 ], [ 11.010602, 45.961851 ], [ 11.009788, 45.961485 ], [ 11.008748, 45.959542 ], [ 11.006924, 45.957596 ], [ 11.006251, 45.957141 ], [ 11.005748, 45.955982 ], [ 11.003939, 45.952699 ], [ 11.002731, 45.9518 ], [ 11.001024, 45.951791 ], [ 11.000613, 45.949085 ], [ 10.99996, 45.947748 ], [ 10.99897, 45.946768 ], [ 10.995903, 45.94485 ], [ 10.995195, 45.944631 ], [ 10.99283, 45.943201 ], [ 10.990969, 45.942494 ], [ 10.989627, 45.942379 ], [ 10.988229, 45.941521 ], [ 10.988288, 45.940991 ], [ 10.986428, 45.937953 ], [ 10.984683, 45.93625 ], [ 10.982548, 45.933703 ], [ 10.980759, 45.93029 ], [ 10.978128, 45.926869 ], [ 10.976762, 45.926013 ], [ 10.975129, 45.924366 ], [ 10.974269, 45.923184 ], [ 10.975577, 45.922233 ], [ 10.977722, 45.921137 ], [ 10.980612, 45.919886 ], [ 10.982883, 45.920073 ], [ 10.983593, 45.921585 ], [ 10.984873, 45.921336 ], [ 10.986826, 45.921538 ], [ 10.988621, 45.920696 ], [ 10.992677, 45.920989 ], [ 10.993372, 45.921886 ], [ 10.998025, 45.920935 ], [ 11.000024, 45.920035 ], [ 11.0009, 45.919914 ], [ 11.001817, 45.919051 ], [ 11.003637, 45.91885 ], [ 11.004635, 45.918248 ], [ 11.008, 45.917511 ], [ 11.008857, 45.916929 ], [ 11.009952, 45.916904 ], [ 11.011967, 45.916418 ], [ 11.013017, 45.915849 ], [ 11.01356, 45.916478 ], [ 11.014777, 45.916885 ], [ 11.015848, 45.916661 ], [ 11.017876, 45.916702 ], [ 11.018857, 45.916047 ], [ 11.021524, 45.916059 ], [ 11.022817, 45.917122 ], [ 11.025113, 45.916753 ], [ 11.025317, 45.916073 ], [ 11.027605, 45.914547 ], [ 11.02715, 45.913443 ], [ 11.028833, 45.912826 ], [ 11.029466, 45.911805 ], [ 11.0336, 45.909444 ], [ 11.038312, 45.91298 ], [ 11.040939, 45.915889 ], [ 11.04252, 45.917074 ], [ 11.041148, 45.918534 ], [ 11.03941, 45.921337 ], [ 11.037217, 45.925596 ], [ 11.036953, 45.926315 ], [ 11.035753, 45.92729 ], [ 11.034284, 45.927437 ], [ 11.035044, 45.928603 ], [ 11.034919, 45.929549 ], [ 11.035197, 45.930661 ], [ 11.03573, 45.931267 ], [ 11.035698, 45.932346 ], [ 11.037439, 45.932696 ], [ 11.038252, 45.933125 ], [ 11.038045, 45.934228 ], [ 11.038525, 45.936522 ], [ 11.03741, 45.937569 ], [ 11.037209, 45.938548 ], [ 11.036336, 45.939739 ], [ 11.035386, 45.940155 ], [ 11.035468, 45.940748 ], [ 11.036996, 45.941264 ], [ 11.042064, 45.944573 ], [ 11.043489, 45.946223 ], [ 11.046715, 45.94713 ], [ 11.048082, 45.947873 ], [ 11.051655, 45.94918 ], [ 11.054187, 45.949625 ], [ 11.055709, 45.951105 ], [ 11.057031, 45.951779 ], [ 11.057567, 45.95293 ], [ 11.056126, 45.955102 ], [ 11.057278, 45.957528 ], [ 11.057752, 45.958147 ], [ 11.055129, 45.960537 ], [ 11.05431, 45.959104 ], [ 11.053066, 45.958805 ], [ 11.052313, 45.958076 ], [ 11.05107, 45.95759 ], [ 11.047841, 45.956959 ], [ 11.046433, 45.957202 ], [ 11.044288, 45.956653 ], [ 11.042824, 45.957218 ], [ 11.045123, 45.95809 ], [ 11.045792, 45.959414 ], [ 11.048291, 45.960807 ], [ 11.049841, 45.962167 ], [ 11.049935, 45.962538 ], [ 11.048852, 45.9651 ], [ 11.048374, 45.968698 ], [ 11.048231, 45.971177 ], [ 11.044711, 45.973433 ], [ 11.042535, 45.975352 ], [ 11.039141, 45.978683 ], [ 11.038143, 45.980279 ], [ 11.035826, 45.981486 ] ] ] } },
{ "type": "Feature", "properties": { "com_altname": null, "com_area_code": "ITA", "com_capoluogo": "No", "com_code": "22039", "com_name": "Canazei", "com_name_lower": "canazei", "com_name_upper": "CANAZEI", "com_type": "Comune", "geo_point_2d": { "lat": 46.469799120155656, "lon": 11.810480437316178 }, "prov_code": "22", "prov_name": "Trento", "reg_code": "4", "reg_name": "Trentino-Alto Adige", "rip_code": "2", "rip_name": "Nord-Est", "year": "2022" }, "geometry": { "type": "Polygon", "coordinates": [ [ [ 11.850291, 46.434161 ], [ 11.850519, 46.434309 ], [ 11.854822, 46.434063 ], [ 11.857762, 46.434195 ], [ 11.859746, 46.434118 ], [ 11.863198, 46.433116 ], [ 11.870882, 46.433215 ], [ 11.873001, 46.433949 ], [ 11.878344, 46.436811 ], [ 11.880513, 46.438665 ], [ 11.882756, 46.439981 ], [ 11.884866, 46.440789 ], [ 11.888793, 46.441996 ], [ 11.889108, 46.442742 ], [ 11.888841, 46.445043 ], [ 11.888123, 46.447599 ], [ 11.886608, 46.451561 ], [ 11.886203, 46.453569 ], [ 11.8866, 46.454882 ], [ 11.886538, 46.455676 ], [ 11.887719, 46.456825 ], [ 11.888159, 46.457768 ], [ 11.887819, 46.458713 ], [ 11.887016, 46.459552 ], [ 11.886801, 46.460646 ], [ 11.887363, 46.463143 ], [ 11.886826, 46.464567 ], [ 11.886172, 46.46513 ], [ 11.882678, 46.466322 ], [ 11.881831, 46.467329 ], [ 11.880805, 46.467984 ], [ 11.880275, 46.468757 ], [ 11.878648, 46.470289 ], [ 11.878566, 46.470744 ], [ 11.877158, 46.471783 ], [ 11.874318, 46.472855 ], [ 11.871476, 46.473237 ], [ 11.867366, 46.47334 ], [ 11.864851, 46.473074 ], [ 11.863769, 46.473553 ], [ 11.86105, 46.473508 ], [ 11.858621, 46.474142 ], [ 11.855699, 46.475365 ], [ 11.851521, 46.475002 ], [ 11.846547, 46.475027 ], [ 11.843704, 46.475902 ], [ 11.841795, 46.476973 ], [ 11.838697, 46.476878 ], [ 11.837807, 46.476302 ], [ 11.83658, 46.476232 ], [ 11.835307, 46.476528 ], [ 11.831542, 46.475814 ], [ 11.829878, 46.476224 ], [ 11.828488, 46.4762 ], [ 11.825192, 46.475556 ], [ 11.824314, 46.475519 ], [ 11.821277, 46.47667 ], [ 11.820241, 46.476798 ], [ 11.818403, 46.476521 ], [ 11.816225, 46.476867 ], [ 11.813158, 46.47814 ], [ 11.813535, 46.479264 ], [ 11.812372, 46.480358 ], [ 11.811071, 46.483068 ], [ 11.810393, 46.484865 ], [ 11.812302, 46.486499 ], [ 11.812267, 46.487866 ], [ 11.812983, 46.489704 ], [ 11.813829, 46.490948 ], [ 11.814463, 46.491188 ], [ 11.814765, 46.492869 ], [ 11.813898, 46.495823 ], [ 11.815454, 46.500318 ], [ 11.820202, 46.501227 ], [ 11.823106, 46.501685 ], [ 11.824879, 46.506155 ], [ 11.82693, 46.507301 ], [ 11.828312, 46.508914 ], [ 11.825135, 46.512964 ], [ 11.824721, 46.513851 ], [ 11.824771, 46.516058 ], [ 11.82544, 46.518452 ], [ 11.825489, 46.521785 ], [ 11.821868, 46.524907 ], [ 11.818294, 46.527738 ], [ 11.812852, 46.529657 ], [ 11.812328, 46.532049 ], [ 11.811864, 46.532422 ], [ 11.811185, 46.532764 ], [ 11.808191, 46.531875 ], [ 11.803234, 46.52939 ], [ 11.800349, 46.527285 ], [ 11.799792, 46.525242 ], [ 11.79734, 46.524021 ], [ 11.79712, 46.52349 ], [ 11.795589, 46.523726 ], [ 11.794995, 46.522389 ], [ 11.793755, 46.521381 ], [ 11.792585, 46.52108 ], [ 11.791785, 46.518665 ], [ 11.790844, 46.517023 ], [ 11.790638, 46.515 ], [ 11.791091, 46.514356 ], [ 11.788099, 46.512886 ], [ 11.785486, 46.511824 ], [ 11.784735, 46.511059 ], [ 11.782469, 46.510667 ], [ 11.777694, 46.510788 ], [ 11.774955, 46.509295 ], [ 11.772497, 46.508937 ], [ 11.768136, 46.508653 ], [ 11.76291, 46.507551 ], [ 11.761406, 46.506101 ], [ 11.758871, 46.506706 ], [ 11.756438, 46.506585 ], [ 11.755061, 46.506317 ], [ 11.753571, 46.506386 ], [ 11.751196, 46.505767 ], [ 11.748988, 46.505847 ], [ 11.743593, 46.504953 ], [ 11.745074, 46.504106 ], [ 11.74524, 46.50368 ], [ 11.747784, 46.501498 ], [ 11.748482, 46.499697 ], [ 11.748989, 46.499497 ], [ 11.752015, 46.496876 ], [ 11.753086, 46.497272 ], [ 11.755384, 46.497024 ], [ 11.756866, 46.495809 ], [ 11.757141, 46.494221 ], [ 11.756605, 46.49331 ], [ 11.756661, 46.492147 ], [ 11.756216, 46.490772 ], [ 11.75571, 46.490296 ], [ 11.754225, 46.489743 ], [ 11.75309, 46.489036 ], [ 11.752863, 46.487907 ], [ 11.75331, 46.486339 ], [ 11.753801, 46.483712 ], [ 11.75409, 46.479706 ], [ 11.752705, 46.478746 ], [ 11.751509, 46.478435 ], [ 11.751037, 46.477871 ], [ 11.753521, 46.477189 ], [ 11.755217, 46.476957 ], [ 11.756362, 46.476556 ], [ 11.75904, 46.476244 ], [ 11.762222, 46.476461 ], [ 11.765416, 46.476256 ], [ 11.769275, 46.474254 ], [ 11.765448, 46.471549 ], [ 11.764498, 46.469426 ], [ 11.763545, 46.467957 ], [ 11.759751, 46.465563 ], [ 11.757372, 46.463078 ], [ 11.755648, 46.46156 ], [ 11.757352, 46.460203 ], [ 11.759007, 46.459223 ], [ 11.760088, 46.458233 ], [ 11.760741, 46.45724 ], [ 11.762588, 46.456703 ], [ 11.762392, 46.455874 ], [ 11.763906, 46.454061 ], [ 11.764155, 46.452667 ], [ 11.763442, 46.451758 ], [ 11.763246, 46.450926 ], [ 11.762309, 46.449141 ], [ 11.762755, 46.448278 ], [ 11.762513, 46.445264 ], [ 11.762063, 46.443636 ], [ 11.761263, 46.442299 ], [ 11.760215, 46.441082 ], [ 11.758839, 46.440125 ], [ 11.759652, 46.438328 ], [ 11.75942, 46.437014 ], [ 11.759893, 46.435665 ], [ 11.762895, 46.43418 ], [ 11.766533, 46.434223 ], [ 11.767917, 46.433052 ], [ 11.770582, 46.431393 ], [ 11.772158, 46.431377 ], [ 11.7749, 46.430794 ], [ 11.775998, 46.431218 ], [ 11.779288, 46.430395 ], [ 11.780659, 46.429635 ], [ 11.782923, 46.428884 ], [ 11.784204, 46.429733 ], [ 11.786194, 46.432274 ], [ 11.786407, 46.433318 ], [ 11.787389, 46.434384 ], [ 11.789431, 46.435693 ], [ 11.789758, 46.436746 ], [ 11.791654, 46.438791 ], [ 11.793548, 46.438514 ], [ 11.793002, 46.436596 ], [ 11.792995, 46.435518 ], [ 11.791365, 46.434757 ], [ 11.791485, 46.433973 ], [ 11.789514, 46.430234 ], [ 11.788917, 46.428765 ], [ 11.787769, 46.427461 ], [ 11.789944, 46.426412 ], [ 11.790764, 46.427281 ], [ 11.79344, 46.428386 ], [ 11.794189, 46.427392 ], [ 11.795376, 46.427169 ], [ 11.801503, 46.428808 ], [ 11.800141, 46.426276 ], [ 11.800936, 46.42498 ], [ 11.803438, 46.426703 ], [ 11.807949, 46.429529 ], [ 11.80847, 46.429712 ], [ 11.809878, 46.429323 ], [ 11.811386, 46.428483 ], [ 11.812028, 46.427619 ], [ 11.812885, 46.428732 ], [ 11.814414, 46.429438 ], [ 11.816811, 46.431021 ], [ 11.81693, 46.432375 ], [ 11.819129, 46.434659 ], [ 11.821345, 46.439389 ], [ 11.822891, 46.442953 ], [ 11.832036, 46.442339 ], [ 11.833794, 46.43994 ], [ 11.834337, 46.439563 ], [ 11.839852, 46.438778 ], [ 11.841438, 46.437733 ], [ 11.843419, 46.4367 ], [ 11.845593, 46.43599 ], [ 11.846916, 46.435375 ], [ 11.850291, 46.434161 ] ] ] } },
{ "type": "Feature", "properties": { "com_altname": null, "com_area_code": "ITA", "com_capoluogo": "No", "com_code": "22156", "com_name": "Roncegno Terme", "com_name_lower": "roncegno terme", "com_name_upper": "RONCEGNO TERME", "com_type": "Comune", "geo_point_2d": { "lat": 46.056088205112246, "lon": 11.38717914082556 }, "prov_code": "22", "prov_name": "Trento", "reg_code": "4", "reg_name": "Trentino-Alto Adige", "rip_code": "2", "rip_name": "Nord-Est", "year": "2022" }, "geometry": { "type": "Polygon", "coordinates": [ [ [ 11.351276, 46.076092 ], [ 11.349909, 46.075286 ], [ 11.3496, 46.074343 ], [ 11.347978, 46.072867 ], [ 11.345655, 46.072519 ], [ 11.343928, 46.071189 ], [ 11.342482, 46.070602 ], [ 11.341546, 46.068698 ], [ 11.341977, 46.067344 ], [ 11.341872, 46.0661 ], [ 11.342559, 46.064564 ], [ 11.342041, 46.0622 ], [ 11.341172, 46.060554 ], [ 11.343657, 46.058562 ], [ 11.346594, 46.056613 ], [ 11.344227, 46.053434 ], [ 11.346739, 46.049299 ], [ 11.347394, 46.049101 ], [ 11.350372, 46.047601 ], [ 11.352874, 46.048019 ], [ 11.355004, 46.047346 ], [ 11.356897, 46.047272 ], [ 11.35585, 46.045145 ], [ 11.357844, 46.04187 ], [ 11.3588, 46.040969 ], [ 11.36047, 46.038936 ], [ 11.362812, 46.037801 ], [ 11.364758, 46.037443 ], [ 11.366109, 46.03765 ], [ 11.36908, 46.037653 ], [ 11.37006, 46.037239 ], [ 11.371491, 46.037457 ], [ 11.372707, 46.037348 ], [ 11.373961, 46.037841 ], [ 11.378485, 46.037532 ], [ 11.379475, 46.037133 ], [ 11.381382, 46.036865 ], [ 11.382582, 46.032224 ], [ 11.383132, 46.029354 ], [ 11.383733, 46.028757 ], [ 11.385858, 46.025853 ], [ 11.384854, 46.023988 ], [ 11.382849, 46.022519 ], [ 11.38279, 46.022256 ], [ 11.384926, 46.019925 ], [ 11.386228, 46.018836 ], [ 11.387302, 46.017337 ], [ 11.388273, 46.016806 ], [ 11.392386, 46.013814 ], [ 11.395464, 46.014379 ], [ 11.39737, 46.013822 ], [ 11.399515, 46.014001 ], [ 11.402432, 46.015519 ], [ 11.405093, 46.015661 ], [ 11.406373, 46.015559 ], [ 11.408279, 46.014976 ], [ 11.409706, 46.015119 ], [ 11.410696, 46.015925 ], [ 11.412944, 46.01704 ], [ 11.415145, 46.017062 ], [ 11.415284, 46.017721 ], [ 11.416115, 46.018243 ], [ 11.417177, 46.018417 ], [ 11.420568, 46.019823 ], [ 11.415917, 46.024825 ], [ 11.414937, 46.025517 ], [ 11.416754, 46.02654 ], [ 11.41786, 46.026568 ], [ 11.42028, 46.027366 ], [ 11.41824, 46.02883 ], [ 11.419119, 46.030579 ], [ 11.418134, 46.031711 ], [ 11.421237, 46.032011 ], [ 11.421748, 46.032493 ], [ 11.424398, 46.033386 ], [ 11.423951, 46.037684 ], [ 11.422425, 46.042339 ], [ 11.425413, 46.042945 ], [ 11.428575, 46.043721 ], [ 11.430439, 46.043846 ], [ 11.429316, 46.048028 ], [ 11.428479, 46.050566 ], [ 11.426949, 46.053955 ], [ 11.426999, 46.057485 ], [ 11.4271, 46.05853 ], [ 11.426234, 46.060071 ], [ 11.426052, 46.060994 ], [ 11.426498, 46.06155 ], [ 11.42855, 46.063133 ], [ 11.427023, 46.064732 ], [ 11.424439, 46.066936 ], [ 11.422431, 46.067113 ], [ 11.418562, 46.066961 ], [ 11.416917, 46.066428 ], [ 11.415225, 46.066577 ], [ 11.415812, 46.068193 ], [ 11.416112, 46.071645 ], [ 11.412252, 46.074049 ], [ 11.410751, 46.074642 ], [ 11.406211, 46.078093 ], [ 11.404017, 46.080058 ], [ 11.399599, 46.082975 ], [ 11.398421, 46.084095 ], [ 11.393795, 46.086321 ], [ 11.392192, 46.086558 ], [ 11.390045, 46.086594 ], [ 11.388896, 46.087044 ], [ 11.387886, 46.087817 ], [ 11.387738, 46.089074 ], [ 11.387126, 46.089862 ], [ 11.386516, 46.091953 ], [ 11.386917, 46.093418 ], [ 11.384956, 46.095019 ], [ 11.382219, 46.095462 ], [ 11.380799, 46.095127 ], [ 11.379123, 46.094445 ], [ 11.378494, 46.093817 ], [ 11.377075, 46.093168 ], [ 11.374396, 46.093132 ], [ 11.373923, 46.093973 ], [ 11.371816, 46.094118 ], [ 11.370392, 46.095108 ], [ 11.369573, 46.094607 ], [ 11.363672, 46.094225 ], [ 11.362442, 46.093843 ], [ 11.36157, 46.094378 ], [ 11.359667, 46.0943 ], [ 11.358897, 46.092963 ], [ 11.358415, 46.0909 ], [ 11.357346, 46.08919 ], [ 11.3554, 46.087723 ], [ 11.355675, 46.08628 ], [ 11.355675, 46.084397 ], [ 11.355122, 46.083751 ], [ 11.355773, 46.082421 ], [ 11.355739, 46.081691 ], [ 11.354752, 46.080131 ], [ 11.353101, 46.078206 ], [ 11.352356, 46.076982 ], [ 11.351276, 46.076092 ] ] ] } },
{ "type": "Feature", "properties": { "com_altname": null, "com_area_code": "ITA", "com_capoluogo": "No", "com_code": "22085", "com_name": "Fierozzo", "com_name_lower": "fierozzo", "com_name_upper": "FIEROZZO", "com_type": "Comune", "geo_point_2d": { "lat": 46.10562045392117, "lon": 11.342306317884443 }, "prov_code": "22", "prov_name": "Trento", "reg_code": "4", "reg_name": "Trentino-Alto Adige", "rip_code": "2", "rip_name": "Nord-Est", "year": "2022" }, "geometry": { "type": "Polygon", "coordinates": [ [ [ 11.375703, 46.105152 ], [ 11.375003, 46.106655 ], [ 11.373221, 46.108601 ], [ 11.372832, 46.110303 ], [ 11.370602, 46.11247 ], [ 11.370056, 46.113251 ], [ 11.369658, 46.114713 ], [ 11.369757, 46.116921 ], [ 11.371164, 46.11777 ], [ 11.371209, 46.120037 ], [ 11.37069, 46.120747 ], [ 11.369493, 46.121318 ], [ 11.367944, 46.1227 ], [ 11.366536, 46.12352 ], [ 11.365297, 46.123885 ], [ 11.361597, 46.124529 ], [ 11.360419, 46.124321 ], [ 11.356952, 46.124711 ], [ 11.356468, 46.124572 ], [ 11.35144, 46.124899 ], [ 11.350787, 46.125647 ], [ 11.348845, 46.126544 ], [ 11.347597, 46.127739 ], [ 11.346833, 46.127704 ], [ 11.346029, 46.126924 ], [ 11.344476, 46.127478 ], [ 11.343116, 46.127217 ], [ 11.341064, 46.127587 ], [ 11.338756, 46.127238 ], [ 11.337017, 46.127452 ], [ 11.336239, 46.127027 ], [ 11.336013, 46.125691 ], [ 11.33546, 46.125413 ], [ 11.335608, 46.124724 ], [ 11.334725, 46.123641 ], [ 11.333837, 46.123628 ], [ 11.328558, 46.120262 ], [ 11.328103, 46.119831 ], [ 11.326406, 46.120159 ], [ 11.323523, 46.119223 ], [ 11.323053, 46.118701 ], [ 11.321867, 46.11852 ], [ 11.320932, 46.11779 ], [ 11.319611, 46.117357 ], [ 11.317241, 46.115939 ], [ 11.315314, 46.115241 ], [ 11.312787, 46.114036 ], [ 11.312048, 46.112742 ], [ 11.311165, 46.110348 ], [ 11.308348, 46.109119 ], [ 11.307243, 46.10787 ], [ 11.305731, 46.104568 ], [ 11.305412, 46.103186 ], [ 11.306185, 46.102593 ], [ 11.305222, 46.101872 ], [ 11.303632, 46.102241 ], [ 11.302564, 46.101081 ], [ 11.30215, 46.100219 ], [ 11.300191, 46.098941 ], [ 11.299978, 46.097398 ], [ 11.299124, 46.096265 ], [ 11.298536, 46.094655 ], [ 11.299584, 46.095071 ], [ 11.299572, 46.095838 ], [ 11.300179, 46.096598 ], [ 11.303242, 46.097456 ], [ 11.304455, 46.098692 ], [ 11.305522, 46.098569 ], [ 11.307783, 46.096741 ], [ 11.308977, 46.09675 ], [ 11.311738, 46.095595 ], [ 11.312821, 46.095461 ], [ 11.314576, 46.0947 ], [ 11.315901, 46.093856 ], [ 11.317558, 46.093805 ], [ 11.321603, 46.093116 ], [ 11.324926, 46.093892 ], [ 11.32824, 46.093535 ], [ 11.330463, 46.093023 ], [ 11.332761, 46.091859 ], [ 11.334885, 46.09112 ], [ 11.337472, 46.088753 ], [ 11.33835, 46.087095 ], [ 11.341427, 46.084414 ], [ 11.34251, 46.083294 ], [ 11.345262, 46.081789 ], [ 11.348401, 46.078656 ], [ 11.348896, 46.078376 ], [ 11.351276, 46.076092 ], [ 11.352356, 46.076982 ], [ 11.353101, 46.078206 ], [ 11.354752, 46.080131 ], [ 11.355739, 46.081691 ], [ 11.355773, 46.082421 ], [ 11.355122, 46.083751 ], [ 11.355675, 46.084397 ], [ 11.355675, 46.08628 ], [ 11.3554, 46.087723 ], [ 11.357346, 46.08919 ], [ 11.358415, 46.0909 ], [ 11.358897, 46.092963 ], [ 11.359667, 46.0943 ], [ 11.36157, 46.094378 ], [ 11.362442, 46.093843 ], [ 11.363672, 46.094225 ], [ 11.369573, 46.094607 ], [ 11.370392, 46.095108 ], [ 11.371383, 46.098128 ], [ 11.371888, 46.098177 ], [ 11.372531, 46.100203 ], [ 11.37484, 46.102636 ], [ 11.375703, 46.105152 ] ] ] } },
{ "type": "Feature", "properties": { "com_altname": null, "com_area_code": "ITA", "com_capoluogo": "No", "com_code": "22210", "com_name": "Vallarsa", "com_name_lower": "vallarsa", "com_name_upper": "VALLARSA", "com_type": "Comune", "geo_point_2d": { "lat": 45.78251056824175, "lon": 11.119277627065387 }, "prov_code": "22", "prov_name": "Trento", "reg_code": "4", "reg_name": "Trentino-Alto Adige", "rip_code": "2", "rip_name": "Nord-Est", "year": "2022" }, "geometry": { "type": "Polygon", "coordinates": [ [ [ 11.068798, 45.799287 ], [ 11.069531, 45.798849 ], [ 11.069481, 45.797221 ], [ 11.069026, 45.796714 ], [ 11.068715, 45.794392 ], [ 11.070073, 45.793246 ], [ 11.070953, 45.791738 ], [ 11.071439, 45.790098 ], [ 11.071263, 45.788798 ], [ 11.071907, 45.786197 ], [ 11.073177, 45.785937 ], [ 11.074244, 45.785103 ], [ 11.075495, 45.784529 ], [ 11.075393, 45.783956 ], [ 11.077337, 45.78246 ], [ 11.077932, 45.781684 ], [ 11.079026, 45.78133 ], [ 11.081557, 45.78121 ], [ 11.083622, 45.780541 ], [ 11.084282, 45.779307 ], [ 11.085205, 45.778396 ], [ 11.08577, 45.776137 ], [ 11.086954, 45.774397 ], [ 11.08643, 45.772512 ], [ 11.085303, 45.770704 ], [ 11.086973, 45.769689 ], [ 11.091432, 45.765117 ], [ 11.093604, 45.762491 ], [ 11.094016, 45.76093 ], [ 11.094878, 45.759398 ], [ 11.095979, 45.758279 ], [ 11.099223, 45.756646 ], [ 11.098298, 45.755843 ], [ 11.097669, 45.754842 ], [ 11.097439, 45.752472 ], [ 11.097977, 45.749989 ], [ 11.099235, 45.748598 ], [ 11.099034, 45.747713 ], [ 11.099623, 45.746239 ], [ 11.100698, 45.744769 ], [ 11.100776, 45.743686 ], [ 11.100156, 45.74218 ], [ 11.100813, 45.740821 ], [ 11.102098, 45.739086 ], [ 11.103901, 45.73743 ], [ 11.105327, 45.736447 ], [ 11.107323, 45.734488 ], [ 11.109035, 45.734258 ], [ 11.110505, 45.734575 ], [ 11.114722, 45.732275 ], [ 11.117254, 45.731407 ], [ 11.11947, 45.730893 ], [ 11.121051, 45.729663 ], [ 11.122073, 45.72801 ], [ 11.123688, 45.727772 ], [ 11.125972, 45.727791 ], [ 11.127509, 45.72716 ], [ 11.128823, 45.72584 ], [ 11.13044, 45.725004 ], [ 11.13208, 45.725512 ], [ 11.134263, 45.725305 ], [ 11.138512, 45.723963 ], [ 11.139467, 45.721189 ], [ 11.140307, 45.720819 ], [ 11.144025, 45.720139 ], [ 11.145047, 45.717931 ], [ 11.145903, 45.716945 ], [ 11.149499, 45.717396 ], [ 11.153346, 45.718439 ], [ 11.153456, 45.720904 ], [ 11.153789, 45.721332 ], [ 11.155984, 45.722791 ], [ 11.159108, 45.724191 ], [ 11.161904, 45.724663 ], [ 11.165645, 45.727009 ], [ 11.166891, 45.727614 ], [ 11.172901, 45.731762 ], [ 11.173761, 45.732165 ], [ 11.174652, 45.733107 ], [ 11.174696, 45.733905 ], [ 11.17583, 45.735251 ], [ 11.17827, 45.736481 ], [ 11.178986, 45.737372 ], [ 11.177728, 45.739042 ], [ 11.176884, 45.741165 ], [ 11.177415, 45.743257 ], [ 11.176892, 45.743771 ], [ 11.17713, 45.744721 ], [ 11.176109, 45.74721 ], [ 11.176174, 45.747794 ], [ 11.175103, 45.74876 ], [ 11.175482, 45.750155 ], [ 11.176306, 45.751621 ], [ 11.17704, 45.75344 ], [ 11.178118, 45.758684 ], [ 11.178621, 45.759696 ], [ 11.180241, 45.761853 ], [ 11.180656, 45.762907 ], [ 11.180317, 45.763382 ], [ 11.180506, 45.765938 ], [ 11.17954, 45.76723 ], [ 11.179646, 45.768461 ], [ 11.179189, 45.769767 ], [ 11.179737, 45.771925 ], [ 11.179779, 45.772855 ], [ 11.178332, 45.777344 ], [ 11.177667, 45.778349 ], [ 11.177227, 45.780454 ], [ 11.175232, 45.781506 ], [ 11.174936, 45.783835 ], [ 11.173549, 45.786671 ], [ 11.173966, 45.787081 ], [ 11.17388, 45.78778 ], [ 11.174326, 45.789327 ], [ 11.171034, 45.790434 ], [ 11.169797, 45.790985 ], [ 11.168078, 45.790911 ], [ 11.165644, 45.791138 ], [ 11.164198, 45.790808 ], [ 11.164285, 45.790373 ], [ 11.162292, 45.790439 ], [ 11.161326, 45.791089 ], [ 11.15924, 45.791822 ], [ 11.158919, 45.792334 ], [ 11.15746, 45.793405 ], [ 11.156036, 45.794134 ], [ 11.153341, 45.795947 ], [ 11.151804, 45.797415 ], [ 11.151659, 45.798161 ], [ 11.15047, 45.798862 ], [ 11.148578, 45.801062 ], [ 11.147771, 45.801174 ], [ 11.147174, 45.801935 ], [ 11.14739, 45.803321 ], [ 11.147929, 45.804852 ], [ 11.149886, 45.805405 ], [ 11.150082, 45.806275 ], [ 11.151441, 45.806212 ], [ 11.150974, 45.809045 ], [ 11.150591, 45.809812 ], [ 11.149786, 45.810035 ], [ 11.149764, 45.810983 ], [ 11.148604, 45.812321 ], [ 11.149893, 45.813268 ], [ 11.149945, 45.81475 ], [ 11.148751, 45.816695 ], [ 11.146655, 45.818108 ], [ 11.144837, 45.819522 ], [ 11.143144, 45.819405 ], [ 11.140912, 45.818817 ], [ 11.139578, 45.818734 ], [ 11.138531, 45.818207 ], [ 11.13795, 45.817025 ], [ 11.137295, 45.816952 ], [ 11.136133, 45.815928 ], [ 11.13535, 45.814857 ], [ 11.133953, 45.815205 ], [ 11.132828, 45.815094 ], [ 11.131918, 45.814427 ], [ 11.13, 45.81503 ], [ 11.129664, 45.814412 ], [ 11.128045, 45.8146 ], [ 11.126957, 45.813838 ], [ 11.124703, 45.816116 ], [ 11.123453, 45.816639 ], [ 11.122027, 45.817811 ], [ 11.120639, 45.819375 ], [ 11.11902, 45.82188 ], [ 11.117409, 45.823892 ], [ 11.115629, 45.825 ], [ 11.113671, 45.824857 ], [ 11.112132, 45.825011 ], [ 11.108662, 45.825947 ], [ 11.104718, 45.827438 ], [ 11.102384, 45.828429 ], [ 11.101898, 45.828908 ], [ 11.098816, 45.828344 ], [ 11.097114, 45.827635 ], [ 11.095678, 45.827956 ], [ 11.092264, 45.828046 ], [ 11.089422, 45.827386 ], [ 11.088834, 45.82711 ], [ 11.087147, 45.827116 ], [ 11.085826, 45.826811 ], [ 11.084846, 45.826152 ], [ 11.083995, 45.825133 ], [ 11.08371, 45.824316 ], [ 11.082043, 45.823126 ], [ 11.0805, 45.824931 ], [ 11.078384, 45.825697 ], [ 11.077882, 45.827076 ], [ 11.076824, 45.827715 ], [ 11.076778, 45.82888 ], [ 11.075836, 45.829421 ], [ 11.075573, 45.830686 ], [ 11.074347, 45.831263 ], [ 11.073777, 45.832171 ], [ 11.073903, 45.833915 ], [ 11.072316, 45.83514 ], [ 11.072659, 45.836454 ], [ 11.072453, 45.837403 ], [ 11.073067, 45.838101 ], [ 11.073391, 45.839262 ], [ 11.073011, 45.840872 ], [ 11.072178, 45.841798 ], [ 11.07188, 45.842673 ], [ 11.070398, 45.843538 ], [ 11.070613, 45.844644 ], [ 11.069033, 45.846752 ], [ 11.069214, 45.847241 ], [ 11.068117, 45.848644 ], [ 11.0682, 45.849852 ], [ 11.069503, 45.850795 ], [ 11.069342, 45.851793 ], [ 11.069608, 45.853343 ], [ 11.070616, 45.854811 ], [ 11.07014, 45.855986 ], [ 11.070662, 45.856875 ], [ 11.070144, 45.858975 ], [ 11.070615, 45.860224 ], [ 11.069055, 45.862454 ], [ 11.069196, 45.864553 ], [ 11.068715, 45.866211 ], [ 11.067668, 45.867238 ], [ 11.067363, 45.86895 ], [ 11.067831, 45.869861 ], [ 11.06772, 45.871224 ], [ 11.067043, 45.871782 ], [ 11.066597, 45.873276 ], [ 11.065474, 45.873664 ], [ 11.064599, 45.875465 ], [ 11.063542, 45.874932 ], [ 11.061708, 45.875901 ], [ 11.062296, 45.87672 ], [ 11.061632, 45.877901 ], [ 11.061335, 45.879924 ], [ 11.059519, 45.879575 ], [ 11.057741, 45.87851 ], [ 11.057143, 45.877421 ], [ 11.057595, 45.874463 ], [ 11.056952, 45.872243 ], [ 11.058317, 45.871149 ], [ 11.059672, 45.869276 ], [ 11.059951, 45.86857 ], [ 11.060081, 45.867741 ], [ 11.061143, 45.865546 ], [ 11.06093, 45.864274 ], [ 11.061401, 45.861967 ], [ 11.061041, 45.861009 ], [ 11.059838, 45.859089 ], [ 11.059468, 45.857635 ], [ 11.058149, 45.854811 ], [ 11.057034, 45.854253 ], [ 11.056212, 45.852663 ], [ 11.054834, 45.851818 ], [ 11.05454, 45.850813 ], [ 11.05325, 45.849699 ], [ 11.053459, 45.849061 ], [ 11.054491, 45.848004 ], [ 11.054609, 45.846905 ], [ 11.053484, 45.846121 ], [ 11.052889, 45.84496 ], [ 11.053214, 45.843461 ], [ 11.052974, 45.842437 ], [ 11.05322, 45.841683 ], [ 11.052994, 45.840532 ], [ 11.053599, 45.840003 ], [ 11.053838, 45.838482 ], [ 11.053507, 45.837365 ], [ 11.05263, 45.836642 ], [ 11.051352, 45.836335 ], [ 11.051797, 45.835698 ], [ 11.050696, 45.834814 ], [ 11.05046, 45.834175 ], [ 11.051184, 45.831037 ], [ 11.05195, 45.829618 ], [ 11.052024, 45.828184 ], [ 11.052446, 45.827401 ], [ 11.052713, 45.825082 ], [ 11.053732, 45.822908 ], [ 11.055382, 45.82215 ], [ 11.056, 45.82119 ], [ 11.0581, 45.819045 ], [ 11.059007, 45.817434 ], [ 11.058837, 45.816033 ], [ 11.06001, 45.815808 ], [ 11.061614, 45.814085 ], [ 11.06192, 45.813344 ], [ 11.062036, 45.811142 ], [ 11.062627, 45.810994 ], [ 11.064384, 45.807546 ], [ 11.06565, 45.806362 ], [ 11.064907, 45.805831 ], [ 11.065925, 45.804224 ], [ 11.066488, 45.802262 ], [ 11.067582, 45.801315 ], [ 11.068755, 45.799754 ], [ 11.068798, 45.799287 ] ] ] } },
{ "type": "Feature", "properties": { "com_altname": null, "com_area_code": "ITA", "com_capoluogo": "No", "com_code": "22098", "com_name": "Isera", "com_name_lower": "isera", "com_name_upper": "ISERA", "com_type": "Comune", "geo_point_2d": { "lat": 45.893070306998055, "lon": 10.997289379542346 }, "prov_code": "22", "prov_name": "Trento", "reg_code": "4", "reg_name": "Trentino-Alto Adige", "rip_code": "2", "rip_name": "Nord-Est", "year": "2022" }, "geometry": { "type": "Polygon", "coordinates": [ [ [ 11.004635, 45.918248 ], [ 11.003637, 45.91885 ], [ 11.001817, 45.919051 ], [ 11.0009, 45.919914 ], [ 11.000024, 45.920035 ], [ 10.998025, 45.920935 ], [ 10.993372, 45.921886 ], [ 10.992677, 45.920989 ], [ 10.988621, 45.920696 ], [ 10.986826, 45.921538 ], [ 10.984873, 45.921336 ], [ 10.983593, 45.921585 ], [ 10.982883, 45.920073 ], [ 10.982485, 45.919087 ], [ 10.980555, 45.916839 ], [ 10.980801, 45.916247 ], [ 10.980199, 45.915115 ], [ 10.979099, 45.914876 ], [ 10.978018, 45.91397 ], [ 10.977673, 45.912264 ], [ 10.979161, 45.910999 ], [ 10.978949, 45.909524 ], [ 10.978182, 45.908524 ], [ 10.978401, 45.907774 ], [ 10.980312, 45.905776 ], [ 10.978828, 45.9047 ], [ 10.978067, 45.903851 ], [ 10.978546, 45.902628 ], [ 10.979602, 45.902249 ], [ 10.980865, 45.901201 ], [ 10.982515, 45.900511 ], [ 10.983663, 45.898534 ], [ 10.984416, 45.898268 ], [ 10.984108, 45.897248 ], [ 10.984246, 45.896037 ], [ 10.982794, 45.89287 ], [ 10.98077, 45.887807 ], [ 10.979368, 45.885326 ], [ 10.979466, 45.884728 ], [ 10.980928, 45.884637 ], [ 10.981695, 45.884247 ], [ 10.980676, 45.883697 ], [ 10.979773, 45.88159 ], [ 10.978848, 45.880228 ], [ 10.979045, 45.879722 ], [ 10.982023, 45.877285 ], [ 10.982251, 45.876633 ], [ 10.982088, 45.874713 ], [ 10.982352, 45.873743 ], [ 10.981116, 45.872028 ], [ 10.981103, 45.871185 ], [ 10.982967, 45.868515 ], [ 10.984688, 45.867592 ], [ 10.987045, 45.867843 ], [ 10.989229, 45.868324 ], [ 10.991091, 45.868478 ], [ 10.991906, 45.869396 ], [ 10.993561, 45.870562 ], [ 10.993738, 45.871849 ], [ 10.995538, 45.87298 ], [ 10.996532, 45.872005 ], [ 10.998626, 45.870619 ], [ 11.001591, 45.868855 ], [ 11.002954, 45.868205 ], [ 11.003161, 45.866832 ], [ 11.006688, 45.866805 ], [ 11.008307, 45.867165 ], [ 11.01101, 45.868737 ], [ 11.011776, 45.869616 ], [ 11.014461, 45.873399 ], [ 11.015078, 45.874661 ], [ 11.016629, 45.876612 ], [ 11.01867, 45.879659 ], [ 11.019215, 45.881311 ], [ 11.017722, 45.882888 ], [ 11.017332, 45.883995 ], [ 11.01599, 45.885659 ], [ 11.01512, 45.887104 ], [ 11.015127, 45.889502 ], [ 11.015515, 45.890671 ], [ 11.016443, 45.89201 ], [ 11.019797, 45.894328 ], [ 11.022305, 45.896875 ], [ 11.025234, 45.898319 ], [ 11.023665, 45.899091 ], [ 11.022355, 45.89999 ], [ 11.020624, 45.900791 ], [ 11.020117, 45.900142 ], [ 11.01866, 45.900939 ], [ 11.017922, 45.900496 ], [ 11.015939, 45.901198 ], [ 11.014372, 45.901175 ], [ 11.013248, 45.899809 ], [ 11.010599, 45.899705 ], [ 11.01003, 45.897523 ], [ 11.009252, 45.896674 ], [ 11.007502, 45.895614 ], [ 11.005619, 45.895354 ], [ 11.005577, 45.897667 ], [ 11.004962, 45.898141 ], [ 11.005695, 45.899785 ], [ 11.005693, 45.90219 ], [ 11.006183, 45.903768 ], [ 11.007539, 45.905037 ], [ 11.009005, 45.905644 ], [ 11.009107, 45.906693 ], [ 11.008218, 45.907267 ], [ 11.00752, 45.908475 ], [ 11.006526, 45.90869 ], [ 11.00445, 45.909549 ], [ 11.003718, 45.910068 ], [ 11.003882, 45.911465 ], [ 11.005783, 45.915017 ], [ 11.00569, 45.916297 ], [ 11.006171, 45.916707 ], [ 11.00578, 45.917436 ], [ 11.004635, 45.918248 ] ] ] } },
{ "type": "Feature", "properties": { "com_altname": null, "com_area_code": "ITA", "com_capoluogo": "No", "com_code": "22127", "com_name": "Nogaredo", "com_name_lower": "nogaredo", "com_name_upper": "NOGAREDO", "com_type": "Comune", "geo_point_2d": { "lat": 45.90779563896477, "lon": 11.017583786543238 }, "prov_code": "22", "prov_name": "Trento", "reg_code": "4", "reg_name": "Trentino-Alto Adige", "rip_code": "2", "rip_name": "Nord-Est", "year": "2022" }, "geometry": { "type": "Polygon", "coordinates": [ [ [ 11.025234, 45.898319 ], [ 11.027201, 45.899092 ], [ 11.029071, 45.900551 ], [ 11.030172, 45.902427 ], [ 11.030742, 45.904985 ], [ 11.032362, 45.907842 ], [ 11.0336, 45.909444 ], [ 11.029466, 45.911805 ], [ 11.028833, 45.912826 ], [ 11.02715, 45.913443 ], [ 11.027605, 45.914547 ], [ 11.025317, 45.916073 ], [ 11.025113, 45.916753 ], [ 11.022817, 45.917122 ], [ 11.021524, 45.916059 ], [ 11.018857, 45.916047 ], [ 11.017876, 45.916702 ], [ 11.015848, 45.916661 ], [ 11.014777, 45.916885 ], [ 11.01356, 45.916478 ], [ 11.013017, 45.915849 ], [ 11.011967, 45.916418 ], [ 11.009952, 45.916904 ], [ 11.008857, 45.916929 ], [ 11.008, 45.917511 ], [ 11.004635, 45.918248 ], [ 11.00578, 45.917436 ], [ 11.006171, 45.916707 ], [ 11.00569, 45.916297 ], [ 11.005783, 45.915017 ], [ 11.003882, 45.911465 ], [ 11.003718, 45.910068 ], [ 11.00445, 45.909549 ], [ 11.006526, 45.90869 ], [ 11.00752, 45.908475 ], [ 11.008218, 45.907267 ], [ 11.009107, 45.906693 ], [ 11.009005, 45.905644 ], [ 11.007539, 45.905037 ], [ 11.006183, 45.903768 ], [ 11.005693, 45.90219 ], [ 11.005695, 45.899785 ], [ 11.004962, 45.898141 ], [ 11.005577, 45.897667 ], [ 11.005619, 45.895354 ], [ 11.007502, 45.895614 ], [ 11.009252, 45.896674 ], [ 11.01003, 45.897523 ], [ 11.010599, 45.899705 ], [ 11.013248, 45.899809 ], [ 11.014372, 45.901175 ], [ 11.015939, 45.901198 ], [ 11.017922, 45.900496 ], [ 11.01866, 45.900939 ], [ 11.020117, 45.900142 ], [ 11.020624, 45.900791 ], [ 11.022355, 45.89999 ], [ 11.023665, 45.899091 ], [ 11.025234, 45.898319 ] ] ] } },
{ "type": "Feature", "properties": { "com_altname": null, "com_area_code": "ITA", "com_capoluogo": "No", "com_code": "22036", "com_name": "Campitello di Fassa", "com_name_lower": "campitello di fassa", "com_name_upper": "CAMPITELLO DI FASSA", "com_type": "Comune", "geo_point_2d": { "lat": 46.49042269760076, "lon": 11.710926532339016 }, "prov_code": "22", "prov_name": "Trento", "reg_code": "4", "reg_name": "Trentino-Alto Adige", "rip_code": "2", "rip_name": "Nord-Est", "year": "2022" }, "geometry": { "type": "Polygon", "coordinates": [ [ [ 11.715832, 46.513847 ], [ 11.707013, 46.510742 ], [ 11.706387, 46.510444 ], [ 11.704686, 46.508655 ], [ 11.703232, 46.507634 ], [ 11.700412, 46.506593 ], [ 11.700411, 46.50562 ], [ 11.700853, 46.504675 ], [ 11.698179, 46.503144 ], [ 11.696967, 46.503558 ], [ 11.695334, 46.50376 ], [ 11.694287, 46.503273 ], [ 11.692476, 46.503395 ], [ 11.689322, 46.503321 ], [ 11.687295, 46.502264 ], [ 11.684762, 46.501901 ], [ 11.683978, 46.500667 ], [ 11.68329, 46.500581 ], [ 11.68085, 46.501284 ], [ 11.679659, 46.500919 ], [ 11.677483, 46.500951 ], [ 11.674795, 46.500403 ], [ 11.673983, 46.499711 ], [ 11.670635, 46.499127 ], [ 11.668779, 46.498998 ], [ 11.667907, 46.497966 ], [ 11.666094, 46.497405 ], [ 11.663345, 46.497901 ], [ 11.660367, 46.497836 ], [ 11.658733, 46.497944 ], [ 11.656621, 46.49845 ], [ 11.652722, 46.497678 ], [ 11.649195, 46.498433 ], [ 11.64502, 46.498572 ], [ 11.643461, 46.499747 ], [ 11.641355, 46.500784 ], [ 11.639356, 46.501402 ], [ 11.638562, 46.502448 ], [ 11.636673, 46.500575 ], [ 11.635336, 46.499824 ], [ 11.632808, 46.499288 ], [ 11.632078, 46.498785 ], [ 11.633509, 46.498419 ], [ 11.633942, 46.496542 ], [ 11.633444, 46.495265 ], [ 11.633484, 46.494288 ], [ 11.634832, 46.493596 ], [ 11.6379, 46.493082 ], [ 11.641949, 46.49264 ], [ 11.642491, 46.490924 ], [ 11.642163, 46.488613 ], [ 11.643627, 46.487608 ], [ 11.649599, 46.487476 ], [ 11.654275, 46.486434 ], [ 11.660727, 46.48332 ], [ 11.663994, 46.481292 ], [ 11.66767, 46.479197 ], [ 11.673522, 46.483052 ], [ 11.677561, 46.48339 ], [ 11.680536, 46.484222 ], [ 11.6816, 46.483916 ], [ 11.682434, 46.484205 ], [ 11.6844, 46.485597 ], [ 11.688145, 46.486347 ], [ 11.690564, 46.48641 ], [ 11.692408, 46.486157 ], [ 11.694086, 46.485552 ], [ 11.697584, 46.4852 ], [ 11.700244, 46.48394 ], [ 11.702273, 46.483609 ], [ 11.703322, 46.482834 ], [ 11.705227, 46.482019 ], [ 11.706318, 46.48111 ], [ 11.709244, 46.479963 ], [ 11.708794, 46.479655 ], [ 11.713748, 46.478072 ], [ 11.715809, 46.47777 ], [ 11.717535, 46.476577 ], [ 11.718875, 46.476473 ], [ 11.720904, 46.47601 ], [ 11.723394, 46.474821 ], [ 11.725412, 46.474736 ], [ 11.725834, 46.475066 ], [ 11.726942, 46.474056 ], [ 11.728166, 46.474473 ], [ 11.73046, 46.474515 ], [ 11.734035, 46.473413 ], [ 11.735875, 46.472197 ], [ 11.737025, 46.471771 ], [ 11.737638, 46.471131 ], [ 11.734522, 46.470031 ], [ 11.733791, 46.469442 ], [ 11.734243, 46.468012 ], [ 11.735904, 46.466878 ], [ 11.737914, 46.467935 ], [ 11.738747, 46.469419 ], [ 11.740106, 46.470312 ], [ 11.741256, 46.470017 ], [ 11.74156, 46.469395 ], [ 11.744126, 46.468258 ], [ 11.746634, 46.466001 ], [ 11.749986, 46.466513 ], [ 11.751944, 46.465289 ], [ 11.753205, 46.46423 ], [ 11.753224, 46.463268 ], [ 11.753916, 46.462234 ], [ 11.755648, 46.46156 ], [ 11.757372, 46.463078 ], [ 11.759751, 46.465563 ], [ 11.763545, 46.467957 ], [ 11.764498, 46.469426 ], [ 11.765448, 46.471549 ], [ 11.769275, 46.474254 ], [ 11.765416, 46.476256 ], [ 11.762222, 46.476461 ], [ 11.75904, 46.476244 ], [ 11.756362, 46.476556 ], [ 11.755217, 46.476957 ], [ 11.753521, 46.477189 ], [ 11.751037, 46.477871 ], [ 11.751509, 46.478435 ], [ 11.752705, 46.478746 ], [ 11.75409, 46.479706 ], [ 11.753801, 46.483712 ], [ 11.75331, 46.486339 ], [ 11.752863, 46.487907 ], [ 11.75309, 46.489036 ], [ 11.754225, 46.489743 ], [ 11.75571, 46.490296 ], [ 11.756216, 46.490772 ], [ 11.756661, 46.492147 ], [ 11.756605, 46.49331 ], [ 11.757141, 46.494221 ], [ 11.756866, 46.495809 ], [ 11.755384, 46.497024 ], [ 11.753086, 46.497272 ], [ 11.752015, 46.496876 ], [ 11.748989, 46.499497 ], [ 11.748482, 46.499697 ], [ 11.747784, 46.501498 ], [ 11.74524, 46.50368 ], [ 11.745074, 46.504106 ], [ 11.743593, 46.504953 ], [ 11.741602, 46.505787 ], [ 11.739805, 46.506779 ], [ 11.73615, 46.50645 ], [ 11.734856, 46.507571 ], [ 11.733484, 46.509195 ], [ 11.732864, 46.5098 ], [ 11.72575, 46.509916 ], [ 11.721419, 46.510186 ], [ 11.719836, 46.510183 ], [ 11.718546, 46.510848 ], [ 11.717747, 46.511586 ], [ 11.715832, 46.513847 ] ] ] } },
{ "type": "Feature", "properties": { "com_altname": null, "com_area_code": "ITA", "com_capoluogo": "No", "com_code": "22104", "com_name": "Levico Terme", "com_name_lower": "levico terme", "com_name_upper": "LEVICO TERME", "com_type": "Comune", "geo_point_2d": { "lat": 45.99662131052149, "lon": 11.330126923122569 }, "prov_code": "22", "prov_name": "Trento", "reg_code": "4", "reg_name": "Trentino-Alto Adige", "rip_code": "2", "rip_name": "Nord-Est", "year": "2022" }, "geometry": { "type": "Polygon", "coordinates": [ [ [ 11.334476, 46.05003 ], [ 11.332749, 46.049527 ], [ 11.332314, 46.049701 ], [ 11.327897, 46.0493 ], [ 11.325508, 46.048432 ], [ 11.322227, 46.048644 ], [ 11.320283, 46.048459 ], [ 11.317199, 46.048897 ], [ 11.313545, 46.048805 ], [ 11.312075, 46.048607 ], [ 11.31086, 46.049101 ], [ 11.308997, 46.04936 ], [ 11.307552, 46.049207 ], [ 11.306166, 46.047126 ], [ 11.304001, 46.044376 ], [ 11.299462, 46.038425 ], [ 11.299112, 46.035856 ], [ 11.296972, 46.035393 ], [ 11.29467, 46.035082 ], [ 11.292988, 46.0351 ], [ 11.291736, 46.034607 ], [ 11.288757, 46.035307 ], [ 11.286199, 46.033299 ], [ 11.278708, 46.027726 ], [ 11.277039, 46.026604 ], [ 11.272624, 46.023372 ], [ 11.272018, 46.022788 ], [ 11.271211, 46.022866 ], [ 11.26959, 46.023946 ], [ 11.269455, 46.024773 ], [ 11.26731, 46.026899 ], [ 11.267404, 46.02815 ], [ 11.266832, 46.028222 ], [ 11.266187, 46.028443 ], [ 11.264755, 46.028207 ], [ 11.26521, 46.026817 ], [ 11.267073, 46.024536 ], [ 11.269341, 46.022909 ], [ 11.269946, 46.022104 ], [ 11.269878, 46.021407 ], [ 11.270338, 46.020134 ], [ 11.270309, 46.019291 ], [ 11.271696, 46.016727 ], [ 11.27342, 46.015254 ], [ 11.273615, 46.014582 ], [ 11.274602, 46.013251 ], [ 11.275681, 46.012313 ], [ 11.276044, 46.011518 ], [ 11.275885, 46.010746 ], [ 11.274346, 46.009993 ], [ 11.272806, 46.008985 ], [ 11.274126, 46.008358 ], [ 11.276002, 46.007154 ], [ 11.279917, 46.005264 ], [ 11.281297, 46.004932 ], [ 11.283183, 46.004114 ], [ 11.284803, 46.00393 ], [ 11.28685, 46.002322 ], [ 11.291223, 45.999112 ], [ 11.294001, 45.996968 ], [ 11.295693, 45.995353 ], [ 11.30252, 45.99013 ], [ 11.302767, 45.986138 ], [ 11.30283, 45.982399 ], [ 11.303837, 45.981571 ], [ 11.303458, 45.980618 ], [ 11.302338, 45.979984 ], [ 11.302652, 45.979371 ], [ 11.302072, 45.978835 ], [ 11.301437, 45.977253 ], [ 11.299625, 45.976074 ], [ 11.299576, 45.975193 ], [ 11.298526, 45.974759 ], [ 11.297924, 45.973706 ], [ 11.298153, 45.972863 ], [ 11.297329, 45.971339 ], [ 11.297188, 45.970475 ], [ 11.298987, 45.968469 ], [ 11.298933, 45.967592 ], [ 11.300027, 45.966552 ], [ 11.299162, 45.965308 ], [ 11.300146, 45.963825 ], [ 11.299696, 45.963055 ], [ 11.301827, 45.961648 ], [ 11.304039, 45.962343 ], [ 11.305418, 45.96237 ], [ 11.306259, 45.963505 ], [ 11.308122, 45.963671 ], [ 11.309109, 45.964052 ], [ 11.309605, 45.965088 ], [ 11.311436, 45.965055 ], [ 11.312002, 45.965898 ], [ 11.313244, 45.96638 ], [ 11.314534, 45.966125 ], [ 11.314832, 45.965669 ], [ 11.314523, 45.963411 ], [ 11.314503, 45.961569 ], [ 11.315232, 45.960699 ], [ 11.31545, 45.960579 ], [ 11.317764, 45.955847 ], [ 11.3191, 45.953466 ], [ 11.320184, 45.950932 ], [ 11.32004, 45.950533 ], [ 11.322584, 45.949094 ], [ 11.324637, 45.947642 ], [ 11.326028, 45.947086 ], [ 11.329935, 45.94614 ], [ 11.332316, 45.94572 ], [ 11.336049, 45.94546 ], [ 11.346996, 45.946347 ], [ 11.348947, 45.944629 ], [ 11.358296, 45.943663 ], [ 11.365213, 45.9423 ], [ 11.367177, 45.942155 ], [ 11.371457, 45.942216 ], [ 11.37673, 45.94351 ], [ 11.378107, 45.943398 ], [ 11.381811, 45.942463 ], [ 11.382376, 45.948323 ], [ 11.382862, 45.950519 ], [ 11.383307, 45.951031 ], [ 11.38264, 45.952864 ], [ 11.381276, 45.953928 ], [ 11.379558, 45.954682 ], [ 11.378295, 45.95597 ], [ 11.377944, 45.95672 ], [ 11.378003, 45.958019 ], [ 11.377703, 45.959155 ], [ 11.376224, 45.960661 ], [ 11.376423, 45.961679 ], [ 11.375733, 45.963169 ], [ 11.37555, 45.96413 ], [ 11.376284, 45.966496 ], [ 11.374925, 45.967277 ], [ 11.374294, 45.968159 ], [ 11.373526, 45.969889 ], [ 11.373364, 45.970986 ], [ 11.372396, 45.973169 ], [ 11.372617, 45.97605 ], [ 11.37303, 45.979416 ], [ 11.373376, 45.983214 ], [ 11.372221, 45.98294 ], [ 11.372045, 45.984605 ], [ 11.370525, 45.987626 ], [ 11.369987, 45.988271 ], [ 11.368217, 45.991564 ], [ 11.367302, 45.992368 ], [ 11.367032, 45.99368 ], [ 11.365626, 45.995362 ], [ 11.363684, 45.995701 ], [ 11.362102, 45.997786 ], [ 11.361071, 45.999435 ], [ 11.360547, 46.000654 ], [ 11.361085, 46.000865 ], [ 11.360856, 46.001791 ], [ 11.360871, 46.003699 ], [ 11.361202, 46.004279 ], [ 11.360432, 46.005711 ], [ 11.361484, 46.006227 ], [ 11.362973, 46.006399 ], [ 11.363645, 46.006103 ], [ 11.366255, 46.00663 ], [ 11.366155, 46.008096 ], [ 11.36449, 46.010199 ], [ 11.362427, 46.012538 ], [ 11.361031, 46.014873 ], [ 11.358343, 46.018919 ], [ 11.357862, 46.019962 ], [ 11.357073, 46.025979 ], [ 11.356531, 46.027125 ], [ 11.355103, 46.028921 ], [ 11.352886, 46.030932 ], [ 11.352319, 46.031761 ], [ 11.352346, 46.033838 ], [ 11.352051, 46.036855 ], [ 11.352017, 46.041081 ], [ 11.35061, 46.044287 ], [ 11.347147, 46.046689 ], [ 11.345179, 46.04834 ], [ 11.343061, 46.049331 ], [ 11.337855, 46.04964 ], [ 11.334476, 46.05003 ] ] ] } },
{ "type": "Feature", "properties": { "com_altname": null, "com_area_code": "ITA", "com_capoluogo": "No", "com_code": "22009", "com_name": "Baselga di Pinè", "com_name_lower": "baselga di pinè", "com_name_upper": "BASELGA DI PINÈ", "com_type": "Comune", "geo_point_2d": { "lat": 46.14054818396369, "lon": 11.281543686758933 }, "prov_code": "22", "prov_name": "Trento", "reg_code": "4", "reg_name": "Trentino-Alto Adige", "rip_code": "2", "rip_name": "Nord-Est", "year": "2022" }, "geometry": { "type": "MultiPolygon", "coordinates": [ [ [ [ 11.217071, 46.11032 ], [ 11.218355, 46.109872 ], [ 11.221094, 46.109664 ], [ 11.221688, 46.10777 ], [ 11.221386, 46.106157 ], [ 11.221891, 46.105339 ], [ 11.222007, 46.102859 ], [ 11.221453, 46.100079 ], [ 11.220768, 46.098456 ], [ 11.220446, 46.096596 ], [ 11.21977, 46.095457 ], [ 11.221305, 46.094096 ], [ 11.223534, 46.091821 ], [ 11.223729, 46.090666 ], [ 11.225169, 46.089795 ], [ 11.227162, 46.090066 ], [ 11.227969, 46.090963 ], [ 11.230044, 46.091937 ], [ 11.231166, 46.093062 ], [ 11.23242, 46.093788 ], [ 11.235295, 46.09497 ], [ 11.237301, 46.096708 ], [ 11.238662, 46.097385 ], [ 11.240114, 46.097448 ], [ 11.241075, 46.098659 ], [ 11.245423, 46.098974 ], [ 11.246083, 46.099279 ], [ 11.250509, 46.099842 ], [ 11.25224, 46.099916 ], [ 11.25535, 46.101342 ], [ 11.260679, 46.100849 ], [ 11.262405, 46.103179 ], [ 11.264784, 46.103805 ], [ 11.266764, 46.104497 ], [ 11.267419, 46.104731 ], [ 11.27124, 46.10675 ], [ 11.272254, 46.107128 ], [ 11.273606, 46.109236 ], [ 11.273709, 46.109902 ], [ 11.275198, 46.113747 ], [ 11.275391, 46.114605 ], [ 11.280032, 46.12111 ], [ 11.282785, 46.124622 ], [ 11.286588, 46.126416 ], [ 11.288708, 46.129541 ], [ 11.289774, 46.131977 ], [ 11.293299, 46.135165 ], [ 11.29721, 46.137906 ], [ 11.29659, 46.139558 ], [ 11.296678, 46.140403 ], [ 11.297558, 46.142653 ], [ 11.293275, 46.14523 ], [ 11.291937, 46.146141 ], [ 11.288491, 46.147086 ], [ 11.28737, 46.147812 ], [ 11.285806, 46.147661 ], [ 11.284728, 46.148252 ], [ 11.283799, 46.149789 ], [ 11.281747, 46.150334 ], [ 11.280328, 46.149871 ], [ 11.280157, 46.15094 ], [ 11.278275, 46.152415 ], [ 11.273792, 46.15245 ], [ 11.272935, 46.152742 ], [ 11.271907, 46.153655 ], [ 11.272198, 46.154196 ], [ 11.273863, 46.155524 ], [ 11.274172, 46.156296 ], [ 11.272762, 46.15717 ], [ 11.268937, 46.159903 ], [ 11.269874, 46.161012 ], [ 11.272278, 46.163043 ], [ 11.27391, 46.164801 ], [ 11.273646, 46.165229 ], [ 11.276076, 46.172083 ], [ 11.270498, 46.172561 ], [ 11.270343, 46.171514 ], [ 11.264411, 46.1718 ], [ 11.258496, 46.167246 ], [ 11.257843, 46.166581 ], [ 11.257429, 46.165213 ], [ 11.257369, 46.163257 ], [ 11.256981, 46.161384 ], [ 11.257717, 46.160975 ], [ 11.25829, 46.159856 ], [ 11.258348, 46.157813 ], [ 11.257831, 46.157679 ], [ 11.254193, 46.157849 ], [ 11.254003, 46.157255 ], [ 11.25246, 46.157968 ], [ 11.251481, 46.159817 ], [ 11.248978, 46.158979 ], [ 11.244531, 46.156763 ], [ 11.241429, 46.153456 ], [ 11.240884, 46.153094 ], [ 11.237986, 46.153146 ], [ 11.235851, 46.153418 ], [ 11.234889, 46.152339 ], [ 11.232664, 46.14911 ], [ 11.231775, 46.14724 ], [ 11.230994, 46.144653 ], [ 11.229223, 46.14194 ], [ 11.228531, 46.140571 ], [ 11.226975, 46.139762 ], [ 11.226363, 46.138143 ], [ 11.227299, 46.136419 ], [ 11.227557, 46.135009 ], [ 11.225298, 46.135053 ], [ 11.225777, 46.133243 ], [ 11.223958, 46.130892 ], [ 11.223009, 46.130204 ], [ 11.220467, 46.12943 ], [ 11.21943, 46.128599 ], [ 11.219091, 46.127885 ], [ 11.220388, 46.127228 ], [ 11.218485, 46.124949 ], [ 11.218394, 46.123877 ], [ 11.219289, 46.12242 ], [ 11.220906, 46.122668 ], [ 11.223098, 46.120505 ], [ 11.2228, 46.118556 ], [ 11.221231, 46.116945 ], [ 11.220695, 46.115766 ], [ 11.218939, 46.113015 ], [ 11.217071, 46.11032 ] ] ], [ [ [ 11.344062, 46.185987 ], [ 11.34093, 46.18548 ], [ 11.339342, 46.18452 ], [ 11.337732, 46.184084 ], [ 11.336137, 46.183188 ], [ 11.33404, 46.182677 ], [ 11.335181, 46.180826 ], [ 11.335012, 46.179835 ], [ 11.335292, 46.178292 ], [ 11.334292, 46.176641 ], [ 11.333559, 46.174533 ], [ 11.334429, 46.171869 ], [ 11.335939, 46.169394 ], [ 11.336966, 46.168259 ], [ 11.33883, 46.166795 ], [ 11.340404, 46.166348 ], [ 11.342197, 46.165338 ], [ 11.344449, 46.164411 ], [ 11.363444, 46.154043 ], [ 11.364055, 46.15449 ], [ 11.366433, 46.157546 ], [ 11.369728, 46.157585 ], [ 11.371605, 46.157425 ], [ 11.374315, 46.158097 ], [ 11.376229, 46.158993 ], [ 11.377709, 46.160255 ], [ 11.378996, 46.160268 ], [ 11.381265, 46.161168 ], [ 11.38219, 46.162255 ], [ 11.384247, 46.163261 ], [ 11.38818, 46.165932 ], [ 11.388137, 46.167403 ], [ 11.392116, 46.168226 ], [ 11.392458, 46.169363 ], [ 11.390144, 46.171008 ], [ 11.388611, 46.171928 ], [ 11.384955, 46.174592 ], [ 11.38356, 46.175082 ], [ 11.382319, 46.177139 ], [ 11.381246, 46.181412 ], [ 11.381831, 46.184771 ], [ 11.381388, 46.185055 ], [ 11.380805, 46.185116 ], [ 11.372852, 46.185167 ], [ 11.367431, 46.18496 ], [ 11.364922, 46.184159 ], [ 11.358386, 46.184179 ], [ 11.355897, 46.184912 ], [ 11.352061, 46.184042 ], [ 11.351523, 46.184615 ], [ 11.349322, 46.184524 ], [ 11.348324, 46.185063 ], [ 11.344062, 46.185987 ] ] ] ] } },
{ "type": "Feature", "properties": { "com_altname": null, "com_area_code": "ITA", "com_capoluogo": "No", "com_code": "22235", "com_name": "Altavalle", "com_name_lower": "altavalle", "com_name_upper": "ALTAVALLE", "com_type": "Comune", "geo_point_2d": { "lat": 46.22353754058554, "lon": 11.267656723454829 }, "prov_code": "22", "prov_name": "Trento", "reg_code": "4", "reg_name": "Trentino-Alto Adige", "rip_code": "2", "rip_name": "Nord-Est", "year": "2022" }, "geometry": { "type": "Polygon", "coordinates": [ [ [ 11.305616, 46.258767 ], [ 11.303509, 46.259006 ], [ 11.297901, 46.260131 ], [ 11.292089, 46.261373 ], [ 11.290808, 46.261547 ], [ 11.28712, 46.2592 ], [ 11.285669, 46.258608 ], [ 11.284314, 46.257334 ], [ 11.280899, 46.254819 ], [ 11.28022, 46.254203 ], [ 11.276865, 46.251867 ], [ 11.275164, 46.251901 ], [ 11.270465, 46.24753 ], [ 11.267374, 46.244455 ], [ 11.265357, 46.242686 ], [ 11.263434, 46.241653 ], [ 11.260231, 46.240902 ], [ 11.257248, 46.239345 ], [ 11.254523, 46.238518 ], [ 11.252127, 46.235662 ], [ 11.248945, 46.232817 ], [ 11.246646, 46.230266 ], [ 11.240906, 46.228804 ], [ 11.237059, 46.227682 ], [ 11.232782, 46.226708 ], [ 11.217134, 46.222544 ], [ 11.207436, 46.219897 ], [ 11.206429, 46.219772 ], [ 11.207013, 46.219293 ], [ 11.209794, 46.217876 ], [ 11.215095, 46.215802 ], [ 11.21623, 46.215573 ], [ 11.218871, 46.214235 ], [ 11.222475, 46.211622 ], [ 11.222589, 46.208537 ], [ 11.224125, 46.206289 ], [ 11.224477, 46.205423 ], [ 11.224687, 46.201877 ], [ 11.226053, 46.199668 ], [ 11.22859, 46.197154 ], [ 11.229285, 46.195935 ], [ 11.229369, 46.19475 ], [ 11.231316, 46.19367 ], [ 11.234775, 46.193691 ], [ 11.234734, 46.190883 ], [ 11.234194, 46.187572 ], [ 11.234792, 46.184458 ], [ 11.232386, 46.183923 ], [ 11.23147, 46.183934 ], [ 11.229944, 46.183369 ], [ 11.226862, 46.182724 ], [ 11.227454, 46.181736 ], [ 11.230448, 46.179921 ], [ 11.230572, 46.178661 ], [ 11.232308, 46.177347 ], [ 11.233038, 46.176409 ], [ 11.233884, 46.175982 ], [ 11.23611, 46.175759 ], [ 11.238405, 46.175746 ], [ 11.240446, 46.17619 ], [ 11.241269, 46.174977 ], [ 11.241922, 46.175374 ], [ 11.242374, 46.176435 ], [ 11.243561, 46.177187 ], [ 11.24393, 46.178359 ], [ 11.246208, 46.180505 ], [ 11.246818, 46.183627 ], [ 11.247374, 46.184648 ], [ 11.247701, 46.187447 ], [ 11.248607, 46.187851 ], [ 11.249746, 46.187828 ], [ 11.250551, 46.188692 ], [ 11.251132, 46.189906 ], [ 11.251012, 46.190888 ], [ 11.250076, 46.19248 ], [ 11.250925, 46.195428 ], [ 11.25088, 46.196353 ], [ 11.252458, 46.197823 ], [ 11.252987, 46.199959 ], [ 11.252091, 46.201336 ], [ 11.252522, 46.201899 ], [ 11.254354, 46.202479 ], [ 11.258, 46.202569 ], [ 11.259572, 46.202331 ], [ 11.261649, 46.202911 ], [ 11.262581, 46.202955 ], [ 11.263639, 46.203524 ], [ 11.267035, 46.201652 ], [ 11.268512, 46.202595 ], [ 11.269135, 46.203748 ], [ 11.271849, 46.203159 ], [ 11.275379, 46.204155 ], [ 11.276369, 46.205116 ], [ 11.278521, 46.20641 ], [ 11.277137, 46.208273 ], [ 11.277527, 46.208851 ], [ 11.279008, 46.208898 ], [ 11.283956, 46.209816 ], [ 11.285175, 46.210237 ], [ 11.286454, 46.211768 ], [ 11.286247, 46.213069 ], [ 11.289713, 46.213377 ], [ 11.290484, 46.213146 ], [ 11.291126, 46.213727 ], [ 11.296208, 46.214736 ], [ 11.297522, 46.215079 ], [ 11.298573, 46.21598 ], [ 11.299105, 46.218242 ], [ 11.301602, 46.219578 ], [ 11.304599, 46.22017 ], [ 11.304201, 46.221114 ], [ 11.303474, 46.221885 ], [ 11.305303, 46.223396 ], [ 11.306581, 46.225436 ], [ 11.308586, 46.22643 ], [ 11.308661, 46.226987 ], [ 11.306699, 46.228093 ], [ 11.306767, 46.2286 ], [ 11.309609, 46.230266 ], [ 11.311088, 46.231307 ], [ 11.312562, 46.233015 ], [ 11.313583, 46.233516 ], [ 11.316583, 46.237042 ], [ 11.316975, 46.237767 ], [ 11.318438, 46.241702 ], [ 11.319329, 46.243178 ], [ 11.320594, 46.244408 ], [ 11.32136, 46.244839 ], [ 11.319589, 46.246539 ], [ 11.318139, 46.249115 ], [ 11.317156, 46.250526 ], [ 11.3161, 46.252608 ], [ 11.314881, 46.253003 ], [ 11.311602, 46.25517 ], [ 11.309704, 46.257114 ], [ 11.307643, 46.257784 ], [ 11.305616, 46.258767 ] ] ] } },
{ "type": "Feature", "properties": { "com_altname": null, "com_area_code": "ITA", "com_capoluogo": "No", "com_code": "22114", "com_name": "Mezzana", "com_name_lower": "mezzana", "com_name_upper": "MEZZANA", "com_type": "Comune", "geo_point_2d": { "lat": 46.32251139749899, "lon": 10.800508705746957 }, "prov_code": "22", "prov_name": "Trento", "reg_code": "4", "reg_name": "Trentino-Alto Adige", "rip_code": "2", "rip_name": "Nord-Est", "year": "2022" }, "geometry": { "type": "Polygon", "coordinates": [ [ [ 10.786489, 46.366297 ], [ 10.786488, 46.365208 ], [ 10.786104, 46.362735 ], [ 10.785229, 46.360436 ], [ 10.783799, 46.35867 ], [ 10.783495, 46.357909 ], [ 10.781706, 46.355393 ], [ 10.780702, 46.353636 ], [ 10.78032, 46.351986 ], [ 10.780084, 46.349766 ], [ 10.780008, 46.347198 ], [ 10.781068, 46.346182 ], [ 10.779945, 46.345717 ], [ 10.778999, 46.345855 ], [ 10.7771, 46.344832 ], [ 10.773729, 46.343732 ], [ 10.771688, 46.342846 ], [ 10.772542, 46.340336 ], [ 10.772297, 46.339321 ], [ 10.772627, 46.336312 ], [ 10.772993, 46.335582 ], [ 10.774191, 46.334382 ], [ 10.775027, 46.333168 ], [ 10.774793, 46.330521 ], [ 10.774026, 46.328928 ], [ 10.77237, 46.327644 ], [ 10.772108, 46.326817 ], [ 10.773567, 46.325928 ], [ 10.774107, 46.325249 ], [ 10.775352, 46.324628 ], [ 10.777668, 46.323902 ], [ 10.779523, 46.323751 ], [ 10.781998, 46.323798 ], [ 10.782977, 46.323637 ], [ 10.781945, 46.32247 ], [ 10.787215, 46.321239 ], [ 10.787758, 46.320907 ], [ 10.788324, 46.318816 ], [ 10.787559, 46.317747 ], [ 10.786032, 46.317139 ], [ 10.785342, 46.316283 ], [ 10.782973, 46.315917 ], [ 10.782992, 46.315119 ], [ 10.783896, 46.315191 ], [ 10.784062, 46.314422 ], [ 10.786156, 46.313901 ], [ 10.786914, 46.309656 ], [ 10.787898, 46.305367 ], [ 10.788202, 46.302688 ], [ 10.78906, 46.300837 ], [ 10.788905, 46.29932 ], [ 10.789756, 46.297972 ], [ 10.790627, 46.295523 ], [ 10.790657, 46.2947 ], [ 10.791269, 46.292256 ], [ 10.79283, 46.283974 ], [ 10.793274, 46.28109 ], [ 10.79382, 46.275382 ], [ 10.794099, 46.273357 ], [ 10.792591, 46.271783 ], [ 10.791604, 46.270369 ], [ 10.790569, 46.269606 ], [ 10.790304, 46.268929 ], [ 10.790652, 46.26811 ], [ 10.792703, 46.265981 ], [ 10.793997, 46.266246 ], [ 10.796437, 46.268338 ], [ 10.799446, 46.269093 ], [ 10.802037, 46.268343 ], [ 10.803159, 46.268367 ], [ 10.805117, 46.269103 ], [ 10.806954, 46.27044 ], [ 10.809052, 46.271174 ], [ 10.810768, 46.2726 ], [ 10.812614, 46.273798 ], [ 10.812955, 46.275415 ], [ 10.814517, 46.277232 ], [ 10.815018, 46.280605 ], [ 10.814398, 46.281545 ], [ 10.814594, 46.282673 ], [ 10.814237, 46.28536 ], [ 10.817663, 46.288551 ], [ 10.818304, 46.289775 ], [ 10.817622, 46.291313 ], [ 10.818818, 46.292875 ], [ 10.81876, 46.294719 ], [ 10.81901, 46.295365 ], [ 10.818625, 46.296158 ], [ 10.819302, 46.297988 ], [ 10.818303, 46.299104 ], [ 10.817087, 46.301532 ], [ 10.816885, 46.304023 ], [ 10.817721, 46.305857 ], [ 10.818086, 46.308124 ], [ 10.817966, 46.309564 ], [ 10.818116, 46.311326 ], [ 10.817056, 46.313248 ], [ 10.816508, 46.316876 ], [ 10.815778, 46.319064 ], [ 10.816901, 46.319446 ], [ 10.818531, 46.319402 ], [ 10.818811, 46.320143 ], [ 10.817292, 46.32327 ], [ 10.817399, 46.324878 ], [ 10.819542, 46.325421 ], [ 10.822197, 46.327128 ], [ 10.823616, 46.328759 ], [ 10.82415, 46.33042 ], [ 10.825543, 46.33038 ], [ 10.825159, 46.33136 ], [ 10.825158, 46.332766 ], [ 10.825492, 46.334569 ], [ 10.8254, 46.335429 ], [ 10.824676, 46.336129 ], [ 10.82294, 46.339143 ], [ 10.823112, 46.341126 ], [ 10.822678, 46.344246 ], [ 10.822969, 46.345349 ], [ 10.822428, 46.346838 ], [ 10.822198, 46.349738 ], [ 10.820919, 46.351074 ], [ 10.819001, 46.352573 ], [ 10.817374, 46.353604 ], [ 10.815675, 46.354361 ], [ 10.812146, 46.357388 ], [ 10.811341, 46.357844 ], [ 10.811299, 46.359122 ], [ 10.810714, 46.360244 ], [ 10.806414, 46.360302 ], [ 10.80459, 46.360621 ], [ 10.801685, 46.361502 ], [ 10.802562, 46.363141 ], [ 10.801993, 46.364648 ], [ 10.801555, 46.366515 ], [ 10.799815, 46.369354 ], [ 10.798503, 46.369736 ], [ 10.797159, 46.369619 ], [ 10.79508, 46.368684 ], [ 10.790019, 46.367324 ], [ 10.786678, 46.367125 ], [ 10.786489, 46.366297 ] ] ] } },
{ "type": "Feature", "properties": { "com_altname": null, "com_area_code": "ITA", "com_capoluogo": "No", "com_code": "22113", "com_name": "Mazzin", "com_name_lower": "mazzin", "com_name_upper": "MAZZIN", "com_type": "Comune", "geo_point_2d": { "lat": 46.46523872613174, "lon": 11.707109338893673 }, "prov_code": "22", "prov_name": "Trento", "reg_code": "4", "reg_name": "Trentino-Alto Adige", "rip_code": "2", "rip_name": "Nord-Est", "year": "2022" }, "geometry": { "type": "Polygon", "coordinates": [ [ [ 11.758839, 46.440125 ], [ 11.760215, 46.441082 ], [ 11.761263, 46.442299 ], [ 11.762063, 46.443636 ], [ 11.762513, 46.445264 ], [ 11.762755, 46.448278 ], [ 11.762309, 46.449141 ], [ 11.763246, 46.450926 ], [ 11.763442, 46.451758 ], [ 11.764155, 46.452667 ], [ 11.763906, 46.454061 ], [ 11.762392, 46.455874 ], [ 11.762588, 46.456703 ], [ 11.760741, 46.45724 ], [ 11.760088, 46.458233 ], [ 11.759007, 46.459223 ], [ 11.757352, 46.460203 ], [ 11.755648, 46.46156 ], [ 11.753916, 46.462234 ], [ 11.753224, 46.463268 ], [ 11.753205, 46.46423 ], [ 11.751944, 46.465289 ], [ 11.749986, 46.466513 ], [ 11.746634, 46.466001 ], [ 11.744126, 46.468258 ], [ 11.74156, 46.469395 ], [ 11.741256, 46.470017 ], [ 11.740106, 46.470312 ], [ 11.738747, 46.469419 ], [ 11.737914, 46.467935 ], [ 11.735904, 46.466878 ], [ 11.734243, 46.468012 ], [ 11.733791, 46.469442 ], [ 11.734522, 46.470031 ], [ 11.737638, 46.471131 ], [ 11.737025, 46.471771 ], [ 11.735875, 46.472197 ], [ 11.734035, 46.473413 ], [ 11.73046, 46.474515 ], [ 11.728166, 46.474473 ], [ 11.726942, 46.474056 ], [ 11.725834, 46.475066 ], [ 11.725412, 46.474736 ], [ 11.723394, 46.474821 ], [ 11.720904, 46.47601 ], [ 11.718875, 46.476473 ], [ 11.717535, 46.476577 ], [ 11.715809, 46.47777 ], [ 11.713748, 46.478072 ], [ 11.708794, 46.479655 ], [ 11.709244, 46.479963 ], [ 11.706318, 46.48111 ], [ 11.705227, 46.482019 ], [ 11.703322, 46.482834 ], [ 11.702273, 46.483609 ], [ 11.700244, 46.48394 ], [ 11.697584, 46.4852 ], [ 11.694086, 46.485552 ], [ 11.692408, 46.486157 ], [ 11.690564, 46.48641 ], [ 11.688145, 46.486347 ], [ 11.6844, 46.485597 ], [ 11.682434, 46.484205 ], [ 11.6816, 46.483916 ], [ 11.680536, 46.484222 ], [ 11.677561, 46.48339 ], [ 11.673522, 46.483052 ], [ 11.66767, 46.479197 ], [ 11.663994, 46.481292 ], [ 11.660727, 46.48332 ], [ 11.654275, 46.486434 ], [ 11.649599, 46.487476 ], [ 11.643627, 46.487608 ], [ 11.644642, 46.487403 ], [ 11.647917, 46.485767 ], [ 11.650062, 46.483752 ], [ 11.650061, 46.482871 ], [ 11.647468, 46.481835 ], [ 11.644578, 46.472821 ], [ 11.644807, 46.471753 ], [ 11.646615, 46.470985 ], [ 11.648657, 46.470551 ], [ 11.652095, 46.470668 ], [ 11.654531, 46.471151 ], [ 11.657881, 46.471231 ], [ 11.661022, 46.468921 ], [ 11.660621, 46.46748 ], [ 11.662116, 46.46602 ], [ 11.663629, 46.466111 ], [ 11.665647, 46.46668 ], [ 11.670387, 46.467182 ], [ 11.670029, 46.465444 ], [ 11.67011, 46.462589 ], [ 11.669842, 46.461092 ], [ 11.674686, 46.459476 ], [ 11.675446, 46.459314 ], [ 11.677495, 46.45941 ], [ 11.68568, 46.460334 ], [ 11.686787, 46.460056 ], [ 11.689094, 46.458247 ], [ 11.691785, 46.457095 ], [ 11.694288, 46.455839 ], [ 11.69602, 46.454511 ], [ 11.696974, 46.453534 ], [ 11.699241, 46.451699 ], [ 11.700121, 46.451588 ], [ 11.70231, 46.450834 ], [ 11.703278, 46.450919 ], [ 11.704312, 46.449716 ], [ 11.707292, 46.448893 ], [ 11.70973, 46.446538 ], [ 11.7133, 46.444573 ], [ 11.714561, 46.4437 ], [ 11.715585, 46.445171 ], [ 11.716519, 46.445458 ], [ 11.718384, 46.44672 ], [ 11.719129, 46.447555 ], [ 11.720038, 46.447763 ], [ 11.721198, 46.448862 ], [ 11.723012, 46.449093 ], [ 11.7241, 46.448565 ], [ 11.726345, 46.448159 ], [ 11.727802, 46.447258 ], [ 11.730622, 46.447369 ], [ 11.732113, 46.447154 ], [ 11.735049, 46.447539 ], [ 11.737369, 46.447351 ], [ 11.738841, 46.446495 ], [ 11.739324, 46.445513 ], [ 11.740404, 46.444341 ], [ 11.742398, 46.44435 ], [ 11.744287, 46.444803 ], [ 11.746764, 46.444946 ], [ 11.750315, 46.444979 ], [ 11.751789, 46.444434 ], [ 11.753017, 46.443575 ], [ 11.753322, 46.442973 ], [ 11.754815, 46.441773 ], [ 11.757761, 46.440343 ], [ 11.758839, 46.440125 ] ] ] } },
{ "type": "Feature", "properties": { "com_altname": null, "com_area_code": "ITA", "com_capoluogo": "No", "com_code": "22130", "com_name": "Ospedaletto", "com_name_lower": "ospedaletto", "com_name_upper": "OSPEDALETTO", "com_type": "Comune", "geo_point_2d": { "lat": 46.03147145851112, "lon": 11.570239584501996 }, "prov_code": "22", "prov_name": "Trento", "reg_code": "4", "reg_name": "Trentino-Alto Adige", "rip_code": "2", "rip_name": "Nord-Est", "year": "2022" }, "geometry": { "type": "Polygon", "coordinates": [ [ [ 11.580747, 46.063144 ], [ 11.577027, 46.061103 ], [ 11.575059, 46.060184 ], [ 11.574355, 46.059361 ], [ 11.573412, 46.05894 ], [ 11.567033, 46.055062 ], [ 11.563137, 46.052349 ], [ 11.561123, 46.051887 ], [ 11.554297, 46.049574 ], [ 11.553483, 46.048575 ], [ 11.550516, 46.047737 ], [ 11.547626, 46.047501 ], [ 11.54362, 46.046418 ], [ 11.54823, 46.04466 ], [ 11.549845, 46.041893 ], [ 11.54874, 46.040648 ], [ 11.548272, 46.039086 ], [ 11.547759, 46.032432 ], [ 11.54745, 46.02964 ], [ 11.548178, 46.027424 ], [ 11.548209, 46.026259 ], [ 11.548597, 46.025374 ], [ 11.548103, 46.023007 ], [ 11.54809, 46.019263 ], [ 11.546426, 46.014412 ], [ 11.545714, 46.01318 ], [ 11.544522, 46.011758 ], [ 11.546007, 46.011726 ], [ 11.548389, 46.012247 ], [ 11.549693, 46.011653 ], [ 11.551924, 46.011263 ], [ 11.553092, 46.012087 ], [ 11.554251, 46.011905 ], [ 11.558356, 46.009304 ], [ 11.560991, 46.008432 ], [ 11.562426, 46.007399 ], [ 11.565004, 46.007328 ], [ 11.56583, 46.006229 ], [ 11.567002, 46.005744 ], [ 11.56943, 46.00588 ], [ 11.570939, 46.007499 ], [ 11.572757, 46.006713 ], [ 11.574368, 46.005727 ], [ 11.575205, 46.00584 ], [ 11.576038, 46.006516 ], [ 11.57723, 46.00652 ], [ 11.580299, 46.008984 ], [ 11.584615, 46.009161 ], [ 11.586855, 46.01305 ], [ 11.587431, 46.013579 ], [ 11.589408, 46.016795 ], [ 11.592097, 46.022226 ], [ 11.593273, 46.024341 ], [ 11.593363, 46.024884 ], [ 11.595646, 46.027318 ], [ 11.599487, 46.031755 ], [ 11.599701, 46.032402 ], [ 11.598255, 46.033097 ], [ 11.589779, 46.037577 ], [ 11.589108, 46.039578 ], [ 11.588321, 46.040699 ], [ 11.588891, 46.042855 ], [ 11.588235, 46.043318 ], [ 11.582951, 46.044636 ], [ 11.58151, 46.045449 ], [ 11.58141, 46.047463 ], [ 11.582085, 46.0491 ], [ 11.581806, 46.05064 ], [ 11.582853, 46.05165 ], [ 11.584309, 46.053592 ], [ 11.585567, 46.054692 ], [ 11.585627, 46.056776 ], [ 11.586175, 46.057923 ], [ 11.584745, 46.060798 ], [ 11.584706, 46.061811 ], [ 11.584153, 46.062782 ], [ 11.582995, 46.063198 ], [ 11.580747, 46.063144 ] ] ] } },
{ "type": "Feature", "properties": { "com_altname": null, "com_area_code": "ITA", "com_capoluogo": "No", "com_code": "22169", "com_name": "Sanzeno", "com_name_lower": "sanzeno", "com_name_upper": "SANZENO", "com_type": "Comune", "geo_point_2d": { "lat": 46.37464229403394, "lon": 11.072166835373308 }, "prov_code": "22", "prov_name": "Trento", "reg_code": "4", "reg_name": "Trentino-Alto Adige", "rip_code": "2", "rip_name": "Nord-Est", "year": "2022" }, "geometry": { "type": "Polygon", "coordinates": [ [ [ 11.099971, 46.392219 ], [ 11.098466, 46.391408 ], [ 11.096533, 46.39129 ], [ 11.093291, 46.391422 ], [ 11.092303, 46.390589 ], [ 11.090488, 46.39078 ], [ 11.089175, 46.391654 ], [ 11.086027, 46.392787 ], [ 11.084567, 46.392058 ], [ 11.083809, 46.390267 ], [ 11.082302, 46.389971 ], [ 11.080058, 46.391105 ], [ 11.079067, 46.392401 ], [ 11.077555, 46.390062 ], [ 11.074234, 46.388916 ], [ 11.072198, 46.387927 ], [ 11.0702, 46.385713 ], [ 11.06901, 46.385555 ], [ 11.068055, 46.38505 ], [ 11.067153, 46.385786 ], [ 11.065667, 46.386061 ], [ 11.064065, 46.385356 ], [ 11.062187, 46.382398 ], [ 11.061652, 46.380832 ], [ 11.059931, 46.379216 ], [ 11.057796, 46.378598 ], [ 11.057403, 46.378024 ], [ 11.055382, 46.377876 ], [ 11.053077, 46.376707 ], [ 11.053284, 46.375268 ], [ 11.052258, 46.371475 ], [ 11.053235, 46.367016 ], [ 11.053718, 46.366364 ], [ 11.054109, 46.365871 ], [ 11.054615, 46.361429 ], [ 11.055049, 46.360089 ], [ 11.055973, 46.358444 ], [ 11.056503, 46.358006 ], [ 11.058422, 46.356068 ], [ 11.061211, 46.355168 ], [ 11.063373, 46.354904 ], [ 11.065871, 46.354283 ], [ 11.068375, 46.354111 ], [ 11.068898, 46.35682 ], [ 11.071628, 46.359358 ], [ 11.073009, 46.359409 ], [ 11.073648, 46.35974 ], [ 11.075094, 46.362463 ], [ 11.078631, 46.364658 ], [ 11.080208, 46.366573 ], [ 11.079968, 46.36696 ], [ 11.081705, 46.367765 ], [ 11.083237, 46.369249 ], [ 11.083416, 46.370398 ], [ 11.082883, 46.371348 ], [ 11.083483, 46.37248 ], [ 11.083199, 46.3729 ], [ 11.084115, 46.373742 ], [ 11.084884, 46.373971 ], [ 11.085103, 46.376262 ], [ 11.08573, 46.377007 ], [ 11.086021, 46.378032 ], [ 11.085568, 46.378607 ], [ 11.08773, 46.38138 ], [ 11.088885, 46.381454 ], [ 11.090755, 46.381924 ], [ 11.091883, 46.383491 ], [ 11.093409, 46.384858 ], [ 11.094352, 46.38512 ], [ 11.09537, 46.385916 ], [ 11.096706, 46.385833 ], [ 11.098992, 46.388514 ], [ 11.101129, 46.389325 ], [ 11.100592, 46.391945 ], [ 11.099971, 46.392219 ] ] ] } },
{ "type": "Feature", "properties": { "com_altname": null, "com_area_code": "ITA", "com_capoluogo": "No", "com_code": "22051", "com_name": "Cavareno", "com_name_lower": "cavareno", "com_name_upper": "CAVARENO", "com_type": "Comune", "geo_point_2d": { "lat": 46.40651794141742, "lon": 11.173919216103624 }, "prov_code": "22", "prov_name": "Trento", "reg_code": "4", "reg_name": "Trentino-Alto Adige", "rip_code": "2", "rip_name": "Nord-Est", "year": "2022" }, "geometry": { "type": "Polygon", "coordinates": [ [ [ 11.130958, 46.401242 ], [ 11.131514, 46.400624 ], [ 11.133014, 46.399746 ], [ 11.134614, 46.399743 ], [ 11.136866, 46.3993 ], [ 11.137254, 46.399536 ], [ 11.139634, 46.399433 ], [ 11.143039, 46.400706 ], [ 11.144597, 46.401059 ], [ 11.146846, 46.401912 ], [ 11.149512, 46.402051 ], [ 11.152113, 46.402484 ], [ 11.155301, 46.403886 ], [ 11.159883, 46.404569 ], [ 11.16368, 46.405532 ], [ 11.16564, 46.406172 ], [ 11.167431, 46.406532 ], [ 11.169808, 46.406267 ], [ 11.172759, 46.405153 ], [ 11.173945, 46.404991 ], [ 11.17401, 46.403662 ], [ 11.174578, 46.402756 ], [ 11.177342, 46.399468 ], [ 11.178262, 46.396458 ], [ 11.182552, 46.396295 ], [ 11.180256, 46.397612 ], [ 11.179646, 46.399114 ], [ 11.180017, 46.401082 ], [ 11.18255, 46.402406 ], [ 11.187171, 46.403231 ], [ 11.189192, 46.403692 ], [ 11.191138, 46.403673 ], [ 11.192335, 46.403227 ], [ 11.193406, 46.40182 ], [ 11.19469, 46.401274 ], [ 11.197722, 46.400648 ], [ 11.19889, 46.399118 ], [ 11.199046, 46.39831 ], [ 11.201382, 46.395799 ], [ 11.203012, 46.394233 ], [ 11.204979, 46.391891 ], [ 11.206931, 46.390175 ], [ 11.205488, 46.388502 ], [ 11.206813, 46.387527 ], [ 11.209718, 46.388708 ], [ 11.210242, 46.389081 ], [ 11.20954, 46.39061 ], [ 11.209231, 46.391935 ], [ 11.21006, 46.392626 ], [ 11.211495, 46.392274 ], [ 11.212378, 46.393499 ], [ 11.21245, 46.396107 ], [ 11.212955, 46.39698 ], [ 11.214438, 46.396955 ], [ 11.214777, 46.397813 ], [ 11.213517, 46.399786 ], [ 11.213389, 46.401242 ], [ 11.214786, 46.403361 ], [ 11.215088, 46.404656 ], [ 11.214726, 46.406015 ], [ 11.215231, 46.406813 ], [ 11.213288, 46.409024 ], [ 11.209833, 46.412552 ], [ 11.209394, 46.413379 ], [ 11.20935, 46.414568 ], [ 11.208549, 46.415555 ], [ 11.207212, 46.416644 ], [ 11.203302, 46.415724 ], [ 11.200967, 46.414972 ], [ 11.199468, 46.415604 ], [ 11.197735, 46.415705 ], [ 11.196512, 46.415063 ], [ 11.195426, 46.415119 ], [ 11.194593, 46.414433 ], [ 11.192555, 46.414176 ], [ 11.190692, 46.412636 ], [ 11.189144, 46.411869 ], [ 11.188863, 46.410975 ], [ 11.187276, 46.41042 ], [ 11.185808, 46.410979 ], [ 11.18412, 46.411313 ], [ 11.180308, 46.410607 ], [ 11.178503, 46.411024 ], [ 11.176184, 46.41101 ], [ 11.173975, 46.411272 ], [ 11.172545, 46.411651 ], [ 11.171865, 46.410849 ], [ 11.170808, 46.410667 ], [ 11.16853, 46.409121 ], [ 11.165992, 46.410151 ], [ 11.166557, 46.411814 ], [ 11.168409, 46.413993 ], [ 11.165264, 46.414376 ], [ 11.162637, 46.414538 ], [ 11.160764, 46.414956 ], [ 11.155039, 46.414641 ], [ 11.153908, 46.414393 ], [ 11.151058, 46.412979 ], [ 11.150414, 46.413496 ], [ 11.146126, 46.4144 ], [ 11.145338, 46.414189 ], [ 11.143624, 46.414397 ], [ 11.143124, 46.415163 ], [ 11.14167, 46.414879 ], [ 11.140243, 46.415108 ], [ 11.137902, 46.414981 ], [ 11.137648, 46.414271 ], [ 11.136277, 46.414368 ], [ 11.136166, 46.414802 ], [ 11.13463, 46.414628 ], [ 11.131874, 46.415773 ], [ 11.129927, 46.414158 ], [ 11.128838, 46.412923 ], [ 11.127368, 46.411785 ], [ 11.125285, 46.409506 ], [ 11.123801, 46.407216 ], [ 11.125605, 46.406409 ], [ 11.126328, 46.405851 ], [ 11.125969, 46.404885 ], [ 11.128364, 46.405093 ], [ 11.129412, 46.40434 ], [ 11.13064, 46.402463 ], [ 11.130958, 46.401242 ] ] ] } },
{ "type": "Feature", "properties": { "com_altname": null, "com_area_code": "ITA", "com_capoluogo": "No", "com_code": "22033", "com_name": "Caldes", "com_name_lower": "caldes", "com_name_upper": "CALDES", "com_type": "Comune", "geo_point_2d": { "lat": 46.37634201172639, "lon": 10.95689339816919 }, "prov_code": "22", "prov_name": "Trento", "reg_code": "4", "reg_name": "Trentino-Alto Adige", "rip_code": "2", "rip_name": "Nord-Est", "year": "2022" }, "geometry": { "type": "Polygon", "coordinates": [ [ [ 10.969277, 46.399628 ], [ 10.956884, 46.398919 ], [ 10.955649, 46.399119 ], [ 10.953443, 46.399909 ], [ 10.952754, 46.39957 ], [ 10.950001, 46.39882 ], [ 10.946329, 46.398782 ], [ 10.945077, 46.398479 ], [ 10.943638, 46.398463 ], [ 10.940922, 46.397931 ], [ 10.939155, 46.397825 ], [ 10.93337, 46.39686 ], [ 10.93225, 46.396153 ], [ 10.931326, 46.395966 ], [ 10.929979, 46.394544 ], [ 10.929784, 46.39378 ], [ 10.928304, 46.392036 ], [ 10.927759, 46.391757 ], [ 10.925646, 46.391657 ], [ 10.924363, 46.3919 ], [ 10.923868, 46.391599 ], [ 10.920503, 46.390993 ], [ 10.917779, 46.390153 ], [ 10.916243, 46.388719 ], [ 10.918999, 46.385776 ], [ 10.919999, 46.385065 ], [ 10.921743, 46.382931 ], [ 10.923561, 46.38113 ], [ 10.926941, 46.378548 ], [ 10.929285, 46.373292 ], [ 10.930927, 46.370338 ], [ 10.932839, 46.367284 ], [ 10.932216, 46.366732 ], [ 10.932614, 46.365376 ], [ 10.934035, 46.363779 ], [ 10.933664, 46.362001 ], [ 10.935228, 46.361546 ], [ 10.936998, 46.359391 ], [ 10.935922, 46.358832 ], [ 10.93426, 46.358445 ], [ 10.93414, 46.357921 ], [ 10.93663, 46.355628 ], [ 10.937396, 46.355817 ], [ 10.938352, 46.35667 ], [ 10.94046, 46.357271 ], [ 10.942264, 46.356604 ], [ 10.9438, 46.357263 ], [ 10.944521, 46.356072 ], [ 10.946206, 46.355292 ], [ 10.946976, 46.354037 ], [ 10.949205, 46.349446 ], [ 10.946897, 46.34697 ], [ 10.947237, 46.346 ], [ 10.949785, 46.342431 ], [ 10.949265, 46.340314 ], [ 10.949216, 46.339296 ], [ 10.949657, 46.337896 ], [ 10.952347, 46.335737 ], [ 10.954221, 46.333778 ], [ 10.955389, 46.331934 ], [ 10.959749, 46.332989 ], [ 10.960672, 46.335759 ], [ 10.962119, 46.339265 ], [ 10.964129, 46.343028 ], [ 10.965746, 46.345273 ], [ 10.96797, 46.347677 ], [ 10.969163, 46.349244 ], [ 10.967728, 46.350706 ], [ 10.966883, 46.351097 ], [ 10.96663, 46.351766 ], [ 10.964838, 46.353235 ], [ 10.962833, 46.354218 ], [ 10.9606, 46.354974 ], [ 10.95981, 46.355747 ], [ 10.956613, 46.357063 ], [ 10.956713, 46.357591 ], [ 10.951866, 46.361288 ], [ 10.950582, 46.36173 ], [ 10.95058, 46.362291 ], [ 10.948144, 46.365382 ], [ 10.950887, 46.367366 ], [ 10.9535, 46.368578 ], [ 10.955546, 46.369785 ], [ 10.957242, 46.371146 ], [ 10.960668, 46.372494 ], [ 10.961724, 46.372704 ], [ 10.963074, 46.372468 ], [ 10.965365, 46.373067 ], [ 10.967202, 46.374491 ], [ 10.969798, 46.372833 ], [ 10.97085, 46.371677 ], [ 10.974336, 46.370614 ], [ 10.978655, 46.369608 ], [ 10.979163, 46.369366 ], [ 10.981321, 46.368145 ], [ 10.983682, 46.366536 ], [ 10.98538, 46.368216 ], [ 10.986677, 46.369024 ], [ 10.992011, 46.370101 ], [ 10.994668, 46.371384 ], [ 10.993886, 46.37399 ], [ 10.993171, 46.377138 ], [ 10.993582, 46.379918 ], [ 10.993395, 46.3815 ], [ 10.992876, 46.382393 ], [ 10.993417, 46.383364 ], [ 10.992604, 46.385595 ], [ 10.992629, 46.386044 ], [ 10.997071, 46.387223 ], [ 10.998958, 46.388277 ], [ 11.000042, 46.388515 ], [ 11.002273, 46.390037 ], [ 11.00235, 46.392176 ], [ 11.001778, 46.39293 ], [ 10.997492, 46.391294 ], [ 10.995441, 46.390731 ], [ 10.995201, 46.391067 ], [ 10.992359, 46.392653 ], [ 10.989752, 46.390884 ], [ 10.988904, 46.39071 ], [ 10.988785, 46.39166 ], [ 10.985585, 46.393428 ], [ 10.983272, 46.394222 ], [ 10.979207, 46.395935 ], [ 10.978903, 46.395115 ], [ 10.977151, 46.394325 ], [ 10.976576, 46.394604 ], [ 10.974293, 46.394855 ], [ 10.972681, 46.394028 ], [ 10.97126, 46.393926 ], [ 10.971023, 46.394528 ], [ 10.968977, 46.395936 ], [ 10.96942, 46.398526 ], [ 10.969277, 46.399628 ] ] ] } },
{ "type": "Feature", "properties": { "com_altname": null, "com_area_code": "ITA", "com_capoluogo": "No", "com_code": "22129", "com_name": "Novaledo", "com_name_lower": "novaledo", "com_name_upper": "NOVALEDO", "com_type": "Comune", "geo_point_2d": { "lat": 46.02868009952939, "lon": 11.366470822141276 }, "prov_code": "22", "prov_name": "Trento", "reg_code": "4", "reg_name": "Trentino-Alto Adige", "rip_code": "2", "rip_name": "Nord-Est", "year": "2022" }, "geometry": { "type": "Polygon", "coordinates": [ [ [ 11.392386, 46.013814 ], [ 11.388273, 46.016806 ], [ 11.387302, 46.017337 ], [ 11.386228, 46.018836 ], [ 11.384926, 46.019925 ], [ 11.38279, 46.022256 ], [ 11.382849, 46.022519 ], [ 11.384854, 46.023988 ], [ 11.385858, 46.025853 ], [ 11.383733, 46.028757 ], [ 11.383132, 46.029354 ], [ 11.382582, 46.032224 ], [ 11.381382, 46.036865 ], [ 11.379475, 46.037133 ], [ 11.378485, 46.037532 ], [ 11.373961, 46.037841 ], [ 11.372707, 46.037348 ], [ 11.371491, 46.037457 ], [ 11.37006, 46.037239 ], [ 11.36908, 46.037653 ], [ 11.366109, 46.03765 ], [ 11.364758, 46.037443 ], [ 11.362812, 46.037801 ], [ 11.36047, 46.038936 ], [ 11.3588, 46.040969 ], [ 11.357844, 46.04187 ], [ 11.35585, 46.045145 ], [ 11.356897, 46.047272 ], [ 11.355004, 46.047346 ], [ 11.352874, 46.048019 ], [ 11.350372, 46.047601 ], [ 11.347394, 46.049101 ], [ 11.346739, 46.049299 ], [ 11.344227, 46.053434 ], [ 11.346594, 46.056613 ], [ 11.343657, 46.058562 ], [ 11.341172, 46.060554 ], [ 11.340359, 46.059458 ], [ 11.339001, 46.058225 ], [ 11.33839, 46.057047 ], [ 11.33756, 46.056331 ], [ 11.336276, 46.054645 ], [ 11.336288, 46.054061 ], [ 11.335172, 46.051243 ], [ 11.334476, 46.05003 ], [ 11.337855, 46.04964 ], [ 11.343061, 46.049331 ], [ 11.345179, 46.04834 ], [ 11.347147, 46.046689 ], [ 11.35061, 46.044287 ], [ 11.352017, 46.041081 ], [ 11.352051, 46.036855 ], [ 11.352346, 46.033838 ], [ 11.352319, 46.031761 ], [ 11.352886, 46.030932 ], [ 11.355103, 46.028921 ], [ 11.356531, 46.027125 ], [ 11.357073, 46.025979 ], [ 11.357862, 46.019962 ], [ 11.358343, 46.018919 ], [ 11.361031, 46.014873 ], [ 11.362427, 46.012538 ], [ 11.36449, 46.010199 ], [ 11.366155, 46.008096 ], [ 11.368084, 46.008985 ], [ 11.369366, 46.00931 ], [ 11.370112, 46.009101 ], [ 11.370803, 46.009888 ], [ 11.374173, 46.010516 ], [ 11.375607, 46.011015 ], [ 11.377503, 46.010785 ], [ 11.379762, 46.010873 ], [ 11.380598, 46.011444 ], [ 11.383824, 46.011764 ], [ 11.385844, 46.012482 ], [ 11.392386, 46.013814 ] ] ] } },
{ "type": "Feature", "properties": { "com_altname": null, "com_area_code": "ITA", "com_capoluogo": "No", "com_code": "22079", "com_name": "Dro", "com_name_lower": "dro", "com_name_upper": "DRO", "com_type": "Comune", "geo_point_2d": { "lat": 45.99028904008356, "lon": 10.923824687532495 }, "prov_code": "22", "prov_name": "Trento", "reg_code": "4", "reg_name": "Trentino-Alto Adige", "rip_code": "2", "rip_name": "Nord-Est", "year": "2022" }, "geometry": { "type": "Polygon", "coordinates": [ [ [ 10.946174, 45.975183 ], [ 10.947088, 45.975955 ], [ 10.951887, 45.978754 ], [ 10.948558, 45.981088 ], [ 10.94713, 45.982372 ], [ 10.94706, 45.984339 ], [ 10.946295, 45.985159 ], [ 10.944337, 45.989171 ], [ 10.943084, 45.991376 ], [ 10.94247, 45.991747 ], [ 10.942617, 45.992864 ], [ 10.943218, 45.993622 ], [ 10.943232, 45.99433 ], [ 10.944503, 45.995677 ], [ 10.945782, 45.997826 ], [ 10.946759, 45.998514 ], [ 10.946829, 45.999653 ], [ 10.948085, 46.001612 ], [ 10.949105, 46.00356 ], [ 10.949266, 46.004406 ], [ 10.951022, 46.006468 ], [ 10.952145, 46.007521 ], [ 10.954031, 46.010499 ], [ 10.953969, 46.011016 ], [ 10.955999, 46.01587 ], [ 10.955671, 46.01677 ], [ 10.954188, 46.018791 ], [ 10.953346, 46.019078 ], [ 10.952476, 46.019882 ], [ 10.95041, 46.020834 ], [ 10.949286, 46.021915 ], [ 10.948708, 46.021742 ], [ 10.947735, 46.02245 ], [ 10.948905, 46.023211 ], [ 10.950263, 46.025738 ], [ 10.949899, 46.027353 ], [ 10.951155, 46.027467 ], [ 10.953558, 46.02643 ], [ 10.955959, 46.032308 ], [ 10.948149, 46.034615 ], [ 10.944955, 46.035361 ], [ 10.940731, 46.036884 ], [ 10.939555, 46.035753 ], [ 10.938196, 46.035988 ], [ 10.936948, 46.034787 ], [ 10.935451, 46.035258 ], [ 10.934307, 46.034848 ], [ 10.932444, 46.034751 ], [ 10.931524, 46.034122 ], [ 10.93029, 46.033925 ], [ 10.928824, 46.032418 ], [ 10.928632, 46.030853 ], [ 10.927406, 46.027403 ], [ 10.926934, 46.026888 ], [ 10.924757, 46.026523 ], [ 10.923123, 46.025395 ], [ 10.920135, 46.025142 ], [ 10.920148, 46.023546 ], [ 10.918319, 46.024172 ], [ 10.917267, 46.023847 ], [ 10.91703, 46.023129 ], [ 10.915316, 46.023668 ], [ 10.914122, 46.022279 ], [ 10.913929, 46.020856 ], [ 10.912542, 46.017935 ], [ 10.912407, 46.017118 ], [ 10.911494, 46.015122 ], [ 10.911591, 46.012721 ], [ 10.913149, 46.01101 ], [ 10.913042, 46.009632 ], [ 10.913321, 46.0088 ], [ 10.912682, 46.008074 ], [ 10.911446, 46.007834 ], [ 10.912177, 46.006991 ], [ 10.911037, 46.005074 ], [ 10.911193, 46.00419 ], [ 10.910011, 46.003516 ], [ 10.910667, 46.001718 ], [ 10.909458, 46.000325 ], [ 10.908711, 46.000067 ], [ 10.908657, 45.999089 ], [ 10.907803, 45.998918 ], [ 10.906122, 45.998071 ], [ 10.905183, 45.997233 ], [ 10.904564, 45.995726 ], [ 10.903299, 45.995291 ], [ 10.902744, 45.994423 ], [ 10.901541, 45.993445 ], [ 10.899507, 45.991369 ], [ 10.8997, 45.990184 ], [ 10.902635, 45.989219 ], [ 10.904984, 45.987759 ], [ 10.909364, 45.984745 ], [ 10.91066, 45.984167 ], [ 10.912712, 45.982759 ], [ 10.912842, 45.98182 ], [ 10.911427, 45.980629 ], [ 10.911736, 45.979505 ], [ 10.90943, 45.978543 ], [ 10.908207, 45.978435 ], [ 10.906037, 45.977148 ], [ 10.904068, 45.976244 ], [ 10.901118, 45.974359 ], [ 10.900678, 45.973571 ], [ 10.89751, 45.970882 ], [ 10.894886, 45.968912 ], [ 10.894234, 45.967746 ], [ 10.892344, 45.965867 ], [ 10.891362, 45.964609 ], [ 10.891377, 45.964193 ], [ 10.890229, 45.963374 ], [ 10.88937, 45.961397 ], [ 10.88817, 45.960513 ], [ 10.887923, 45.959755 ], [ 10.88697, 45.958917 ], [ 10.888249, 45.958043 ], [ 10.888792, 45.954763 ], [ 10.88811, 45.954282 ], [ 10.888155, 45.953481 ], [ 10.88939, 45.952808 ], [ 10.888407, 45.950544 ], [ 10.888766, 45.949531 ], [ 10.887998, 45.948776 ], [ 10.892057, 45.947365 ], [ 10.893732, 45.946611 ], [ 10.895298, 45.94618 ], [ 10.896297, 45.945241 ], [ 10.895484, 45.944351 ], [ 10.894526, 45.942444 ], [ 10.892736, 45.939317 ], [ 10.892175, 45.938641 ], [ 10.890896, 45.936355 ], [ 10.891099, 45.935437 ], [ 10.892501, 45.935672 ], [ 10.89435, 45.937795 ], [ 10.897244, 45.940531 ], [ 10.899189, 45.942781 ], [ 10.900676, 45.946533 ], [ 10.901278, 45.947791 ], [ 10.902032, 45.947425 ], [ 10.902619, 45.946062 ], [ 10.902466, 45.945255 ], [ 10.901308, 45.943667 ], [ 10.899911, 45.942382 ], [ 10.899878, 45.941403 ], [ 10.901366, 45.941616 ], [ 10.902905, 45.945747 ], [ 10.903728, 45.945622 ], [ 10.906804, 45.943863 ], [ 10.908467, 45.943372 ], [ 10.909279, 45.944532 ], [ 10.908507, 45.945198 ], [ 10.909051, 45.947287 ], [ 10.911245, 45.949823 ], [ 10.914149, 45.952629 ], [ 10.915283, 45.951856 ], [ 10.916088, 45.952613 ], [ 10.916288, 45.953937 ], [ 10.917641, 45.954239 ], [ 10.919996, 45.955595 ], [ 10.919725, 45.956326 ], [ 10.920792, 45.956938 ], [ 10.921965, 45.958173 ], [ 10.925385, 45.960824 ], [ 10.927252, 45.962154 ], [ 10.927294, 45.962465 ], [ 10.929482, 45.963986 ], [ 10.931052, 45.965461 ], [ 10.930792, 45.966248 ], [ 10.932163, 45.967925 ], [ 10.933358, 45.969037 ], [ 10.933796, 45.969922 ], [ 10.936604, 45.971114 ], [ 10.938434, 45.972091 ], [ 10.940723, 45.972233 ], [ 10.942264, 45.972973 ], [ 10.944673, 45.974565 ], [ 10.946174, 45.975183 ] ] ] } },
{ "type": "Feature", "properties": { "com_altname": null, "com_area_code": "ITA", "com_capoluogo": "No", "com_code": "22182", "com_name": "Stenico", "com_name_lower": "stenico", "com_name_upper": "STENICO", "com_type": "Comune", "geo_point_2d": { "lat": 46.097178956819185, "lon": 10.840265040970463 }, "prov_code": "22", "prov_name": "Trento", "reg_code": "4", "reg_name": "Trentino-Alto Adige", "rip_code": "2", "rip_name": "Nord-Est", "year": "2022" }, "geometry": { "type": "MultiPolygon", "coordinates": [ [ [ [ 10.847785, 46.113341 ], [ 10.844458, 46.113058 ], [ 10.841941, 46.113188 ], [ 10.83885, 46.113503 ], [ 10.837701, 46.113803 ], [ 10.833394, 46.11409 ], [ 10.83124, 46.114548 ], [ 10.827952, 46.115589 ], [ 10.823817, 46.116722 ], [ 10.820817, 46.117204 ], [ 10.813826, 46.118842 ], [ 10.809202, 46.118383 ], [ 10.809055, 46.116563 ], [ 10.809456, 46.116007 ], [ 10.808948, 46.114218 ], [ 10.809446, 46.113701 ], [ 10.808974, 46.111608 ], [ 10.809354, 46.110292 ], [ 10.810399, 46.107982 ], [ 10.811556, 46.106847 ], [ 10.811752, 46.105512 ], [ 10.810553, 46.10544 ], [ 10.809643, 46.10622 ], [ 10.809313, 46.107476 ], [ 10.806736, 46.108829 ], [ 10.804529, 46.109241 ], [ 10.803149, 46.110096 ], [ 10.800419, 46.109329 ], [ 10.797949, 46.109293 ], [ 10.796078, 46.109501 ], [ 10.794723, 46.110098 ], [ 10.788662, 46.111467 ], [ 10.787624, 46.111808 ], [ 10.787212, 46.110139 ], [ 10.78842, 46.107028 ], [ 10.787959, 46.106134 ], [ 10.789655, 46.103176 ], [ 10.789973, 46.101677 ], [ 10.7912, 46.099783 ], [ 10.790796, 46.098951 ], [ 10.789415, 46.097718 ], [ 10.78855, 46.096108 ], [ 10.787346, 46.094899 ], [ 10.786412, 46.092165 ], [ 10.785828, 46.091832 ], [ 10.785507, 46.090438 ], [ 10.784647, 46.089694 ], [ 10.784675, 46.087687 ], [ 10.784919, 46.086525 ], [ 10.785637, 46.085769 ], [ 10.785797, 46.084598 ], [ 10.793484, 46.085653 ], [ 10.796838, 46.086052 ], [ 10.798555, 46.086099 ], [ 10.800074, 46.086484 ], [ 10.802129, 46.085973 ], [ 10.804138, 46.086312 ], [ 10.807162, 46.086021 ], [ 10.809277, 46.085402 ], [ 10.808915, 46.084754 ], [ 10.809973, 46.083311 ], [ 10.810412, 46.082244 ], [ 10.810148, 46.081652 ], [ 10.811372, 46.080097 ], [ 10.811929, 46.078197 ], [ 10.811852, 46.07762 ], [ 10.813157, 46.07587 ], [ 10.813945, 46.074016 ], [ 10.81466, 46.07339 ], [ 10.815456, 46.073306 ], [ 10.816643, 46.072174 ], [ 10.816544, 46.070879 ], [ 10.817851, 46.070252 ], [ 10.818349, 46.069019 ], [ 10.817751, 46.068439 ], [ 10.818803, 46.067487 ], [ 10.818904, 46.066326 ], [ 10.818466, 46.065292 ], [ 10.819218, 46.064516 ], [ 10.818726, 46.063401 ], [ 10.819456, 46.062145 ], [ 10.818937, 46.061247 ], [ 10.819538, 46.060314 ], [ 10.818793, 46.058955 ], [ 10.81805, 46.058382 ], [ 10.817676, 46.056915 ], [ 10.816002, 46.056422 ], [ 10.815598, 46.05604 ], [ 10.815375, 46.054804 ], [ 10.814599, 46.053835 ], [ 10.817152, 46.053271 ], [ 10.820217, 46.053568 ], [ 10.821848, 46.053512 ], [ 10.823331, 46.053129 ], [ 10.824777, 46.053404 ], [ 10.827497, 46.054413 ], [ 10.828937, 46.054497 ], [ 10.830526, 46.053942 ], [ 10.8323, 46.053958 ], [ 10.834313, 46.053281 ], [ 10.836176, 46.053134 ], [ 10.837893, 46.053517 ], [ 10.840219, 46.05314 ], [ 10.841319, 46.052509 ], [ 10.846285, 46.05145 ], [ 10.847098, 46.049547 ], [ 10.848107, 46.04769 ], [ 10.849098, 46.046909 ], [ 10.848994, 46.045864 ], [ 10.850094, 46.044603 ], [ 10.850658, 46.042863 ], [ 10.851705, 46.041517 ], [ 10.854522, 46.039907 ], [ 10.857918, 46.038814 ], [ 10.860495, 46.038162 ], [ 10.862754, 46.037843 ], [ 10.865544, 46.037854 ], [ 10.867017, 46.03802 ], [ 10.869916, 46.037387 ], [ 10.872535, 46.037417 ], [ 10.873815, 46.037042 ], [ 10.875463, 46.037584 ], [ 10.876715, 46.039685 ], [ 10.876721, 46.040797 ], [ 10.877285, 46.041663 ], [ 10.878425, 46.042072 ], [ 10.884448, 46.041835 ], [ 10.886587, 46.042625 ], [ 10.888433, 46.044176 ], [ 10.890143, 46.044391 ], [ 10.891292, 46.04558 ], [ 10.893618, 46.04654 ], [ 10.895707, 46.046818 ], [ 10.89676, 46.047644 ], [ 10.897508, 46.048706 ], [ 10.899716, 46.050462 ], [ 10.900688, 46.052553 ], [ 10.903449, 46.054745 ], [ 10.9037, 46.055629 ], [ 10.904482, 46.05659 ], [ 10.902993, 46.058924 ], [ 10.901185, 46.059072 ], [ 10.897857, 46.058572 ], [ 10.896078, 46.058537 ], [ 10.894466, 46.057403 ], [ 10.892835, 46.056642 ], [ 10.891117, 46.05849 ], [ 10.890309, 46.059653 ], [ 10.88956, 46.059316 ], [ 10.886986, 46.059236 ], [ 10.887046, 46.060602 ], [ 10.886822, 46.062023 ], [ 10.887254, 46.062299 ], [ 10.88615, 46.063498 ], [ 10.883303, 46.065826 ], [ 10.88182, 46.067709 ], [ 10.882632, 46.07022 ], [ 10.883294, 46.070725 ], [ 10.883253, 46.072057 ], [ 10.882604, 46.072428 ], [ 10.882393, 46.073509 ], [ 10.880302, 46.075493 ], [ 10.879321, 46.077164 ], [ 10.87859, 46.077628 ], [ 10.874274, 46.077947 ], [ 10.870346, 46.078663 ], [ 10.867973, 46.07828 ], [ 10.867375, 46.078359 ], [ 10.865145, 46.079669 ], [ 10.864618, 46.080156 ], [ 10.863653, 46.082311 ], [ 10.860208, 46.085982 ], [ 10.859291, 46.088242 ], [ 10.859047, 46.089345 ], [ 10.859884, 46.091984 ], [ 10.855849, 46.090536 ], [ 10.852388, 46.091229 ], [ 10.848124, 46.09015 ], [ 10.843229, 46.088742 ], [ 10.842013, 46.089245 ], [ 10.840528, 46.090659 ], [ 10.843516, 46.091906 ], [ 10.843605, 46.093018 ], [ 10.843254, 46.094143 ], [ 10.843806, 46.095273 ], [ 10.843191, 46.096879 ], [ 10.843391, 46.09774 ], [ 10.843015, 46.099822 ], [ 10.84238, 46.100419 ], [ 10.842669, 46.102876 ], [ 10.842337, 46.105692 ], [ 10.842809, 46.107549 ], [ 10.84183, 46.109447 ], [ 10.843396, 46.111468 ], [ 10.844673, 46.111808 ], [ 10.84587, 46.11266 ], [ 10.847785, 46.113341 ] ] ], [ [ [ 10.867142, 46.154829 ], [ 10.863968, 46.156499 ], [ 10.862557, 46.157602 ], [ 10.858653, 46.159925 ], [ 10.856362, 46.161565 ], [ 10.856262, 46.162135 ], [ 10.851447, 46.170862 ], [ 10.850945, 46.172847 ], [ 10.85038, 46.173031 ], [ 10.84905, 46.174191 ], [ 10.848705, 46.175314 ], [ 10.849038, 46.176343 ], [ 10.848655, 46.178312 ], [ 10.848126, 46.179182 ], [ 10.846288, 46.180636 ], [ 10.839285, 46.18157 ], [ 10.835234, 46.181653 ], [ 10.828651, 46.182765 ], [ 10.828282, 46.184364 ], [ 10.828194, 46.186284 ], [ 10.827384, 46.187462 ], [ 10.827005, 46.1896 ], [ 10.825972, 46.189404 ], [ 10.822176, 46.188054 ], [ 10.820038, 46.185825 ], [ 10.815802, 46.182125 ], [ 10.816091, 46.180682 ], [ 10.81822, 46.176414 ], [ 10.818193, 46.175676 ], [ 10.816359, 46.174421 ], [ 10.813393, 46.171334 ], [ 10.816114, 46.170541 ], [ 10.813575, 46.168144 ], [ 10.813474, 46.167506 ], [ 10.813762, 46.162078 ], [ 10.813501, 46.159551 ], [ 10.814415, 46.157708 ], [ 10.815364, 46.157011 ], [ 10.818098, 46.155836 ], [ 10.825362, 46.156115 ], [ 10.829704, 46.153018 ], [ 10.833251, 46.151851 ], [ 10.836466, 46.150912 ], [ 10.839406, 46.149719 ], [ 10.842478, 46.149098 ], [ 10.846074, 46.14778 ], [ 10.847983, 46.147435 ], [ 10.853063, 46.147194 ], [ 10.856487, 46.14666 ], [ 10.858901, 46.146927 ], [ 10.85953, 46.146801 ], [ 10.862914, 46.146899 ], [ 10.864807, 46.148186 ], [ 10.86678, 46.149103 ], [ 10.868902, 46.150543 ], [ 10.868508, 46.152423 ], [ 10.867142, 46.154829 ] ] ] ] } },
{ "type": "Feature", "properties": { "com_altname": null, "com_area_code": "ITA", "com_capoluogo": "No", "com_code": "22005", "com_name": "Andalo", "com_name_lower": "andalo", "com_name_upper": "ANDALO", "com_type": "Comune", "geo_point_2d": { "lat": 46.16166437123101, "lon": 10.99540989243238 }, "prov_code": "22", "prov_name": "Trento", "reg_code": "4", "reg_name": "Trentino-Alto Adige", "rip_code": "2", "rip_name": "Nord-Est", "year": "2022" }, "geometry": { "type": "MultiPolygon", "coordinates": [ [ [ [ 11.027624, 46.168552 ], [ 11.027114, 46.171403 ], [ 11.026521, 46.173838 ], [ 11.026637, 46.174322 ], [ 11.02493, 46.174657 ], [ 11.023841, 46.174016 ], [ 11.02178, 46.173525 ], [ 11.021038, 46.17279 ], [ 11.020044, 46.172925 ], [ 11.018082, 46.172315 ], [ 11.018203, 46.173562 ], [ 11.01882, 46.174378 ], [ 11.018306, 46.175213 ], [ 11.01829, 46.176915 ], [ 11.017597, 46.177819 ], [ 11.016598, 46.177924 ], [ 11.014838, 46.17885 ], [ 11.014247, 46.178097 ], [ 11.012092, 46.1771 ], [ 11.011163, 46.176902 ], [ 11.008977, 46.178139 ], [ 11.00823, 46.178066 ], [ 11.006388, 46.177352 ], [ 11.006569, 46.178143 ], [ 11.003262, 46.179427 ], [ 11.001829, 46.179771 ], [ 10.998973, 46.17977 ], [ 10.992511, 46.178463 ], [ 10.990352, 46.177947 ], [ 10.987803, 46.176261 ], [ 10.98455, 46.174271 ], [ 10.981002, 46.171783 ], [ 10.977195, 46.169608 ], [ 10.97438, 46.167856 ], [ 10.975305, 46.166618 ], [ 10.976859, 46.1654 ], [ 10.980527, 46.163929 ], [ 10.981806, 46.162924 ], [ 10.985161, 46.161663 ], [ 10.986616, 46.161312 ], [ 10.989295, 46.160937 ], [ 10.990546, 46.160523 ], [ 10.99492, 46.160727 ], [ 10.997307, 46.160261 ], [ 10.99697, 46.159538 ], [ 10.998438, 46.158069 ], [ 10.998851, 46.15665 ], [ 10.998824, 46.154374 ], [ 10.995161, 46.151768 ], [ 10.993295, 46.150291 ], [ 10.991411, 46.14815 ], [ 10.989649, 46.146513 ], [ 10.9879, 46.144285 ], [ 10.988018, 46.14383 ], [ 10.990546, 46.141426 ], [ 10.993937, 46.143605 ], [ 10.995862, 46.144221 ], [ 10.996513, 46.144715 ], [ 10.998974, 46.144337 ], [ 11.000142, 46.143357 ], [ 11.003323, 46.143497 ], [ 11.007802, 46.145681 ], [ 11.014626, 46.148561 ], [ 11.015608, 46.148851 ], [ 11.016612, 46.149887 ], [ 11.019095, 46.150512 ], [ 11.020914, 46.15129 ], [ 11.019371, 46.15246 ], [ 11.020625, 46.153533 ], [ 11.022106, 46.15729 ], [ 11.023055, 46.158244 ], [ 11.023927, 46.158621 ], [ 11.02498, 46.161196 ], [ 11.024909, 46.162595 ], [ 11.027281, 46.165559 ], [ 11.027037, 46.166361 ], [ 11.027624, 46.168552 ] ] ], [ [ [ 10.929927, 46.146331 ], [ 10.934193, 46.145676 ], [ 10.936948, 46.145096 ], [ 10.941075, 46.14457 ], [ 10.944095, 46.143514 ], [ 10.946937, 46.143127 ], [ 10.951979, 46.140068 ], [ 10.950507, 46.138505 ], [ 10.953154, 46.137205 ], [ 10.953169, 46.137974 ], [ 10.952539, 46.139621 ], [ 10.952936, 46.140603 ], [ 10.951646, 46.142588 ], [ 10.948951, 46.145018 ], [ 10.947497, 46.145934 ], [ 10.944767, 46.14682 ], [ 10.944569, 46.147207 ], [ 10.943188, 46.147536 ], [ 10.942175, 46.14848 ], [ 10.94063, 46.148904 ], [ 10.938876, 46.150188 ], [ 10.938129, 46.151324 ], [ 10.938339, 46.152721 ], [ 10.939462, 46.153835 ], [ 10.939603, 46.155164 ], [ 10.938635, 46.156117 ], [ 10.93652, 46.157252 ], [ 10.933947, 46.157993 ], [ 10.930897, 46.158403 ], [ 10.930467, 46.158817 ], [ 10.92906, 46.158456 ], [ 10.92694, 46.155948 ], [ 10.926833, 46.154342 ], [ 10.92736, 46.152958 ], [ 10.930503, 46.152285 ], [ 10.931189, 46.151646 ], [ 10.931258, 46.150546 ], [ 10.930798, 46.149452 ], [ 10.930057, 46.148609 ], [ 10.92939, 46.146958 ], [ 10.929927, 46.146331 ] ] ] ] } },
{ "type": "Feature", "properties": { "com_altname": null, "com_area_code": "ITA", "com_capoluogo": "No", "com_code": "22240", "com_name": "Castel Ivano", "com_name_lower": "castel ivano", "com_name_upper": "CASTEL IVANO", "com_type": "Comune", "geo_point_2d": { "lat": 46.06490759348508, "lon": 11.535195547989638 }, "prov_code": "22", "prov_name": "Trento", "reg_code": "4", "reg_name": "Trentino-Alto Adige", "rip_code": "2", "rip_name": "Nord-Est", "year": "2022" }, "geometry": { "type": "Polygon", "coordinates": [ [ [ 11.510704, 46.011999 ], [ 11.511458, 46.011685 ], [ 11.511347, 46.010653 ], [ 11.512737, 46.010271 ], [ 11.515464, 46.010022 ], [ 11.517209, 46.009183 ], [ 11.518358, 46.009454 ], [ 11.519291, 46.010687 ], [ 11.522656, 46.011646 ], [ 11.524244, 46.011358 ], [ 11.526756, 46.011762 ], [ 11.530231, 46.011496 ], [ 11.531389, 46.011947 ], [ 11.533166, 46.011818 ], [ 11.534679, 46.01272 ], [ 11.536654, 46.012686 ], [ 11.538911, 46.013304 ], [ 11.539398, 46.011876 ], [ 11.544522, 46.011758 ], [ 11.545714, 46.01318 ], [ 11.546426, 46.014412 ], [ 11.54809, 46.019263 ], [ 11.548103, 46.023007 ], [ 11.548597, 46.025374 ], [ 11.548209, 46.026259 ], [ 11.548178, 46.027424 ], [ 11.54745, 46.02964 ], [ 11.547759, 46.032432 ], [ 11.548272, 46.039086 ], [ 11.54874, 46.040648 ], [ 11.549845, 46.041893 ], [ 11.54823, 46.04466 ], [ 11.54362, 46.046418 ], [ 11.547626, 46.047501 ], [ 11.550516, 46.047737 ], [ 11.553483, 46.048575 ], [ 11.554297, 46.049574 ], [ 11.561123, 46.051887 ], [ 11.563137, 46.052349 ], [ 11.567033, 46.055062 ], [ 11.573412, 46.05894 ], [ 11.574355, 46.059361 ], [ 11.575059, 46.060184 ], [ 11.577027, 46.061103 ], [ 11.580747, 46.063144 ], [ 11.578793, 46.064671 ], [ 11.578269, 46.066084 ], [ 11.576184, 46.067598 ], [ 11.573612, 46.067066 ], [ 11.572803, 46.066566 ], [ 11.570959, 46.066228 ], [ 11.570666, 46.06781 ], [ 11.570019, 46.068372 ], [ 11.569715, 46.06944 ], [ 11.568223, 46.070929 ], [ 11.568201, 46.07188 ], [ 11.56688, 46.072988 ], [ 11.565077, 46.073523 ], [ 11.562829, 46.075288 ], [ 11.56207, 46.074906 ], [ 11.559929, 46.074885 ], [ 11.554767, 46.07305 ], [ 11.553377, 46.072742 ], [ 11.551269, 46.071449 ], [ 11.547159, 46.072345 ], [ 11.545395, 46.072341 ], [ 11.543748, 46.075019 ], [ 11.54195, 46.075521 ], [ 11.540408, 46.076204 ], [ 11.539543, 46.078288 ], [ 11.539469, 46.079863 ], [ 11.538743, 46.081053 ], [ 11.53829, 46.084128 ], [ 11.538414, 46.084989 ], [ 11.541127, 46.086088 ], [ 11.545836, 46.089011 ], [ 11.548506, 46.090989 ], [ 11.548275, 46.092724 ], [ 11.547654, 46.093735 ], [ 11.547998, 46.09507 ], [ 11.548502, 46.095185 ], [ 11.548576, 46.097413 ], [ 11.551079, 46.099114 ], [ 11.552433, 46.101003 ], [ 11.554945, 46.103628 ], [ 11.55628, 46.106356 ], [ 11.556376, 46.108263 ], [ 11.555564, 46.108783 ], [ 11.55471, 46.109962 ], [ 11.554908, 46.110878 ], [ 11.555924, 46.11186 ], [ 11.557152, 46.112056 ], [ 11.557458, 46.112526 ], [ 11.557162, 46.113519 ], [ 11.555605, 46.115812 ], [ 11.556969, 46.118611 ], [ 11.557101, 46.122534 ], [ 11.555745, 46.125775 ], [ 11.551006, 46.124272 ], [ 11.545801, 46.121815 ], [ 11.545469, 46.121281 ], [ 11.543948, 46.121371 ], [ 11.542534, 46.122453 ], [ 11.54051, 46.123158 ], [ 11.536018, 46.123926 ], [ 11.530959, 46.124449 ], [ 11.528726, 46.123318 ], [ 11.524801, 46.120849 ], [ 11.522552, 46.119756 ], [ 11.521104, 46.118645 ], [ 11.520437, 46.117506 ], [ 11.51867, 46.116123 ], [ 11.516273, 46.114476 ], [ 11.514079, 46.112492 ], [ 11.512132, 46.111517 ], [ 11.51083, 46.111464 ], [ 11.509469, 46.110301 ], [ 11.509513, 46.10953 ], [ 11.509163, 46.10649 ], [ 11.509829, 46.10421 ], [ 11.509775, 46.10123 ], [ 11.509451, 46.100924 ], [ 11.509932, 46.097404 ], [ 11.510727, 46.096011 ], [ 11.510032, 46.092469 ], [ 11.509967, 46.090189 ], [ 11.510659, 46.088183 ], [ 11.510618, 46.087259 ], [ 11.509911, 46.084147 ], [ 11.507418, 46.080979 ], [ 11.506329, 46.079071 ], [ 11.503347, 46.075344 ], [ 11.502801, 46.073853 ], [ 11.503253, 46.072761 ], [ 11.505047, 46.07069 ], [ 11.506049, 46.070255 ], [ 11.508804, 46.068614 ], [ 11.509994, 46.068197 ], [ 11.513673, 46.067288 ], [ 11.515547, 46.067566 ], [ 11.516444, 46.064267 ], [ 11.519111, 46.062473 ], [ 11.521356, 46.062077 ], [ 11.521097, 46.060854 ], [ 11.518496, 46.059409 ], [ 11.516331, 46.05797 ], [ 11.513179, 46.054439 ], [ 11.510663, 46.052769 ], [ 11.509811, 46.051328 ], [ 11.509865, 46.050766 ], [ 11.508833, 46.050241 ], [ 11.510159, 46.04877 ], [ 11.509412, 46.047785 ], [ 11.509169, 46.044525 ], [ 11.518383, 46.044895 ], [ 11.522703, 46.045203 ], [ 11.523486, 46.044945 ], [ 11.522645, 46.043238 ], [ 11.52245, 46.04203 ], [ 11.521779, 46.041101 ], [ 11.521905, 46.03927 ], [ 11.521284, 46.037962 ], [ 11.519061, 46.03712 ], [ 11.51838, 46.036273 ], [ 11.515919, 46.034799 ], [ 11.512812, 46.033688 ], [ 11.509307, 46.033712 ], [ 11.508405, 46.033286 ], [ 11.507042, 46.030822 ], [ 11.506551, 46.028488 ], [ 11.50653, 46.027463 ], [ 11.508714, 46.025572 ], [ 11.508302, 46.024144 ], [ 11.509812, 46.021404 ], [ 11.51226, 46.016379 ], [ 11.510704, 46.011999 ] ], [ [ 11.524993, 46.105214 ], [ 11.529382, 46.104547 ], [ 11.531107, 46.103293 ], [ 11.530696, 46.09603 ], [ 11.531472, 46.094572 ], [ 11.531753, 46.093077 ], [ 11.531364, 46.092146 ], [ 11.532281, 46.09087 ], [ 11.533687, 46.089556 ], [ 11.535617, 46.086158 ], [ 11.536463, 46.08316 ], [ 11.53622, 46.080645 ], [ 11.535883, 46.079471 ], [ 11.533745, 46.078231 ], [ 11.531393, 46.077341 ], [ 11.528579, 46.0748 ], [ 11.523166, 46.073702 ], [ 11.517696, 46.07284 ], [ 11.517133, 46.073972 ], [ 11.517092, 46.075885 ], [ 11.5159, 46.077959 ], [ 11.516337, 46.079811 ], [ 11.515222, 46.082102 ], [ 11.515449, 46.08383 ], [ 11.515327, 46.085948 ], [ 11.514992, 46.086932 ], [ 11.513913, 46.088327 ], [ 11.513103, 46.090212 ], [ 11.513017, 46.092854 ], [ 11.513176, 46.093775 ], [ 11.514046, 46.094749 ], [ 11.514284, 46.096418 ], [ 11.513422, 46.096971 ], [ 11.513038, 46.098273 ], [ 11.514129, 46.100904 ], [ 11.514199, 46.10194 ], [ 11.513822, 46.102779 ], [ 11.514326, 46.104554 ], [ 11.514141, 46.105138 ], [ 11.51529, 46.105752 ], [ 11.516808, 46.106029 ], [ 11.519864, 46.106297 ], [ 11.523268, 46.105473 ], [ 11.524993, 46.105214 ] ] ] } },
{ "type": "Feature", "properties": { "com_altname": null, "com_area_code": "ITA", "com_capoluogo": "No", "com_code": "22191", "com_name": "Tenno", "com_name_lower": "tenno", "com_name_upper": "TENNO", "com_type": "Comune", "geo_point_2d": { "lat": 45.9397364138459, "lon": 10.81548981905696 }, "prov_code": "22", "prov_name": "Trento", "reg_code": "4", "reg_name": "Trentino-Alto Adige", "rip_code": "2", "rip_name": "Nord-Est", "year": "2022" }, "geometry": { "type": "Polygon", "coordinates": [ [ [ 10.849142, 45.913504 ], [ 10.849758, 45.914376 ], [ 10.849842, 45.915542 ], [ 10.850685, 45.915269 ], [ 10.852368, 45.915956 ], [ 10.852545, 45.916977 ], [ 10.852337, 45.921186 ], [ 10.852185, 45.92205 ], [ 10.850703, 45.923388 ], [ 10.849677, 45.925026 ], [ 10.849879, 45.925942 ], [ 10.851197, 45.928188 ], [ 10.850895, 45.929324 ], [ 10.85325, 45.935297 ], [ 10.854115, 45.936339 ], [ 10.856253, 45.939492 ], [ 10.857405, 45.940934 ], [ 10.857393, 45.946082 ], [ 10.858893, 45.949089 ], [ 10.859844, 45.95365 ], [ 10.85766, 45.953646 ], [ 10.854053, 45.953172 ], [ 10.852366, 45.95402 ], [ 10.849346, 45.953966 ], [ 10.841514, 45.955205 ], [ 10.839149, 45.957342 ], [ 10.837076, 45.958873 ], [ 10.836071, 45.961176 ], [ 10.832303, 45.960338 ], [ 10.829824, 45.959682 ], [ 10.829362, 45.958782 ], [ 10.828092, 45.958415 ], [ 10.826129, 45.958636 ], [ 10.825151, 45.959424 ], [ 10.82108, 45.959972 ], [ 10.815885, 45.959597 ], [ 10.812056, 45.960025 ], [ 10.810104, 45.959935 ], [ 10.808372, 45.958307 ], [ 10.806555, 45.957804 ], [ 10.804651, 45.958397 ], [ 10.802602, 45.958565 ], [ 10.801333, 45.959229 ], [ 10.799579, 45.959765 ], [ 10.795971, 45.959821 ], [ 10.794744, 45.960496 ], [ 10.79326, 45.960593 ], [ 10.79106, 45.961725 ], [ 10.789242, 45.961905 ], [ 10.78643, 45.961469 ], [ 10.784289, 45.962208 ], [ 10.781901, 45.962417 ], [ 10.777292, 45.962026 ], [ 10.773032, 45.963284 ], [ 10.770395, 45.964754 ], [ 10.768841, 45.964772 ], [ 10.765856, 45.964253 ], [ 10.766333, 45.960671 ], [ 10.766247, 45.959569 ], [ 10.767205, 45.958658 ], [ 10.766916, 45.957844 ], [ 10.76809, 45.955076 ], [ 10.770007, 45.952279 ], [ 10.770686, 45.950167 ], [ 10.771267, 45.949354 ], [ 10.772467, 45.948364 ], [ 10.772562, 45.947574 ], [ 10.770982, 45.946287 ], [ 10.770175, 45.945919 ], [ 10.769811, 45.944928 ], [ 10.769146, 45.9444 ], [ 10.768707, 45.943363 ], [ 10.769935, 45.941205 ], [ 10.769772, 45.940908 ], [ 10.772378, 45.938918 ], [ 10.775631, 45.936752 ], [ 10.777412, 45.935964 ], [ 10.778209, 45.935271 ], [ 10.778633, 45.934397 ], [ 10.780645, 45.931714 ], [ 10.781465, 45.930884 ], [ 10.782902, 45.930112 ], [ 10.786693, 45.930107 ], [ 10.787425, 45.929013 ], [ 10.78825, 45.928681 ], [ 10.792231, 45.928036 ], [ 10.797197, 45.92659 ], [ 10.79772, 45.925922 ], [ 10.797667, 45.924854 ], [ 10.798327, 45.923955 ], [ 10.798616, 45.922467 ], [ 10.800266, 45.921437 ], [ 10.801109, 45.921445 ], [ 10.803241, 45.920411 ], [ 10.804789, 45.92024 ], [ 10.805648, 45.919274 ], [ 10.808662, 45.919035 ], [ 10.809602, 45.919434 ], [ 10.812245, 45.918799 ], [ 10.813475, 45.919207 ], [ 10.817108, 45.917832 ], [ 10.819232, 45.918008 ], [ 10.819814, 45.917816 ], [ 10.821442, 45.91814 ], [ 10.823491, 45.916772 ], [ 10.823565, 45.916386 ], [ 10.825443, 45.914968 ], [ 10.825572, 45.912909 ], [ 10.826221, 45.912009 ], [ 10.825889, 45.911434 ], [ 10.82628, 45.910016 ], [ 10.829767, 45.908067 ], [ 10.830931, 45.908141 ], [ 10.832742, 45.909958 ], [ 10.834135, 45.910381 ], [ 10.834567, 45.911026 ], [ 10.836545, 45.911128 ], [ 10.838408, 45.911652 ], [ 10.838663, 45.912056 ], [ 10.840669, 45.911558 ], [ 10.842518, 45.912247 ], [ 10.846079, 45.912646 ], [ 10.847758, 45.912693 ], [ 10.849142, 45.913504 ] ] ] } },
{ "type": "Feature", "properties": { "com_altname": null, "com_area_code": "ITA", "com_capoluogo": "No", "com_code": "22157", "com_name": "Ronchi Valsugana", "com_name_lower": "ronchi valsugana", "com_name_upper": "RONCHI VALSUGANA", "com_type": "Comune", "geo_point_2d": { "lat": 46.08170164218205, "lon": 11.418356971636282 }, "prov_code": "22", "prov_name": "Trento", "reg_code": "4", "reg_name": "Trentino-Alto Adige", "rip_code": "2", "rip_name": "Nord-Est", "year": "2022" }, "geometry": { "type": "Polygon", "coordinates": [ [ [ 11.446178, 46.064299 ], [ 11.445982, 46.067015 ], [ 11.444407, 46.071038 ], [ 11.442282, 46.071418 ], [ 11.44237, 46.072073 ], [ 11.440868, 46.073402 ], [ 11.440406, 46.074445 ], [ 11.441209, 46.075102 ], [ 11.441101, 46.077253 ], [ 11.440664, 46.078584 ], [ 11.440375, 46.080466 ], [ 11.43929, 46.08223 ], [ 11.439159, 46.083603 ], [ 11.436541, 46.082474 ], [ 11.432788, 46.084387 ], [ 11.432737, 46.084773 ], [ 11.430636, 46.085512 ], [ 11.430092, 46.086562 ], [ 11.428481, 46.087277 ], [ 11.42798, 46.088289 ], [ 11.424377, 46.09121 ], [ 11.423504, 46.091534 ], [ 11.420001, 46.093713 ], [ 11.420331, 46.094444 ], [ 11.419346, 46.095429 ], [ 11.42001, 46.096071 ], [ 11.419364, 46.096994 ], [ 11.417899, 46.098412 ], [ 11.416354, 46.099099 ], [ 11.414864, 46.100596 ], [ 11.412043, 46.101344 ], [ 11.410599, 46.102311 ], [ 11.409338, 46.102822 ], [ 11.408058, 46.102809 ], [ 11.403614, 46.099427 ], [ 11.402351, 46.099103 ], [ 11.396477, 46.096173 ], [ 11.389199, 46.094021 ], [ 11.386917, 46.093418 ], [ 11.386516, 46.091953 ], [ 11.387126, 46.089862 ], [ 11.387738, 46.089074 ], [ 11.387886, 46.087817 ], [ 11.388896, 46.087044 ], [ 11.390045, 46.086594 ], [ 11.392192, 46.086558 ], [ 11.393795, 46.086321 ], [ 11.398421, 46.084095 ], [ 11.399599, 46.082975 ], [ 11.404017, 46.080058 ], [ 11.406211, 46.078093 ], [ 11.410751, 46.074642 ], [ 11.412252, 46.074049 ], [ 11.416112, 46.071645 ], [ 11.415812, 46.068193 ], [ 11.415225, 46.066577 ], [ 11.416917, 46.066428 ], [ 11.418562, 46.066961 ], [ 11.422431, 46.067113 ], [ 11.424439, 46.066936 ], [ 11.427023, 46.064732 ], [ 11.42855, 46.063133 ], [ 11.426498, 46.06155 ], [ 11.426052, 46.060994 ], [ 11.426234, 46.060071 ], [ 11.4271, 46.05853 ], [ 11.426999, 46.057485 ], [ 11.428824, 46.058733 ], [ 11.430705, 46.060248 ], [ 11.432952, 46.061266 ], [ 11.434554, 46.06276 ], [ 11.438432, 46.063084 ], [ 11.440294, 46.062929 ], [ 11.442477, 46.062401 ], [ 11.446178, 46.064299 ] ] ] } },
{ "type": "Feature", "properties": { "com_altname": null, "com_area_code": "ITA", "com_capoluogo": "No", "com_code": "22238", "com_name": "Borgo Chiese", "com_name_lower": "borgo chiese", "com_name_upper": "BORGO CHIESE", "com_type": "Comune", "geo_point_2d": { "lat": 45.89998457819345, "lon": 10.570171621586718 }, "prov_code": "22", "prov_name": "Trento", "reg_code": "4", "reg_name": "Trentino-Alto Adige", "rip_code": "2", "rip_name": "Nord-Est", "year": "2022" }, "geometry": { "type": "Polygon", "coordinates": [ [ [ 10.491236, 45.933228 ], [ 10.493275, 45.931616 ], [ 10.494508, 45.931014 ], [ 10.496422, 45.929469 ], [ 10.497954, 45.928815 ], [ 10.498957, 45.928837 ], [ 10.500515, 45.92748 ], [ 10.502391, 45.928057 ], [ 10.503029, 45.926911 ], [ 10.506293, 45.925271 ], [ 10.507362, 45.924973 ], [ 10.508568, 45.923566 ], [ 10.508626, 45.92168 ], [ 10.509611, 45.919106 ], [ 10.510134, 45.918589 ], [ 10.510004, 45.91725 ], [ 10.510674, 45.916557 ], [ 10.510845, 45.915581 ], [ 10.508639, 45.914015 ], [ 10.507601, 45.912787 ], [ 10.506748, 45.910706 ], [ 10.506397, 45.908186 ], [ 10.507572, 45.90686 ], [ 10.507688, 45.905185 ], [ 10.506164, 45.903852 ], [ 10.506176, 45.903444 ], [ 10.506912, 45.903036 ], [ 10.509297, 45.902256 ], [ 10.510559, 45.901595 ], [ 10.511915, 45.900308 ], [ 10.513232, 45.899523 ], [ 10.515555, 45.899541 ], [ 10.516864, 45.89982 ], [ 10.521061, 45.90153 ], [ 10.522273, 45.901516 ], [ 10.523698, 45.900398 ], [ 10.52435, 45.89944 ], [ 10.525059, 45.899079 ], [ 10.526186, 45.89677 ], [ 10.526052, 45.895375 ], [ 10.52547, 45.893143 ], [ 10.524519, 45.891396 ], [ 10.523016, 45.890099 ], [ 10.52263, 45.888152 ], [ 10.524527, 45.885544 ], [ 10.525691, 45.886026 ], [ 10.527436, 45.885856 ], [ 10.527795, 45.88545 ], [ 10.529242, 45.885057 ], [ 10.529957, 45.884431 ], [ 10.531689, 45.883549 ], [ 10.532444, 45.882242 ], [ 10.534186, 45.881394 ], [ 10.535795, 45.880953 ], [ 10.53677, 45.879632 ], [ 10.538191, 45.878725 ], [ 10.539916, 45.878847 ], [ 10.541204, 45.878337 ], [ 10.543809, 45.87798 ], [ 10.545624, 45.877289 ], [ 10.547213, 45.876264 ], [ 10.548029, 45.876133 ], [ 10.548898, 45.875194 ], [ 10.549906, 45.875649 ], [ 10.553216, 45.874621 ], [ 10.555483, 45.873326 ], [ 10.556354, 45.873083 ], [ 10.559121, 45.870629 ], [ 10.561207, 45.869662 ], [ 10.563876, 45.867319 ], [ 10.563406, 45.866628 ], [ 10.565678, 45.865751 ], [ 10.567003, 45.864747 ], [ 10.576722, 45.861912 ], [ 10.580236, 45.862818 ], [ 10.58301, 45.862205 ], [ 10.585504, 45.862078 ], [ 10.587531, 45.86317 ], [ 10.58957, 45.863614 ], [ 10.59253, 45.863568 ], [ 10.595, 45.863759 ], [ 10.59593, 45.862418 ], [ 10.596881, 45.862224 ], [ 10.597934, 45.860828 ], [ 10.599389, 45.860583 ], [ 10.601452, 45.861855 ], [ 10.602103, 45.862761 ], [ 10.603948, 45.863852 ], [ 10.607082, 45.865372 ], [ 10.608957, 45.865575 ], [ 10.61115, 45.865547 ], [ 10.612075, 45.866405 ], [ 10.612055, 45.867495 ], [ 10.613162, 45.868931 ], [ 10.615096, 45.87039 ], [ 10.615647, 45.871156 ], [ 10.617284, 45.872149 ], [ 10.620465, 45.872612 ], [ 10.620338, 45.873035 ], [ 10.622255, 45.874028 ], [ 10.624447, 45.87412 ], [ 10.624803, 45.875167 ], [ 10.626363, 45.875859 ], [ 10.629638, 45.878503 ], [ 10.627697, 45.880869 ], [ 10.626437, 45.881988 ], [ 10.627921, 45.883391 ], [ 10.627402, 45.883887 ], [ 10.625382, 45.883646 ], [ 10.624862, 45.884865 ], [ 10.622184, 45.886858 ], [ 10.622677, 45.887501 ], [ 10.62417, 45.888447 ], [ 10.624613, 45.890562 ], [ 10.626309, 45.892869 ], [ 10.628542, 45.894229 ], [ 10.631585, 45.895341 ], [ 10.633001, 45.895489 ], [ 10.633749, 45.896407 ], [ 10.636154, 45.898781 ], [ 10.639916, 45.900861 ], [ 10.64023, 45.902279 ], [ 10.641706, 45.903356 ], [ 10.642959, 45.903948 ], [ 10.644129, 45.905072 ], [ 10.644444, 45.905981 ], [ 10.645678, 45.906783 ], [ 10.646729, 45.907977 ], [ 10.647213, 45.909134 ], [ 10.648849, 45.909931 ], [ 10.650238, 45.910367 ], [ 10.650596, 45.911684 ], [ 10.648869, 45.912426 ], [ 10.647582, 45.912346 ], [ 10.639831, 45.91619 ], [ 10.638488, 45.916671 ], [ 10.631864, 45.919526 ], [ 10.629466, 45.920697 ], [ 10.626251, 45.921908 ], [ 10.624211, 45.923096 ], [ 10.62239, 45.923578 ], [ 10.619567, 45.925169 ], [ 10.616974, 45.923324 ], [ 10.615483, 45.921707 ], [ 10.615042, 45.920644 ], [ 10.614171, 45.920009 ], [ 10.615649, 45.919034 ], [ 10.614445, 45.918827 ], [ 10.613895, 45.918224 ], [ 10.615194, 45.917061 ], [ 10.614535, 45.916622 ], [ 10.6109, 45.915653 ], [ 10.609513, 45.91504 ], [ 10.608534, 45.915206 ], [ 10.607401, 45.916078 ], [ 10.605857, 45.916738 ], [ 10.606341, 45.915502 ], [ 10.604947, 45.91502 ], [ 10.60589, 45.913289 ], [ 10.605885, 45.911356 ], [ 10.605157, 45.910137 ], [ 10.604637, 45.906718 ], [ 10.603668, 45.903944 ], [ 10.603291, 45.901394 ], [ 10.602736, 45.901177 ], [ 10.599085, 45.901065 ], [ 10.59733, 45.901465 ], [ 10.594652, 45.903015 ], [ 10.594541, 45.903992 ], [ 10.593553, 45.904457 ], [ 10.589912, 45.906937 ], [ 10.589483, 45.908027 ], [ 10.587547, 45.909804 ], [ 10.585147, 45.91103 ], [ 10.583024, 45.910925 ], [ 10.579234, 45.911343 ], [ 10.577248, 45.911225 ], [ 10.57624, 45.910902 ], [ 10.573787, 45.911106 ], [ 10.568211, 45.910873 ], [ 10.566586, 45.910463 ], [ 10.565371, 45.911538 ], [ 10.563621, 45.911757 ], [ 10.561944, 45.913262 ], [ 10.56174, 45.91597 ], [ 10.562173, 45.916892 ], [ 10.559428, 45.918395 ], [ 10.558245, 45.919327 ], [ 10.558871, 45.920336 ], [ 10.558435, 45.921283 ], [ 10.561581, 45.920836 ], [ 10.562554, 45.920196 ], [ 10.564461, 45.919426 ], [ 10.565568, 45.918588 ], [ 10.566004, 45.917802 ], [ 10.567256, 45.916788 ], [ 10.569598, 45.918824 ], [ 10.570987, 45.919544 ], [ 10.574165, 45.919835 ], [ 10.574419, 45.921765 ], [ 10.575937, 45.922354 ], [ 10.576611, 45.924392 ], [ 10.57762, 45.924165 ], [ 10.578685, 45.92266 ], [ 10.580292, 45.921627 ], [ 10.582203, 45.921216 ], [ 10.581396, 45.922568 ], [ 10.580749, 45.924718 ], [ 10.579413, 45.927897 ], [ 10.576387, 45.929959 ], [ 10.575381, 45.93124 ], [ 10.573768, 45.932587 ], [ 10.572361, 45.933185 ], [ 10.569686, 45.933828 ], [ 10.567179, 45.933593 ], [ 10.566101, 45.933113 ], [ 10.560631, 45.929823 ], [ 10.559676, 45.929398 ], [ 10.559689, 45.928057 ], [ 10.558847, 45.927686 ], [ 10.555456, 45.926828 ], [ 10.553788, 45.925609 ], [ 10.552667, 45.925237 ], [ 10.550904, 45.923554 ], [ 10.548617, 45.923885 ], [ 10.54722, 45.924292 ], [ 10.542781, 45.924231 ], [ 10.543488, 45.925198 ], [ 10.535259, 45.927246 ], [ 10.533739, 45.927394 ], [ 10.528104, 45.926788 ], [ 10.524161, 45.925697 ], [ 10.522637, 45.927531 ], [ 10.520433, 45.928899 ], [ 10.520287, 45.931181 ], [ 10.521456, 45.934059 ], [ 10.520076, 45.935916 ], [ 10.519206, 45.94014 ], [ 10.516648, 45.941033 ], [ 10.512777, 45.940769 ], [ 10.511982, 45.94106 ], [ 10.510022, 45.940934 ], [ 10.505646, 45.942651 ], [ 10.502242, 45.944407 ], [ 10.500533, 45.944967 ], [ 10.497549, 45.945511 ], [ 10.492443, 45.942903 ], [ 10.491435, 45.941953 ], [ 10.492187, 45.939482 ], [ 10.492223, 45.937782 ], [ 10.491706, 45.935934 ], [ 10.492045, 45.935072 ], [ 10.491236, 45.933228 ] ] ] } },
{ "type": "Feature", "properties": { "com_altname": null, "com_area_code": "ITA", "com_capoluogo": "No", "com_code": "22173", "com_name": "Sfruz", "com_name_lower": "sfruz", "com_name_upper": "SFRUZ", "com_type": "Comune", "geo_point_2d": { "lat": 46.34382916924122, "lon": 11.152902352994412 }, "prov_code": "22", "prov_name": "Trento", "reg_code": "4", "reg_name": "Trentino-Alto Adige", "rip_code": "2", "rip_name": "Nord-Est", "year": "2022" }, "geometry": { "type": "Polygon", "coordinates": [ [ [ 11.188925, 46.359435 ], [ 11.184609, 46.359396 ], [ 11.182617, 46.358422 ], [ 11.179587, 46.35654 ], [ 11.178653, 46.356554 ], [ 11.178147, 46.357472 ], [ 11.175462, 46.357627 ], [ 11.174293, 46.357987 ], [ 11.172559, 46.358173 ], [ 11.171691, 46.357829 ], [ 11.169695, 46.357655 ], [ 11.169346, 46.356681 ], [ 11.168291, 46.356022 ], [ 11.167356, 46.356201 ], [ 11.165171, 46.353831 ], [ 11.164046, 46.354144 ], [ 11.162557, 46.356144 ], [ 11.161878, 46.355878 ], [ 11.160234, 46.353627 ], [ 11.158328, 46.351773 ], [ 11.157235, 46.351155 ], [ 11.155803, 46.349953 ], [ 11.155816, 46.34917 ], [ 11.154534, 46.349518 ], [ 11.153368, 46.349171 ], [ 11.151708, 46.34918 ], [ 11.151219, 46.35022 ], [ 11.151987, 46.351492 ], [ 11.150959, 46.352664 ], [ 11.152966, 46.353319 ], [ 11.153403, 46.354067 ], [ 11.154229, 46.354451 ], [ 11.15371, 46.355766 ], [ 11.150924, 46.354779 ], [ 11.149595, 46.355164 ], [ 11.1482, 46.353944 ], [ 11.147801, 46.352826 ], [ 11.144796, 46.349773 ], [ 11.144434, 46.34911 ], [ 11.142011, 46.34911 ], [ 11.141845, 46.349752 ], [ 11.140675, 46.350958 ], [ 11.138551, 46.354678 ], [ 11.136934, 46.356059 ], [ 11.134607, 46.354766 ], [ 11.131705, 46.352921 ], [ 11.127955, 46.354422 ], [ 11.127307, 46.354038 ], [ 11.126141, 46.354221 ], [ 11.123758, 46.352821 ], [ 11.1217, 46.35069 ], [ 11.121363, 46.348667 ], [ 11.122232, 46.348053 ], [ 11.122971, 46.346873 ], [ 11.123973, 46.344609 ], [ 11.123855, 46.343788 ], [ 11.12136, 46.344334 ], [ 11.119085, 46.344187 ], [ 11.118279, 46.343932 ], [ 11.115803, 46.344261 ], [ 11.11546, 46.343215 ], [ 11.114697, 46.342576 ], [ 11.11212, 46.341418 ], [ 11.111261, 46.341263 ], [ 11.110874, 46.340653 ], [ 11.10904, 46.339306 ], [ 11.108531, 46.337974 ], [ 11.107572, 46.336817 ], [ 11.107219, 46.335384 ], [ 11.107418, 46.334552 ], [ 11.106889, 46.332667 ], [ 11.108337, 46.332389 ], [ 11.111168, 46.332444 ], [ 11.112398, 46.332318 ], [ 11.115039, 46.331077 ], [ 11.116445, 46.330794 ], [ 11.118321, 46.329968 ], [ 11.120249, 46.328789 ], [ 11.121214, 46.327128 ], [ 11.121209, 46.326363 ], [ 11.12228, 46.325376 ], [ 11.125679, 46.324633 ], [ 11.126788, 46.323956 ], [ 11.128842, 46.323486 ], [ 11.130507, 46.322752 ], [ 11.13202, 46.322549 ], [ 11.134012, 46.322917 ], [ 11.135468, 46.32243 ], [ 11.136542, 46.321456 ], [ 11.139531, 46.322467 ], [ 11.140096, 46.323302 ], [ 11.13963, 46.324522 ], [ 11.139925, 46.325551 ], [ 11.139636, 46.326344 ], [ 11.13871, 46.327441 ], [ 11.138597, 46.328042 ], [ 11.136903, 46.329586 ], [ 11.136122, 46.330896 ], [ 11.135541, 46.334147 ], [ 11.134913, 46.335338 ], [ 11.132527, 46.338348 ], [ 11.130549, 46.341035 ], [ 11.128026, 46.3434 ], [ 11.123547, 46.347034 ], [ 11.123473, 46.348052 ], [ 11.125186, 46.34757 ], [ 11.126842, 46.347377 ], [ 11.130192, 46.346644 ], [ 11.134787, 46.345938 ], [ 11.136965, 46.34551 ], [ 11.137906, 46.344822 ], [ 11.139386, 46.34483 ], [ 11.140375, 46.345235 ], [ 11.14228, 46.345186 ], [ 11.143887, 46.344593 ], [ 11.14531, 46.343644 ], [ 11.147073, 46.342994 ], [ 11.148691, 46.341834 ], [ 11.149171, 46.342316 ], [ 11.151486, 46.342281 ], [ 11.155702, 46.341792 ], [ 11.156494, 46.341408 ], [ 11.160002, 46.340748 ], [ 11.161142, 46.34065 ], [ 11.162596, 46.340159 ], [ 11.16643, 46.338331 ], [ 11.167894, 46.338056 ], [ 11.171656, 46.337805 ], [ 11.173595, 46.338371 ], [ 11.177595, 46.339051 ], [ 11.180697, 46.338906 ], [ 11.182582, 46.338438 ], [ 11.184689, 46.338911 ], [ 11.188442, 46.340297 ], [ 11.189954, 46.341195 ], [ 11.193473, 46.344489 ], [ 11.196167, 46.34743 ], [ 11.198441, 46.34938 ], [ 11.198967, 46.349558 ], [ 11.197329, 46.351601 ], [ 11.196269, 46.353507 ], [ 11.194462, 46.353344 ], [ 11.193273, 46.354402 ], [ 11.192854, 46.355697 ], [ 11.193113, 46.356646 ], [ 11.193915, 46.356644 ], [ 11.193854, 46.35791 ], [ 11.192171, 46.358436 ], [ 11.191853, 46.359002 ], [ 11.188925, 46.359435 ] ] ] } },
{ "type": "Feature", "properties": { "com_altname": null, "com_area_code": "ITA", "com_capoluogo": "No", "com_code": "22195", "com_name": "Terzolas", "com_name_lower": "terzolas", "com_name_upper": "TERZOLAS", "com_type": "Comune", "geo_point_2d": { "lat": 46.3595174893334, "lon": 10.931334414038487 }, "prov_code": "22", "prov_name": "Trento", "reg_code": "4", "reg_name": "Trentino-Alto Adige", "rip_code": "2", "rip_name": "Nord-Est", "year": "2022" }, "geometry": { "type": "Polygon", "coordinates": [ [ [ 10.949657, 46.337896 ], [ 10.949216, 46.339296 ], [ 10.949265, 46.340314 ], [ 10.949785, 46.342431 ], [ 10.947237, 46.346 ], [ 10.946897, 46.34697 ], [ 10.949205, 46.349446 ], [ 10.946976, 46.354037 ], [ 10.946206, 46.355292 ], [ 10.944521, 46.356072 ], [ 10.9438, 46.357263 ], [ 10.942264, 46.356604 ], [ 10.94046, 46.357271 ], [ 10.938352, 46.35667 ], [ 10.937396, 46.355817 ], [ 10.93663, 46.355628 ], [ 10.93414, 46.357921 ], [ 10.93426, 46.358445 ], [ 10.935922, 46.358832 ], [ 10.936998, 46.359391 ], [ 10.935228, 46.361546 ], [ 10.933664, 46.362001 ], [ 10.934035, 46.363779 ], [ 10.932614, 46.365376 ], [ 10.932216, 46.366732 ], [ 10.932839, 46.367284 ], [ 10.930927, 46.370338 ], [ 10.929285, 46.373292 ], [ 10.926941, 46.378548 ], [ 10.923561, 46.38113 ], [ 10.921743, 46.382931 ], [ 10.919999, 46.385065 ], [ 10.918999, 46.385776 ], [ 10.916243, 46.388719 ], [ 10.913152, 46.383367 ], [ 10.913119, 46.381082 ], [ 10.91332, 46.380376 ], [ 10.915238, 46.378735 ], [ 10.915208, 46.37796 ], [ 10.917432, 46.37414 ], [ 10.918774, 46.373867 ], [ 10.920139, 46.371085 ], [ 10.921546, 46.369387 ], [ 10.922979, 46.368498 ], [ 10.923741, 46.367584 ], [ 10.923604, 46.367116 ], [ 10.924357, 46.366112 ], [ 10.926064, 46.365347 ], [ 10.924055, 46.363657 ], [ 10.923801, 46.362908 ], [ 10.9219, 46.361861 ], [ 10.920371, 46.36128 ], [ 10.92067, 46.360715 ], [ 10.920591, 46.358228 ], [ 10.917018, 46.357722 ], [ 10.917571, 46.356602 ], [ 10.919128, 46.356446 ], [ 10.919743, 46.35515 ], [ 10.922377, 46.354766 ], [ 10.922909, 46.35274 ], [ 10.922533, 46.352462 ], [ 10.925828, 46.350247 ], [ 10.928102, 46.349502 ], [ 10.929253, 46.349446 ], [ 10.930472, 46.348681 ], [ 10.932096, 46.347064 ], [ 10.933571, 46.344845 ], [ 10.935095, 46.342974 ], [ 10.938493, 46.341764 ], [ 10.938456, 46.340896 ], [ 10.941318, 46.338415 ], [ 10.941425, 46.337329 ], [ 10.94735, 46.337808 ], [ 10.949657, 46.337896 ] ] ] } },
{ "type": "Feature", "properties": { "com_altname": null, "com_area_code": "ITA", "com_capoluogo": "No", "com_code": "22231", "com_name": "San Lorenzo Dorsino", "com_name_lower": "san lorenzo dorsino", "com_name_upper": "SAN LORENZO DORSINO", "com_type": "Comune", "geo_point_2d": { "lat": 46.10892249804323, "lon": 10.902482545794934 }, "prov_code": "22", "prov_name": "Trento", "reg_code": "4", "reg_name": "Trentino-Alto Adige", "rip_code": "2", "rip_name": "Nord-Est", "year": "2022" }, "geometry": { "type": "Polygon", "coordinates": [ [ [ 10.953154, 46.137205 ], [ 10.950507, 46.138505 ], [ 10.951979, 46.140068 ], [ 10.946937, 46.143127 ], [ 10.944095, 46.143514 ], [ 10.941075, 46.14457 ], [ 10.936948, 46.145096 ], [ 10.934193, 46.145676 ], [ 10.929927, 46.146331 ], [ 10.928948, 46.140086 ], [ 10.928963, 46.138286 ], [ 10.928256, 46.138603 ], [ 10.926668, 46.139926 ], [ 10.924863, 46.141792 ], [ 10.923266, 46.142807 ], [ 10.922931, 46.144462 ], [ 10.923267, 46.145274 ], [ 10.923146, 46.14652 ], [ 10.922163, 46.149099 ], [ 10.919662, 46.150002 ], [ 10.918645, 46.149903 ], [ 10.915631, 46.150178 ], [ 10.909318, 46.152097 ], [ 10.907511, 46.152551 ], [ 10.905242, 46.152228 ], [ 10.903918, 46.152284 ], [ 10.901813, 46.15323 ], [ 10.898593, 46.154365 ], [ 10.893633, 46.155172 ], [ 10.889246, 46.155472 ], [ 10.887825, 46.154746 ], [ 10.883239, 46.155997 ], [ 10.881263, 46.156066 ], [ 10.879375, 46.154581 ], [ 10.874397, 46.157206 ], [ 10.873726, 46.156616 ], [ 10.872757, 46.156566 ], [ 10.872409, 46.155991 ], [ 10.870462, 46.15536 ], [ 10.869883, 46.154785 ], [ 10.867142, 46.154829 ], [ 10.868508, 46.152423 ], [ 10.868902, 46.150543 ], [ 10.86678, 46.149103 ], [ 10.864807, 46.148186 ], [ 10.862914, 46.146899 ], [ 10.853003, 46.142023 ], [ 10.849755, 46.139821 ], [ 10.847873, 46.13874 ], [ 10.844823, 46.136447 ], [ 10.84338, 46.135682 ], [ 10.84506, 46.131896 ], [ 10.845373, 46.130675 ], [ 10.846976, 46.129943 ], [ 10.847399, 46.129095 ], [ 10.847975, 46.125171 ], [ 10.84786, 46.1236 ], [ 10.847362, 46.122049 ], [ 10.847385, 46.120822 ], [ 10.846922, 46.11954 ], [ 10.846962, 46.118481 ], [ 10.848092, 46.114701 ], [ 10.847785, 46.113341 ], [ 10.84587, 46.11266 ], [ 10.844673, 46.111808 ], [ 10.843396, 46.111468 ], [ 10.84183, 46.109447 ], [ 10.842809, 46.107549 ], [ 10.842337, 46.105692 ], [ 10.842669, 46.102876 ], [ 10.84238, 46.100419 ], [ 10.843015, 46.099822 ], [ 10.843391, 46.09774 ], [ 10.843191, 46.096879 ], [ 10.843806, 46.095273 ], [ 10.843254, 46.094143 ], [ 10.843605, 46.093018 ], [ 10.843516, 46.091906 ], [ 10.840528, 46.090659 ], [ 10.842013, 46.089245 ], [ 10.843229, 46.088742 ], [ 10.848124, 46.09015 ], [ 10.852388, 46.091229 ], [ 10.855849, 46.090536 ], [ 10.859884, 46.091984 ], [ 10.859047, 46.089345 ], [ 10.859291, 46.088242 ], [ 10.860208, 46.085982 ], [ 10.863653, 46.082311 ], [ 10.864618, 46.080156 ], [ 10.865145, 46.079669 ], [ 10.867375, 46.078359 ], [ 10.867973, 46.07828 ], [ 10.870346, 46.078663 ], [ 10.874274, 46.077947 ], [ 10.87859, 46.077628 ], [ 10.879321, 46.077164 ], [ 10.880302, 46.075493 ], [ 10.882393, 46.073509 ], [ 10.882604, 46.072428 ], [ 10.883253, 46.072057 ], [ 10.883294, 46.070725 ], [ 10.882632, 46.07022 ], [ 10.88182, 46.067709 ], [ 10.883303, 46.065826 ], [ 10.88615, 46.063498 ], [ 10.887254, 46.062299 ], [ 10.886822, 46.062023 ], [ 10.887046, 46.060602 ], [ 10.886986, 46.059236 ], [ 10.88956, 46.059316 ], [ 10.890309, 46.059653 ], [ 10.891117, 46.05849 ], [ 10.892835, 46.056642 ], [ 10.894466, 46.057403 ], [ 10.896078, 46.058537 ], [ 10.897857, 46.058572 ], [ 10.901185, 46.059072 ], [ 10.902993, 46.058924 ], [ 10.904482, 46.05659 ], [ 10.905882, 46.057804 ], [ 10.908503, 46.05933 ], [ 10.909348, 46.060538 ], [ 10.911369, 46.062031 ], [ 10.912562, 46.062039 ], [ 10.913914, 46.063096 ], [ 10.915633, 46.063309 ], [ 10.916388, 46.063732 ], [ 10.918526, 46.064297 ], [ 10.920411, 46.06417 ], [ 10.922188, 46.064424 ], [ 10.92507, 46.062964 ], [ 10.926448, 46.062756 ], [ 10.928572, 46.061937 ], [ 10.928662, 46.060029 ], [ 10.927908, 46.058941 ], [ 10.927968, 46.058062 ], [ 10.928537, 46.056788 ], [ 10.930332, 46.055571 ], [ 10.932246, 46.058163 ], [ 10.931897, 46.058585 ], [ 10.931958, 46.05981 ], [ 10.931317, 46.064176 ], [ 10.933347, 46.065539 ], [ 10.935653, 46.066796 ], [ 10.944858, 46.073556 ], [ 10.948842, 46.078475 ], [ 10.953197, 46.083953 ], [ 10.953272, 46.086007 ], [ 10.953007, 46.086605 ], [ 10.954244, 46.089227 ], [ 10.955544, 46.093955 ], [ 10.958928, 46.096824 ], [ 10.963951, 46.096453 ], [ 10.965802, 46.097684 ], [ 10.967851, 46.100053 ], [ 10.968227, 46.101827 ], [ 10.966928, 46.103094 ], [ 10.967467, 46.105332 ], [ 10.96755, 46.110095 ], [ 10.967882, 46.111671 ], [ 10.967595, 46.112727 ], [ 10.967702, 46.114064 ], [ 10.967458, 46.114047 ], [ 10.962148, 46.115344 ], [ 10.960822, 46.115904 ], [ 10.959403, 46.115328 ], [ 10.958067, 46.114422 ], [ 10.955157, 46.113353 ], [ 10.954336, 46.113493 ], [ 10.952456, 46.113068 ], [ 10.950886, 46.112294 ], [ 10.949523, 46.11116 ], [ 10.946189, 46.108928 ], [ 10.943429, 46.10862 ], [ 10.943537, 46.109524 ], [ 10.942792, 46.110096 ], [ 10.943295, 46.110933 ], [ 10.942886, 46.112062 ], [ 10.941739, 46.112544 ], [ 10.944017, 46.115516 ], [ 10.944542, 46.117038 ], [ 10.945034, 46.11765 ], [ 10.947552, 46.118427 ], [ 10.948904, 46.119094 ], [ 10.949854, 46.120362 ], [ 10.950263, 46.122037 ], [ 10.951755, 46.123405 ], [ 10.952568, 46.123627 ], [ 10.953315, 46.124834 ], [ 10.954682, 46.125583 ], [ 10.955822, 46.125633 ], [ 10.95773, 46.127193 ], [ 10.957419, 46.12975 ], [ 10.956416, 46.130263 ], [ 10.953164, 46.130471 ], [ 10.951431, 46.130421 ], [ 10.949038, 46.13099 ], [ 10.949754, 46.131676 ], [ 10.952542, 46.132927 ], [ 10.955044, 46.133505 ], [ 10.956878, 46.135001 ], [ 10.956484, 46.135524 ], [ 10.953154, 46.137205 ] ] ] } },
{ "type": "Feature", "properties": { "com_altname": null, "com_area_code": "ITA", "com_capoluogo": "No", "com_code": "22184", "com_name": "Strembo", "com_name_lower": "strembo", "com_name_upper": "STREMBO", "com_type": "Comune", "geo_point_2d": { "lat": 46.17337980675543, "lon": 10.647272431036926 }, "prov_code": "22", "prov_name": "Trento", "reg_code": "4", "reg_name": "Trentino-Alto Adige", "rip_code": "2", "rip_name": "Nord-Est", "year": "2022" }, "geometry": { "type": "MultiPolygon", "coordinates": [ [ [ [ 10.616049, 46.22385 ], [ 10.617568, 46.222643 ], [ 10.618763, 46.22113 ], [ 10.619019, 46.21575 ], [ 10.616375, 46.210791 ], [ 10.615842, 46.209161 ], [ 10.616581, 46.206563 ], [ 10.616353, 46.205323 ], [ 10.616855, 46.202737 ], [ 10.61677, 46.201897 ], [ 10.617398, 46.1991 ], [ 10.619132, 46.19432 ], [ 10.61396, 46.193584 ], [ 10.610719, 46.190225 ], [ 10.60933, 46.189582 ], [ 10.607419, 46.189028 ], [ 10.606425, 46.188003 ], [ 10.606158, 46.186507 ], [ 10.606368, 46.185221 ], [ 10.605916, 46.184017 ], [ 10.604509, 46.182303 ], [ 10.604218, 46.180671 ], [ 10.603467, 46.180095 ], [ 10.604072, 46.178863 ], [ 10.604167, 46.177821 ], [ 10.603562, 46.176884 ], [ 10.600839, 46.175646 ], [ 10.599751, 46.174896 ], [ 10.596954, 46.172395 ], [ 10.596005, 46.171068 ], [ 10.59647, 46.168128 ], [ 10.595758, 46.167237 ], [ 10.593825, 46.165683 ], [ 10.59296, 46.164178 ], [ 10.5919, 46.161754 ], [ 10.591436, 46.159958 ], [ 10.590806, 46.158696 ], [ 10.59109, 46.155949 ], [ 10.590592, 46.153951 ], [ 10.590939, 46.151548 ], [ 10.591773, 46.15012 ], [ 10.592173, 46.148677 ], [ 10.595868, 46.148257 ], [ 10.599482, 46.148023 ], [ 10.603124, 46.148179 ], [ 10.606053, 46.148967 ], [ 10.609139, 46.150135 ], [ 10.611968, 46.151343 ], [ 10.612714, 46.151503 ], [ 10.616394, 46.151447 ], [ 10.618321, 46.150386 ], [ 10.619378, 46.150012 ], [ 10.621512, 46.149995 ], [ 10.623451, 46.150339 ], [ 10.627234, 46.150731 ], [ 10.629687, 46.151203 ], [ 10.63187, 46.152009 ], [ 10.638009, 46.15408 ], [ 10.639421, 46.155266 ], [ 10.641332, 46.155523 ], [ 10.644328, 46.156676 ], [ 10.646899, 46.157855 ], [ 10.648862, 46.158344 ], [ 10.650507, 46.159566 ], [ 10.652669, 46.160825 ], [ 10.654733, 46.161153 ], [ 10.655274, 46.162105 ], [ 10.655749, 46.163806 ], [ 10.657164, 46.166722 ], [ 10.65859, 46.166926 ], [ 10.662676, 46.166521 ], [ 10.666346, 46.166883 ], [ 10.668059, 46.166561 ], [ 10.669529, 46.165168 ], [ 10.673786, 46.165006 ], [ 10.67564, 46.165732 ], [ 10.677101, 46.16529 ], [ 10.677244, 46.169555 ], [ 10.676632, 46.17041 ], [ 10.674518, 46.174054 ], [ 10.675495, 46.17696 ], [ 10.677116, 46.178997 ], [ 10.676464, 46.184804 ], [ 10.67231, 46.18658 ], [ 10.666765, 46.188547 ], [ 10.665624, 46.189408 ], [ 10.663775, 46.189817 ], [ 10.662171, 46.19161 ], [ 10.661667, 46.192651 ], [ 10.660656, 46.196838 ], [ 10.660152, 46.197025 ], [ 10.659157, 46.199096 ], [ 10.656631, 46.201467 ], [ 10.655984, 46.202273 ], [ 10.656206, 46.205212 ], [ 10.65512, 46.210022 ], [ 10.65159, 46.21307 ], [ 10.649195, 46.215942 ], [ 10.645988, 46.216082 ], [ 10.642928, 46.217644 ], [ 10.639313, 46.219674 ], [ 10.635882, 46.222287 ], [ 10.633785, 46.222804 ], [ 10.632114, 46.22294 ], [ 10.630697, 46.223382 ], [ 10.629332, 46.222888 ], [ 10.627467, 46.222949 ], [ 10.62454, 46.223852 ], [ 10.620734, 46.223789 ], [ 10.619257, 46.223573 ], [ 10.616049, 46.22385 ] ] ], [ [ [ 10.755632, 46.124199 ], [ 10.755411, 46.124474 ], [ 10.752963, 46.124691 ], [ 10.751939, 46.125053 ], [ 10.751786, 46.125772 ], [ 10.750472, 46.126645 ], [ 10.746288, 46.127956 ], [ 10.744621, 46.128663 ], [ 10.737551, 46.130665 ], [ 10.732946, 46.131579 ], [ 10.728348, 46.133668 ], [ 10.725899, 46.132869 ], [ 10.722879, 46.132545 ], [ 10.716977, 46.133622 ], [ 10.714954, 46.132862 ], [ 10.714277, 46.130679 ], [ 10.712118, 46.129264 ], [ 10.710243, 46.129189 ], [ 10.709943, 46.127017 ], [ 10.708826, 46.126297 ], [ 10.705345, 46.123282 ], [ 10.713503, 46.12219 ], [ 10.717027, 46.120927 ], [ 10.72077, 46.119109 ], [ 10.724665, 46.117852 ], [ 10.725764, 46.117894 ], [ 10.728331, 46.116771 ], [ 10.731072, 46.116333 ], [ 10.7348, 46.116035 ], [ 10.737572, 46.115446 ], [ 10.741384, 46.113638 ], [ 10.745375, 46.112301 ], [ 10.747091, 46.111269 ], [ 10.749988, 46.11083 ], [ 10.750444, 46.11231 ], [ 10.752344, 46.113189 ], [ 10.753131, 46.11394 ], [ 10.753238, 46.115675 ], [ 10.755267, 46.117547 ], [ 10.755328, 46.118865 ], [ 10.754463, 46.120144 ], [ 10.753794, 46.121954 ], [ 10.754344, 46.123466 ], [ 10.755632, 46.124199 ] ] ] ] } },
{ "type": "Feature", "properties": { "com_altname": null, "com_area_code": "ITA", "com_capoluogo": "No", "com_code": "22189", "com_name": "Telve di Sopra", "com_name_lower": "telve di sopra", "com_name_upper": "TELVE DI SOPRA", "com_type": "Comune", "geo_point_2d": { "lat": 46.1077269028251, "lon": 11.444564060004856 }, "prov_code": "22", "prov_name": "Trento", "reg_code": "4", "reg_name": "Trentino-Alto Adige", "rip_code": "2", "rip_name": "Nord-Est", "year": "2022" }, "geometry": { "type": "Polygon", "coordinates": [ [ [ 11.402774, 46.132333 ], [ 11.40224, 46.131195 ], [ 11.400717, 46.12931 ], [ 11.398445, 46.12808 ], [ 11.399238, 46.125379 ], [ 11.403425, 46.125584 ], [ 11.40375, 46.125064 ], [ 11.407394, 46.124706 ], [ 11.410021, 46.124557 ], [ 11.411682, 46.124997 ], [ 11.41508, 46.124489 ], [ 11.41596, 46.124003 ], [ 11.419882, 46.12406 ], [ 11.42041, 46.122376 ], [ 11.420369, 46.121557 ], [ 11.42105, 46.120905 ], [ 11.421031, 46.119827 ], [ 11.42062, 46.119173 ], [ 11.421338, 46.118274 ], [ 11.425013, 46.115425 ], [ 11.426604, 46.115119 ], [ 11.427177, 46.114202 ], [ 11.427126, 46.113536 ], [ 11.427726, 46.112675 ], [ 11.427558, 46.11092 ], [ 11.42711, 46.110397 ], [ 11.427359, 46.109305 ], [ 11.427391, 46.107411 ], [ 11.428615, 46.105352 ], [ 11.429174, 46.105134 ], [ 11.430164, 46.103647 ], [ 11.430171, 46.102386 ], [ 11.431224, 46.101347 ], [ 11.43308, 46.100855 ], [ 11.435253, 46.101121 ], [ 11.435281, 46.099744 ], [ 11.436755, 46.097811 ], [ 11.438204, 46.094501 ], [ 11.438825, 46.093946 ], [ 11.440837, 46.092871 ], [ 11.443161, 46.091961 ], [ 11.444713, 46.090207 ], [ 11.445818, 46.089766 ], [ 11.447625, 46.089897 ], [ 11.448156, 46.089593 ], [ 11.449577, 46.089703 ], [ 11.449402, 46.087914 ], [ 11.450467, 46.086946 ], [ 11.453314, 46.085122 ], [ 11.454711, 46.083764 ], [ 11.455818, 46.081416 ], [ 11.458793, 46.07619 ], [ 11.461275, 46.071448 ], [ 11.462899, 46.069319 ], [ 11.463747, 46.07017 ], [ 11.465108, 46.070429 ], [ 11.464941, 46.069285 ], [ 11.464105, 46.068755 ], [ 11.463073, 46.067516 ], [ 11.461788, 46.065188 ], [ 11.461076, 46.064658 ], [ 11.460677, 46.063275 ], [ 11.45964, 46.062252 ], [ 11.459742, 46.05985 ], [ 11.460395, 46.059489 ], [ 11.464656, 46.060366 ], [ 11.467174, 46.062033 ], [ 11.469682, 46.06276 ], [ 11.470627, 46.062533 ], [ 11.470811, 46.061404 ], [ 11.472552, 46.064038 ], [ 11.47369, 46.064803 ], [ 11.476472, 46.067068 ], [ 11.476394, 46.067999 ], [ 11.475833, 46.069427 ], [ 11.474621, 46.070312 ], [ 11.475083, 46.070947 ], [ 11.475357, 46.072198 ], [ 11.475092, 46.073072 ], [ 11.47362, 46.074713 ], [ 11.471521, 46.075486 ], [ 11.468558, 46.074939 ], [ 11.46713, 46.075236 ], [ 11.46528, 46.075905 ], [ 11.460664, 46.07672 ], [ 11.460027, 46.077544 ], [ 11.464589, 46.077998 ], [ 11.466526, 46.078519 ], [ 11.468765, 46.078903 ], [ 11.469292, 46.079485 ], [ 11.469364, 46.080522 ], [ 11.468489, 46.081522 ], [ 11.468325, 46.0824 ], [ 11.468244, 46.088609 ], [ 11.4695, 46.0901 ], [ 11.472149, 46.092286 ], [ 11.473101, 46.093611 ], [ 11.472662, 46.097662 ], [ 11.470637, 46.09911 ], [ 11.4686, 46.100771 ], [ 11.468704, 46.101253 ], [ 11.47081, 46.104519 ], [ 11.469582, 46.105502 ], [ 11.466587, 46.106791 ], [ 11.465172, 46.108189 ], [ 11.462942, 46.10862 ], [ 11.461064, 46.108279 ], [ 11.459795, 46.108517 ], [ 11.456083, 46.10965 ], [ 11.453512, 46.109543 ], [ 11.452491, 46.109792 ], [ 11.449711, 46.11163 ], [ 11.448266, 46.112186 ], [ 11.446291, 46.113275 ], [ 11.449336, 46.116165 ], [ 11.452126, 46.118389 ], [ 11.456527, 46.119941 ], [ 11.461502, 46.122457 ], [ 11.466012, 46.123997 ], [ 11.466611, 46.124489 ], [ 11.46558, 46.125056 ], [ 11.462941, 46.125795 ], [ 11.458592, 46.126608 ], [ 11.455037, 46.126869 ], [ 11.454229, 46.126657 ], [ 11.452971, 46.126861 ], [ 11.452542, 46.128684 ], [ 11.451317, 46.131919 ], [ 11.449617, 46.13224 ], [ 11.44613, 46.132085 ], [ 11.443451, 46.132352 ], [ 11.442047, 46.133858 ], [ 11.441789, 46.135494 ], [ 11.440493, 46.135649 ], [ 11.438937, 46.135409 ], [ 11.437997, 46.135912 ], [ 11.436791, 46.135629 ], [ 11.435416, 46.134809 ], [ 11.433977, 46.134407 ], [ 11.432289, 46.134896 ], [ 11.426922, 46.134243 ], [ 11.423641, 46.134578 ], [ 11.420489, 46.138309 ], [ 11.419006, 46.137484 ], [ 11.417547, 46.137404 ], [ 11.413971, 46.137502 ], [ 11.412013, 46.137095 ], [ 11.411261, 46.136597 ], [ 11.409254, 46.136253 ], [ 11.408304, 46.135429 ], [ 11.404939, 46.13371 ], [ 11.402774, 46.132333 ] ] ] } },
{ "type": "Feature", "properties": { "com_altname": null, "com_area_code": "ITA", "com_capoluogo": "No", "com_code": "22029", "com_name": "Caderzone Terme", "com_name_lower": "caderzone terme", "com_name_upper": "CADERZONE TERME", "com_type": "Comune", "geo_point_2d": { "lat": 46.14756068713858, "lon": 10.72856649062336 }, "prov_code": "22", "prov_name": "Trento", "reg_code": "4", "reg_name": "Trentino-Alto Adige", "rip_code": "2", "rip_name": "Nord-Est", "year": "2022" }, "geometry": { "type": "Polygon", "coordinates": [ [ [ 10.755632, 46.124199 ], [ 10.75754, 46.124929 ], [ 10.758473, 46.125561 ], [ 10.760277, 46.127387 ], [ 10.761182, 46.12984 ], [ 10.761833, 46.129887 ], [ 10.763095, 46.132217 ], [ 10.763667, 46.132923 ], [ 10.763586, 46.135524 ], [ 10.765155, 46.137087 ], [ 10.765734, 46.139387 ], [ 10.765867, 46.143608 ], [ 10.765162, 46.145781 ], [ 10.764523, 46.148644 ], [ 10.763525, 46.149762 ], [ 10.761553, 46.150203 ], [ 10.758531, 46.151848 ], [ 10.758438, 46.152551 ], [ 10.756567, 46.154964 ], [ 10.755196, 46.155906 ], [ 10.751656, 46.154777 ], [ 10.74852, 46.153379 ], [ 10.746231, 46.152657 ], [ 10.745214, 46.152868 ], [ 10.744249, 46.153629 ], [ 10.742185, 46.156171 ], [ 10.741137, 46.157078 ], [ 10.739673, 46.159528 ], [ 10.739216, 46.16101 ], [ 10.737809, 46.161524 ], [ 10.735849, 46.162558 ], [ 10.734525, 46.163046 ], [ 10.735313, 46.166849 ], [ 10.735557, 46.16737 ], [ 10.735223, 46.170766 ], [ 10.732653, 46.17083 ], [ 10.732178, 46.171128 ], [ 10.730561, 46.17122 ], [ 10.72789, 46.170731 ], [ 10.726802, 46.169882 ], [ 10.726836, 46.169283 ], [ 10.725008, 46.169005 ], [ 10.72283, 46.169266 ], [ 10.721427, 46.168741 ], [ 10.719745, 46.16854 ], [ 10.717755, 46.168624 ], [ 10.716321, 46.168362 ], [ 10.714303, 46.168438 ], [ 10.711416, 46.168026 ], [ 10.707564, 46.166892 ], [ 10.703203, 46.166405 ], [ 10.700343, 46.165764 ], [ 10.698792, 46.165688 ], [ 10.695249, 46.164958 ], [ 10.692654, 46.164946 ], [ 10.693354, 46.163431 ], [ 10.693507, 46.160148 ], [ 10.692819, 46.155656 ], [ 10.692813, 46.153806 ], [ 10.69453, 46.152698 ], [ 10.696786, 46.151708 ], [ 10.700226, 46.149434 ], [ 10.701697, 46.148834 ], [ 10.698139, 46.146206 ], [ 10.698036, 46.145147 ], [ 10.69907, 46.143216 ], [ 10.699133, 46.142051 ], [ 10.699743, 46.140722 ], [ 10.700281, 46.138686 ], [ 10.700514, 46.136883 ], [ 10.70204, 46.134617 ], [ 10.704455, 46.133275 ], [ 10.710243, 46.129189 ], [ 10.712118, 46.129264 ], [ 10.714277, 46.130679 ], [ 10.714954, 46.132862 ], [ 10.716977, 46.133622 ], [ 10.722879, 46.132545 ], [ 10.725899, 46.132869 ], [ 10.728348, 46.133668 ], [ 10.732946, 46.131579 ], [ 10.737551, 46.130665 ], [ 10.744621, 46.128663 ], [ 10.746288, 46.127956 ], [ 10.750472, 46.126645 ], [ 10.751786, 46.125772 ], [ 10.751939, 46.125053 ], [ 10.752963, 46.124691 ], [ 10.755411, 46.124474 ], [ 10.755632, 46.124199 ] ] ] } },
{ "type": "Feature", "properties": { "com_altname": null, "com_area_code": "ITA", "com_capoluogo": "No", "com_code": "22254", "com_name": "Ville di Fiemme", "com_name_lower": "ville di fiemme", "com_name_upper": "VILLE DI FIEMME", "com_type": "Comune", "geo_point_2d": { "lat": 46.31756176580982, "lon": 11.44902470074562 }, "prov_code": "22", "prov_name": "Trento", "reg_code": "4", "reg_name": "Trentino-Alto Adige", "rip_code": "2", "rip_name": "Nord-Est", "year": "2022" }, "geometry": { "type": "Polygon", "coordinates": [ [ [ 11.447563, 46.286472 ], [ 11.44735, 46.289267 ], [ 11.448114, 46.290969 ], [ 11.447239, 46.292311 ], [ 11.446966, 46.295233 ], [ 11.449704, 46.295768 ], [ 11.451347, 46.295913 ], [ 11.452943, 46.296491 ], [ 11.45425, 46.296373 ], [ 11.454821, 46.296675 ], [ 11.459547, 46.296646 ], [ 11.462006, 46.296485 ], [ 11.463402, 46.296626 ], [ 11.463997, 46.293391 ], [ 11.465915, 46.292729 ], [ 11.466789, 46.292827 ], [ 11.467739, 46.293733 ], [ 11.468906, 46.294275 ], [ 11.471887, 46.295309 ], [ 11.47339, 46.295258 ], [ 11.473665, 46.295585 ], [ 11.475868, 46.296059 ], [ 11.476234, 46.296699 ], [ 11.477204, 46.296606 ], [ 11.477036, 46.295773 ], [ 11.478854, 46.29433 ], [ 11.480027, 46.294142 ], [ 11.482013, 46.294702 ], [ 11.486187, 46.293972 ], [ 11.487436, 46.292028 ], [ 11.489388, 46.292409 ], [ 11.489515, 46.293504 ], [ 11.490488, 46.294635 ], [ 11.492384, 46.298058 ], [ 11.493159, 46.299113 ], [ 11.491966, 46.303162 ], [ 11.48873, 46.308542 ], [ 11.488162, 46.309194 ], [ 11.485789, 46.310136 ], [ 11.487325, 46.311372 ], [ 11.48999, 46.312853 ], [ 11.49074, 46.313053 ], [ 11.490091, 46.315641 ], [ 11.491029, 46.317141 ], [ 11.490781, 46.317678 ], [ 11.489409, 46.318653 ], [ 11.489112, 46.319838 ], [ 11.488529, 46.320436 ], [ 11.48779, 46.32191 ], [ 11.48832, 46.323563 ], [ 11.488553, 46.326123 ], [ 11.489636, 46.329952 ], [ 11.491248, 46.331969 ], [ 11.497824, 46.33457 ], [ 11.498983, 46.335634 ], [ 11.500727, 46.338107 ], [ 11.501224, 46.339041 ], [ 11.503894, 46.342862 ], [ 11.505667, 46.343552 ], [ 11.508755, 46.344024 ], [ 11.511877, 46.345782 ], [ 11.517204, 46.34859 ], [ 11.520406, 46.35106 ], [ 11.52434, 46.353127 ], [ 11.526045, 46.354157 ], [ 11.525991, 46.355938 ], [ 11.523933, 46.356119 ], [ 11.519556, 46.356085 ], [ 11.515325, 46.35626 ], [ 11.512004, 46.358646 ], [ 11.507848, 46.359164 ], [ 11.506979, 46.359047 ], [ 11.505299, 46.359691 ], [ 11.50121, 46.360608 ], [ 11.496283, 46.360659 ], [ 11.494606, 46.361218 ], [ 11.490564, 46.361522 ], [ 11.487284, 46.362286 ], [ 11.485219, 46.362907 ], [ 11.482858, 46.363427 ], [ 11.478936, 46.36398 ], [ 11.476897, 46.363931 ], [ 11.478228, 46.362402 ], [ 11.478076, 46.36048 ], [ 11.478257, 46.359612 ], [ 11.479556, 46.356127 ], [ 11.476931, 46.353565 ], [ 11.472611, 46.351733 ], [ 11.468156, 46.351811 ], [ 11.464989, 46.351618 ], [ 11.462068, 46.349953 ], [ 11.461158, 46.349124 ], [ 11.459234, 46.346171 ], [ 11.459372, 46.344908 ], [ 11.459189, 46.342275 ], [ 11.458709, 46.340846 ], [ 11.45478, 46.334936 ], [ 11.452342, 46.334178 ], [ 11.446543, 46.333223 ], [ 11.442764, 46.332088 ], [ 11.441528, 46.331476 ], [ 11.436286, 46.329869 ], [ 11.432135, 46.328712 ], [ 11.426912, 46.327377 ], [ 11.424683, 46.326614 ], [ 11.420498, 46.325416 ], [ 11.415992, 46.325448 ], [ 11.41409, 46.32503 ], [ 11.412228, 46.324358 ], [ 11.410115, 46.324457 ], [ 11.407143, 46.324816 ], [ 11.404251, 46.324974 ], [ 11.403883, 46.324534 ], [ 11.400862, 46.319638 ], [ 11.399452, 46.318282 ], [ 11.399535, 46.31723 ], [ 11.398488, 46.316718 ], [ 11.397028, 46.314221 ], [ 11.397458, 46.313385 ], [ 11.397607, 46.311732 ], [ 11.396583, 46.310278 ], [ 11.399105, 46.309442 ], [ 11.400198, 46.308628 ], [ 11.398961, 46.307933 ], [ 11.397198, 46.308609 ], [ 11.395783, 46.309967 ], [ 11.388176, 46.304523 ], [ 11.386954, 46.303594 ], [ 11.384891, 46.30244 ], [ 11.379707, 46.301198 ], [ 11.377502, 46.300947 ], [ 11.372264, 46.301443 ], [ 11.368249, 46.30167 ], [ 11.36788, 46.300643 ], [ 11.364808, 46.301679 ], [ 11.363584, 46.301596 ], [ 11.360746, 46.300845 ], [ 11.359158, 46.299116 ], [ 11.359423, 46.297551 ], [ 11.358932, 46.296122 ], [ 11.365039, 46.294724 ], [ 11.371781, 46.293272 ], [ 11.377894, 46.292308 ], [ 11.38087, 46.291472 ], [ 11.381496, 46.290946 ], [ 11.384781, 46.286764 ], [ 11.385401, 46.283709 ], [ 11.385517, 46.281286 ], [ 11.386782, 46.280103 ], [ 11.390684, 46.281889 ], [ 11.398997, 46.285873 ], [ 11.40146, 46.286991 ], [ 11.407024, 46.289241 ], [ 11.407385, 46.289468 ], [ 11.411471, 46.290578 ], [ 11.413052, 46.291688 ], [ 11.415142, 46.292868 ], [ 11.41565, 46.292271 ], [ 11.416782, 46.29178 ], [ 11.417727, 46.290536 ], [ 11.41899, 46.290608 ], [ 11.419591, 46.28804 ], [ 11.421982, 46.287215 ], [ 11.423397, 46.286915 ], [ 11.425202, 46.285473 ], [ 11.426769, 46.284494 ], [ 11.429842, 46.284708 ], [ 11.433139, 46.28471 ], [ 11.43525, 46.285169 ], [ 11.436177, 46.285572 ], [ 11.438778, 46.285976 ], [ 11.441208, 46.286032 ], [ 11.444444, 46.285522 ], [ 11.447563, 46.286472 ] ] ] } },
{ "type": "Feature", "properties": { "com_altname": null, "com_area_code": "ITA", "com_capoluogo": "No", "com_code": "22052", "com_name": "Cavedago", "com_name_lower": "cavedago", "com_name_upper": "CAVEDAGO", "com_type": "Comune", "geo_point_2d": { "lat": 46.183869038902294, "lon": 11.009100365796229 }, "prov_code": "22", "prov_name": "Trento", "reg_code": "4", "reg_name": "Trentino-Alto Adige", "rip_code": "2", "rip_name": "Nord-Est", "year": "2022" }, "geometry": { "type": "Polygon", "coordinates": [ [ [ 11.045484, 46.190097 ], [ 11.044731, 46.191569 ], [ 11.043404, 46.191913 ], [ 11.039188, 46.191421 ], [ 11.039097, 46.193101 ], [ 11.037072, 46.193854 ], [ 11.034376, 46.195803 ], [ 11.034475, 46.196361 ], [ 11.035409, 46.196899 ], [ 11.034647, 46.198004 ], [ 11.034696, 46.199185 ], [ 11.033707, 46.199923 ], [ 11.033755, 46.200728 ], [ 11.030179, 46.201903 ], [ 11.028177, 46.201875 ], [ 11.027668, 46.200512 ], [ 11.027127, 46.200017 ], [ 11.025321, 46.199212 ], [ 11.023916, 46.199282 ], [ 11.023118, 46.198069 ], [ 11.021284, 46.195799 ], [ 11.019898, 46.19446 ], [ 11.01948, 46.193637 ], [ 11.017192, 46.191494 ], [ 11.012727, 46.191359 ], [ 11.011305, 46.190989 ], [ 11.011587, 46.190168 ], [ 11.010897, 46.189519 ], [ 11.010477, 46.188494 ], [ 11.009299, 46.188668 ], [ 11.008467, 46.189485 ], [ 11.005532, 46.188733 ], [ 11.004849, 46.188993 ], [ 11.003053, 46.18908 ], [ 11.001397, 46.188899 ], [ 10.998973, 46.18911 ], [ 10.998218, 46.189417 ], [ 10.996028, 46.189175 ], [ 10.993947, 46.188746 ], [ 10.992787, 46.187503 ], [ 10.991595, 46.187182 ], [ 10.989875, 46.187145 ], [ 10.988532, 46.186565 ], [ 10.986413, 46.185997 ], [ 10.985486, 46.186046 ], [ 10.982191, 46.185655 ], [ 10.974364, 46.185871 ], [ 10.973215, 46.185404 ], [ 10.970704, 46.185977 ], [ 10.968273, 46.186068 ], [ 10.968245, 46.185327 ], [ 10.966971, 46.181916 ], [ 10.965918, 46.179449 ], [ 10.96246, 46.17772 ], [ 10.965488, 46.175875 ], [ 10.96898, 46.173922 ], [ 10.97166, 46.171226 ], [ 10.972916, 46.169116 ], [ 10.97438, 46.167856 ], [ 10.977195, 46.169608 ], [ 10.981002, 46.171783 ], [ 10.98455, 46.174271 ], [ 10.987803, 46.176261 ], [ 10.990352, 46.177947 ], [ 10.992511, 46.178463 ], [ 10.998973, 46.17977 ], [ 11.001829, 46.179771 ], [ 11.003262, 46.179427 ], [ 11.006569, 46.178143 ], [ 11.006388, 46.177352 ], [ 11.00823, 46.178066 ], [ 11.008977, 46.178139 ], [ 11.011163, 46.176902 ], [ 11.012092, 46.1771 ], [ 11.014247, 46.178097 ], [ 11.014838, 46.17885 ], [ 11.016598, 46.177924 ], [ 11.017597, 46.177819 ], [ 11.01829, 46.176915 ], [ 11.018306, 46.175213 ], [ 11.01882, 46.174378 ], [ 11.018203, 46.173562 ], [ 11.018082, 46.172315 ], [ 11.020044, 46.172925 ], [ 11.021038, 46.17279 ], [ 11.02178, 46.173525 ], [ 11.023841, 46.174016 ], [ 11.02493, 46.174657 ], [ 11.026637, 46.174322 ], [ 11.029336, 46.174504 ], [ 11.029876, 46.175015 ], [ 11.029773, 46.176062 ], [ 11.033063, 46.177019 ], [ 11.034281, 46.177734 ], [ 11.035555, 46.178127 ], [ 11.039068, 46.178747 ], [ 11.040009, 46.178185 ], [ 11.041215, 46.179203 ], [ 11.041597, 46.180963 ], [ 11.042748, 46.183065 ], [ 11.045238, 46.18369 ], [ 11.047347, 46.184995 ], [ 11.046498, 46.187278 ], [ 11.045721, 46.190094 ], [ 11.045484, 46.190097 ] ] ] } },
{ "type": "Feature", "properties": { "com_altname": null, "com_area_code": "ITA", "com_capoluogo": "No", "com_code": "22237", "com_name": "Amblar-Don", "com_name_lower": "amblar-don", "com_name_upper": "AMBLAR-DON", "com_type": "Comune", "geo_point_2d": { "lat": 46.38562824129691, "lon": 11.171554418431995 }, "prov_code": "22", "prov_name": "Trento", "reg_code": "4", "reg_name": "Trentino-Alto Adige", "rip_code": "2", "rip_name": "Nord-Est", "year": "2022" }, "geometry": { "type": "Polygon", "coordinates": [ [ [ 11.124275, 46.381693 ], [ 11.125249, 46.382075 ], [ 11.127682, 46.382453 ], [ 11.130305, 46.383308 ], [ 11.132261, 46.38306 ], [ 11.13565, 46.38293 ], [ 11.139023, 46.384289 ], [ 11.141066, 46.384286 ], [ 11.14733, 46.382468 ], [ 11.147998, 46.382086 ], [ 11.152066, 46.378401 ], [ 11.15515, 46.376309 ], [ 11.156769, 46.375653 ], [ 11.159865, 46.374928 ], [ 11.162724, 46.373898 ], [ 11.163296, 46.373318 ], [ 11.163506, 46.371727 ], [ 11.164223, 46.369198 ], [ 11.164639, 46.36663 ], [ 11.166052, 46.366747 ], [ 11.167252, 46.365973 ], [ 11.168349, 46.366339 ], [ 11.169624, 46.365991 ], [ 11.170095, 46.366616 ], [ 11.172857, 46.364822 ], [ 11.178482, 46.361696 ], [ 11.179966, 46.362675 ], [ 11.18795, 46.359845 ], [ 11.188925, 46.359435 ], [ 11.191853, 46.359002 ], [ 11.191565, 46.359794 ], [ 11.192214, 46.361235 ], [ 11.192478, 46.362832 ], [ 11.193167, 46.364578 ], [ 11.194656, 46.36527 ], [ 11.196528, 46.365369 ], [ 11.197418, 46.364816 ], [ 11.199477, 46.364907 ], [ 11.20185, 46.365325 ], [ 11.205636, 46.367169 ], [ 11.205352, 46.36829 ], [ 11.204679, 46.368902 ], [ 11.203125, 46.369578 ], [ 11.2013, 46.370101 ], [ 11.199471, 46.372088 ], [ 11.201092, 46.373579 ], [ 11.203399, 46.377148 ], [ 11.203582, 46.377669 ], [ 11.203478, 46.380422 ], [ 11.207, 46.380431 ], [ 11.207552, 46.380857 ], [ 11.20654, 46.384117 ], [ 11.207094, 46.384983 ], [ 11.20658, 46.387139 ], [ 11.206813, 46.387527 ], [ 11.205488, 46.388502 ], [ 11.206931, 46.390175 ], [ 11.204979, 46.391891 ], [ 11.203012, 46.394233 ], [ 11.201382, 46.395799 ], [ 11.199046, 46.39831 ], [ 11.19889, 46.399118 ], [ 11.197722, 46.400648 ], [ 11.19469, 46.401274 ], [ 11.193406, 46.40182 ], [ 11.192335, 46.403227 ], [ 11.191138, 46.403673 ], [ 11.189192, 46.403692 ], [ 11.187171, 46.403231 ], [ 11.18255, 46.402406 ], [ 11.180017, 46.401082 ], [ 11.179646, 46.399114 ], [ 11.180256, 46.397612 ], [ 11.182552, 46.396295 ], [ 11.178262, 46.396458 ], [ 11.177342, 46.399468 ], [ 11.174578, 46.402756 ], [ 11.17401, 46.403662 ], [ 11.173945, 46.404991 ], [ 11.172759, 46.405153 ], [ 11.169808, 46.406267 ], [ 11.167431, 46.406532 ], [ 11.16564, 46.406172 ], [ 11.16368, 46.405532 ], [ 11.159883, 46.404569 ], [ 11.155301, 46.403886 ], [ 11.152113, 46.402484 ], [ 11.149512, 46.402051 ], [ 11.146846, 46.401912 ], [ 11.144597, 46.401059 ], [ 11.143039, 46.400706 ], [ 11.139634, 46.399433 ], [ 11.137254, 46.399536 ], [ 11.136866, 46.3993 ], [ 11.134614, 46.399743 ], [ 11.133014, 46.399746 ], [ 11.131514, 46.400624 ], [ 11.130958, 46.401242 ], [ 11.129848, 46.399854 ], [ 11.129094, 46.398217 ], [ 11.126655, 46.395679 ], [ 11.125944, 46.394063 ], [ 11.127454, 46.39125 ], [ 11.127578, 46.388188 ], [ 11.126611, 46.386631 ], [ 11.126029, 46.386209 ], [ 11.12485, 46.383225 ], [ 11.12429, 46.382498 ], [ 11.124275, 46.381693 ] ] ] } },
{ "type": "Feature", "properties": { "com_altname": null, "com_area_code": "ITA", "com_capoluogo": "No", "com_code": "22142", "com_name": "Pieve Tesino", "com_name_lower": "pieve tesino", "com_name_upper": "PIEVE TESINO", "com_type": "Comune", "geo_point_2d": { "lat": 46.14684914323178, "lon": 11.58138431943859 }, "prov_code": "22", "prov_name": "Trento", "reg_code": "4", "reg_name": "Trentino-Alto Adige", "rip_code": "2", "rip_name": "Nord-Est", "year": "2022" }, "geometry": { "type": "MultiPolygon", "coordinates": [ [ [ [ 11.586358, 46.165888 ], [ 11.586742, 46.160714 ], [ 11.588101, 46.157594 ], [ 11.589316, 46.15382 ], [ 11.589509, 46.152039 ], [ 11.590779, 46.150121 ], [ 11.591124, 46.149107 ], [ 11.591248, 46.14691 ], [ 11.592796, 46.145696 ], [ 11.594443, 46.145174 ], [ 11.595249, 46.144586 ], [ 11.595435, 46.143922 ], [ 11.592376, 46.14434 ], [ 11.589254, 46.144006 ], [ 11.584436, 46.144632 ], [ 11.582318, 46.144804 ], [ 11.577302, 46.146086 ], [ 11.574853, 46.146252 ], [ 11.572545, 46.146212 ], [ 11.570861, 46.145935 ], [ 11.570119, 46.145119 ], [ 11.566646, 46.143106 ], [ 11.564561, 46.137651 ], [ 11.566799, 46.135984 ], [ 11.568442, 46.135522 ], [ 11.573267, 46.136113 ], [ 11.574096, 46.135374 ], [ 11.57405, 46.13488 ], [ 11.57214, 46.133199 ], [ 11.570447, 46.132688 ], [ 11.57051, 46.130818 ], [ 11.569938, 46.129716 ], [ 11.570263, 46.129132 ], [ 11.569444, 46.128065 ], [ 11.56735, 46.127643 ], [ 11.567847, 46.126747 ], [ 11.570792, 46.117492 ], [ 11.571354, 46.116715 ], [ 11.576188, 46.116555 ], [ 11.578555, 46.115143 ], [ 11.582321, 46.11264 ], [ 11.583305, 46.112344 ], [ 11.584175, 46.109805 ], [ 11.588087, 46.108896 ], [ 11.588697, 46.108552 ], [ 11.589361, 46.106946 ], [ 11.589124, 46.106479 ], [ 11.588775, 46.103326 ], [ 11.586395, 46.100877 ], [ 11.584695, 46.0981 ], [ 11.582323, 46.096868 ], [ 11.578482, 46.097053 ], [ 11.57605, 46.095279 ], [ 11.57323, 46.094504 ], [ 11.572274, 46.0933 ], [ 11.570143, 46.091632 ], [ 11.571572, 46.088267 ], [ 11.572086, 46.085933 ], [ 11.571707, 46.082702 ], [ 11.570505, 46.081393 ], [ 11.568725, 46.081253 ], [ 11.567571, 46.080078 ], [ 11.56583, 46.078894 ], [ 11.564013, 46.077006 ], [ 11.562829, 46.075288 ], [ 11.565077, 46.073523 ], [ 11.56688, 46.072988 ], [ 11.568201, 46.07188 ], [ 11.568223, 46.070929 ], [ 11.569715, 46.06944 ], [ 11.570019, 46.068372 ], [ 11.570666, 46.06781 ], [ 11.570959, 46.066228 ], [ 11.572803, 46.066566 ], [ 11.573612, 46.067066 ], [ 11.576184, 46.067598 ], [ 11.578269, 46.066084 ], [ 11.578793, 46.064671 ], [ 11.580747, 46.063144 ], [ 11.582995, 46.063198 ], [ 11.584153, 46.062782 ], [ 11.584706, 46.061811 ], [ 11.584745, 46.060798 ], [ 11.586175, 46.057923 ], [ 11.587867, 46.057142 ], [ 11.594631, 46.059656 ], [ 11.598008, 46.060979 ], [ 11.602137, 46.059502 ], [ 11.605949, 46.060859 ], [ 11.608441, 46.061053 ], [ 11.609553, 46.061979 ], [ 11.610644, 46.061814 ], [ 11.612395, 46.061071 ], [ 11.613484, 46.061343 ], [ 11.614901, 46.063471 ], [ 11.615921, 46.064596 ], [ 11.617635, 46.064597 ], [ 11.620346, 46.065846 ], [ 11.622196, 46.065671 ], [ 11.62155, 46.066776 ], [ 11.622023, 46.067769 ], [ 11.621318, 46.069023 ], [ 11.621091, 46.070294 ], [ 11.620197, 46.071522 ], [ 11.620808, 46.073884 ], [ 11.621077, 46.075713 ], [ 11.620344, 46.077189 ], [ 11.620502, 46.077701 ], [ 11.619911, 46.078717 ], [ 11.620793, 46.07952 ], [ 11.620175, 46.080636 ], [ 11.620717, 46.081778 ], [ 11.619847, 46.083601 ], [ 11.61981, 46.08546 ], [ 11.620917, 46.087363 ], [ 11.621245, 46.089379 ], [ 11.620199, 46.091018 ], [ 11.620596, 46.092115 ], [ 11.620318, 46.093857 ], [ 11.620987, 46.094409 ], [ 11.618793, 46.095469 ], [ 11.618991, 46.096655 ], [ 11.618493, 46.097315 ], [ 11.618939, 46.098199 ], [ 11.618511, 46.098838 ], [ 11.621966, 46.099536 ], [ 11.624628, 46.100294 ], [ 11.626533, 46.099882 ], [ 11.628014, 46.101251 ], [ 11.629797, 46.101839 ], [ 11.63079, 46.101638 ], [ 11.632882, 46.102468 ], [ 11.633014, 46.103062 ], [ 11.634568, 46.104325 ], [ 11.634834, 46.104881 ], [ 11.636187, 46.105524 ], [ 11.636586, 46.107307 ], [ 11.638557, 46.108224 ], [ 11.63939, 46.109454 ], [ 11.642791, 46.111521 ], [ 11.645778, 46.112442 ], [ 11.648348, 46.114343 ], [ 11.648541, 46.11506 ], [ 11.64808, 46.116953 ], [ 11.648852, 46.11879 ], [ 11.648809, 46.120014 ], [ 11.651076, 46.121756 ], [ 11.652701, 46.123377 ], [ 11.652699, 46.123681 ], [ 11.65017, 46.123738 ], [ 11.646873, 46.123511 ], [ 11.643367, 46.123413 ], [ 11.640924, 46.121777 ], [ 11.639179, 46.1208 ], [ 11.635411, 46.119109 ], [ 11.633725, 46.119025 ], [ 11.631795, 46.116615 ], [ 11.631186, 46.116511 ], [ 11.625704, 46.11627 ], [ 11.622857, 46.115921 ], [ 11.620504, 46.115811 ], [ 11.619964, 46.117416 ], [ 11.620285, 46.119398 ], [ 11.62126, 46.119931 ], [ 11.621748, 46.120632 ], [ 11.620994, 46.122778 ], [ 11.620971, 46.123949 ], [ 11.621514, 46.126128 ], [ 11.614293, 46.129128 ], [ 11.613737, 46.131228 ], [ 11.613498, 46.134854 ], [ 11.613228, 46.136216 ], [ 11.612517, 46.137574 ], [ 11.611325, 46.14066 ], [ 11.610818, 46.142363 ], [ 11.608467, 46.141359 ], [ 11.605905, 46.1405 ], [ 11.605301, 46.143131 ], [ 11.603978, 46.144142 ], [ 11.603955, 46.144902 ], [ 11.610412, 46.14583 ], [ 11.612646, 46.146217 ], [ 11.609762, 46.148603 ], [ 11.608322, 46.149391 ], [ 11.608713, 46.150368 ], [ 11.610442, 46.152873 ], [ 11.611798, 46.15613 ], [ 11.612435, 46.157956 ], [ 11.610448, 46.160746 ], [ 11.611366, 46.167553 ], [ 11.611282, 46.16923 ], [ 11.610595, 46.170752 ], [ 11.607637, 46.174271 ], [ 11.60524, 46.176555 ], [ 11.604325, 46.176172 ], [ 11.600016, 46.173735 ], [ 11.597309, 46.172367 ], [ 11.594518, 46.170721 ], [ 11.590122, 46.168819 ], [ 11.587293, 46.166975 ], [ 11.586358, 46.165888 ] ] ], [ [ [ 11.624247, 46.21575 ], [ 11.624081, 46.217149 ], [ 11.623492, 46.218405 ], [ 11.622572, 46.218678 ], [ 11.620986, 46.220236 ], [ 11.619215, 46.221716 ], [ 11.617143, 46.2245 ], [ 11.614893, 46.225163 ], [ 11.61221, 46.227106 ], [ 11.60966, 46.228586 ], [ 11.606722, 46.229796 ], [ 11.602545, 46.232241 ], [ 11.599997, 46.233496 ], [ 11.598269, 46.234516 ], [ 11.596175, 46.235221 ], [ 11.593921, 46.233061 ], [ 11.588634, 46.227727 ], [ 11.585804, 46.22502 ], [ 11.580032, 46.222624 ], [ 11.574578, 46.220456 ], [ 11.57173, 46.219169 ], [ 11.567728, 46.219817 ], [ 11.567332, 46.220071 ], [ 11.563945, 46.220168 ], [ 11.562616, 46.22049 ], [ 11.558803, 46.222055 ], [ 11.556469, 46.220461 ], [ 11.553166, 46.218974 ], [ 11.55219, 46.218986 ], [ 11.547673, 46.218461 ], [ 11.544957, 46.216887 ], [ 11.544084, 46.215978 ], [ 11.543785, 46.214366 ], [ 11.540616, 46.214664 ], [ 11.536001, 46.212573 ], [ 11.533431, 46.210886 ], [ 11.534825, 46.206257 ], [ 11.532179, 46.203503 ], [ 11.531226, 46.202695 ], [ 11.530654, 46.203208 ], [ 11.529645, 46.203161 ], [ 11.526088, 46.202011 ], [ 11.524502, 46.201941 ], [ 11.523658, 46.202683 ], [ 11.522477, 46.203228 ], [ 11.519161, 46.201931 ], [ 11.516287, 46.199939 ], [ 11.514121, 46.199688 ], [ 11.511904, 46.199212 ], [ 11.510732, 46.199503 ], [ 11.510499, 46.199113 ], [ 11.51115, 46.195686 ], [ 11.510632, 46.194773 ], [ 11.508659, 46.192748 ], [ 11.505219, 46.190945 ], [ 11.503866, 46.189706 ], [ 11.503095, 46.189358 ], [ 11.499792, 46.188468 ], [ 11.498985, 46.187368 ], [ 11.498434, 46.185785 ], [ 11.498229, 46.184133 ], [ 11.498985, 46.183404 ], [ 11.499936, 46.181798 ], [ 11.502743, 46.180405 ], [ 11.507176, 46.177563 ], [ 11.508825, 46.176803 ], [ 11.510047, 46.175598 ], [ 11.512385, 46.174168 ], [ 11.514211, 46.1727 ], [ 11.517362, 46.171599 ], [ 11.520691, 46.171096 ], [ 11.521239, 46.16967 ], [ 11.521244, 46.168734 ], [ 11.522422, 46.166185 ], [ 11.523074, 46.165391 ], [ 11.522917, 46.164624 ], [ 11.523358, 46.163632 ], [ 11.525221, 46.161936 ], [ 11.526973, 46.163537 ], [ 11.52679, 46.164192 ], [ 11.527707, 46.165701 ], [ 11.530423, 46.167421 ], [ 11.533226, 46.169385 ], [ 11.533297, 46.171238 ], [ 11.535732, 46.176222 ], [ 11.537188, 46.178146 ], [ 11.5378, 46.181263 ], [ 11.539293, 46.181532 ], [ 11.543253, 46.181919 ], [ 11.544623, 46.17748 ], [ 11.547742, 46.177444 ], [ 11.550468, 46.175089 ], [ 11.556169, 46.177541 ], [ 11.557685, 46.17849 ], [ 11.560531, 46.179518 ], [ 11.561535, 46.181078 ], [ 11.563422, 46.182031 ], [ 11.564624, 46.182012 ], [ 11.565735, 46.182565 ], [ 11.568594, 46.18501 ], [ 11.56935, 46.185848 ], [ 11.571178, 46.186947 ], [ 11.570028, 46.188865 ], [ 11.570247, 46.190923 ], [ 11.570782, 46.191899 ], [ 11.572254, 46.192673 ], [ 11.572444, 46.193197 ], [ 11.573636, 46.194147 ], [ 11.574763, 46.194565 ], [ 11.576172, 46.195747 ], [ 11.577371, 46.197377 ], [ 11.57781, 46.19844 ], [ 11.57871, 46.198675 ], [ 11.578977, 46.200177 ], [ 11.580805, 46.20063 ], [ 11.582327, 46.202061 ], [ 11.584234, 46.202495 ], [ 11.586009, 46.203329 ], [ 11.586932, 46.204782 ], [ 11.588665, 46.206137 ], [ 11.590278, 46.206653 ], [ 11.592696, 46.207926 ], [ 11.594256, 46.20988 ], [ 11.595967, 46.210729 ], [ 11.597273, 46.21089 ], [ 11.60269, 46.212464 ], [ 11.60357, 46.213291 ], [ 11.605032, 46.213489 ], [ 11.605831, 46.214012 ], [ 11.607553, 46.214378 ], [ 11.609236, 46.214299 ], [ 11.610035, 46.214834 ], [ 11.611481, 46.21529 ], [ 11.612502, 46.215885 ], [ 11.614535, 46.215554 ], [ 11.616817, 46.215609 ], [ 11.620281, 46.216108 ], [ 11.624247, 46.21575 ] ] ] ] } },
{ "type": "Feature", "properties": { "com_altname": null, "com_area_code": "ITA", "com_capoluogo": "No", "com_code": "22097", "com_name": "Imer", "com_name_lower": "imer", "com_name_upper": "IMER", "com_type": "Comune", "geo_point_2d": { "lat": 46.15024854615592, "lon": 11.78666942694717 }, "prov_code": "22", "prov_name": "Trento", "reg_code": "4", "reg_name": "Trentino-Alto Adige", "rip_code": "2", "rip_name": "Nord-Est", "year": "2022" }, "geometry": { "type": "MultiPolygon", "coordinates": [ [ [ [ 11.827009, 46.107408 ], [ 11.825398, 46.111508 ], [ 11.822624, 46.119629 ], [ 11.8225, 46.121108 ], [ 11.822704, 46.122177 ], [ 11.822377, 46.123335 ], [ 11.821007, 46.125284 ], [ 11.820034, 46.12608 ], [ 11.81999, 46.127847 ], [ 11.819579, 46.130611 ], [ 11.81707, 46.132032 ], [ 11.815212, 46.132367 ], [ 11.812371, 46.13311 ], [ 11.811847, 46.134109 ], [ 11.810269, 46.135864 ], [ 11.810085, 46.136565 ], [ 11.808916, 46.13761 ], [ 11.806693, 46.140196 ], [ 11.804573, 46.142168 ], [ 11.805178, 46.14411 ], [ 11.804959, 46.144624 ], [ 11.802813, 46.145518 ], [ 11.804072, 46.147287 ], [ 11.804255, 46.148064 ], [ 11.803474, 46.150492 ], [ 11.803757, 46.150867 ], [ 11.802142, 46.152659 ], [ 11.800845, 46.154423 ], [ 11.797455, 46.15465 ], [ 11.795959, 46.156387 ], [ 11.793596, 46.157863 ], [ 11.791809, 46.158465 ], [ 11.790008, 46.159838 ], [ 11.787103, 46.160934 ], [ 11.784842, 46.161493 ], [ 11.780648, 46.164427 ], [ 11.777123, 46.16297 ], [ 11.774051, 46.162006 ], [ 11.773177, 46.160764 ], [ 11.771312, 46.159271 ], [ 11.768224, 46.157375 ], [ 11.764742, 46.155577 ], [ 11.767689, 46.151016 ], [ 11.76994, 46.148621 ], [ 11.770126, 46.145705 ], [ 11.769657, 46.142594 ], [ 11.768898, 46.142108 ], [ 11.765702, 46.140799 ], [ 11.765763, 46.139361 ], [ 11.764382, 46.139501 ], [ 11.763618, 46.138795 ], [ 11.762724, 46.136803 ], [ 11.762986, 46.13432 ], [ 11.762287, 46.133603 ], [ 11.762215, 46.131856 ], [ 11.762602, 46.131056 ], [ 11.763958, 46.13062 ], [ 11.763809, 46.129955 ], [ 11.762583, 46.129623 ], [ 11.762711, 46.12841 ], [ 11.763568, 46.126922 ], [ 11.765382, 46.124998 ], [ 11.767223, 46.125382 ], [ 11.76888, 46.125341 ], [ 11.769531, 46.125696 ], [ 11.770887, 46.124953 ], [ 11.771491, 46.123468 ], [ 11.772872, 46.122553 ], [ 11.773396, 46.12076 ], [ 11.77462, 46.120131 ], [ 11.775201, 46.118989 ], [ 11.774731, 46.117728 ], [ 11.77612, 46.114257 ], [ 11.776288, 46.113178 ], [ 11.777024, 46.111238 ], [ 11.776362, 46.110034 ], [ 11.77689, 46.108953 ], [ 11.773112, 46.107361 ], [ 11.773222, 46.106692 ], [ 11.774578, 46.105219 ], [ 11.775052, 46.10438 ], [ 11.777158, 46.103177 ], [ 11.780099, 46.102699 ], [ 11.78319, 46.102821 ], [ 11.784388, 46.102498 ], [ 11.784985, 46.102823 ], [ 11.786831, 46.102855 ], [ 11.789264, 46.103208 ], [ 11.792709, 46.103086 ], [ 11.794948, 46.103224 ], [ 11.796079, 46.103598 ], [ 11.797773, 46.103497 ], [ 11.80122, 46.103602 ], [ 11.803035, 46.103905 ], [ 11.805459, 46.103835 ], [ 11.806584, 46.102723 ], [ 11.809961, 46.102032 ], [ 11.81367, 46.102266 ], [ 11.814691, 46.102924 ], [ 11.815129, 46.104415 ], [ 11.816086, 46.105787 ], [ 11.817787, 46.107215 ], [ 11.819682, 46.107963 ], [ 11.822867, 46.107847 ], [ 11.824318, 46.107424 ], [ 11.827009, 46.107408 ] ] ], [ [ [ 11.788927, 46.217732 ], [ 11.791042, 46.219096 ], [ 11.793369, 46.220841 ], [ 11.792843, 46.221616 ], [ 11.793781, 46.222918 ], [ 11.793634, 46.223665 ], [ 11.792532, 46.224432 ], [ 11.792083, 46.22535 ], [ 11.794129, 46.228181 ], [ 11.788608, 46.229468 ], [ 11.787219, 46.229703 ], [ 11.782004, 46.2296 ], [ 11.777906, 46.229704 ], [ 11.771474, 46.229464 ], [ 11.768784, 46.22962 ], [ 11.762945, 46.230337 ], [ 11.761362, 46.230825 ], [ 11.757019, 46.232937 ], [ 11.754245, 46.233742 ], [ 11.752682, 46.233519 ], [ 11.752687, 46.231086 ], [ 11.750412, 46.228224 ], [ 11.74805, 46.227804 ], [ 11.74802, 46.227283 ], [ 11.74637, 46.226037 ], [ 11.744634, 46.225567 ], [ 11.743707, 46.225002 ], [ 11.744885, 46.224334 ], [ 11.74627, 46.223977 ], [ 11.746896, 46.223155 ], [ 11.747987, 46.22245 ], [ 11.748413, 46.221651 ], [ 11.748302, 46.220509 ], [ 11.749272, 46.219353 ], [ 11.748913, 46.21825 ], [ 11.749112, 46.216156 ], [ 11.751563, 46.214384 ], [ 11.756118, 46.212032 ], [ 11.757592, 46.211129 ], [ 11.758941, 46.20849 ], [ 11.759669, 46.207522 ], [ 11.761513, 46.208546 ], [ 11.763893, 46.210439 ], [ 11.763814, 46.211262 ], [ 11.764787, 46.212587 ], [ 11.765011, 46.213553 ], [ 11.766461, 46.21484 ], [ 11.769852, 46.214213 ], [ 11.771507, 46.214076 ], [ 11.77255, 46.213496 ], [ 11.775685, 46.213291 ], [ 11.777584, 46.213472 ], [ 11.779726, 46.214691 ], [ 11.781845, 46.21616 ], [ 11.783809, 46.217062 ], [ 11.786623, 46.218035 ], [ 11.788927, 46.217732 ] ] ] ] } },
{ "type": "Feature", "properties": { "com_altname": null, "com_area_code": "ITA", "com_capoluogo": "No", "com_code": "22153", "com_name": "Riva del Garda", "com_name_lower": "riva del garda", "com_name_upper": "RIVA DEL GARDA", "com_type": "Comune", "geo_point_2d": { "lat": 45.88912934047123, "lon": 10.821258797856121 }, "prov_code": "22", "prov_name": "Trento", "reg_code": "4", "reg_name": "Trentino-Alto Adige", "rip_code": "2", "rip_name": "Nord-Est", "year": "2022" }, "geometry": { "type": "MultiPolygon", "coordinates": [ [ [ [ 10.849142, 45.913504 ], [ 10.847758, 45.912693 ], [ 10.846079, 45.912646 ], [ 10.842518, 45.912247 ], [ 10.840669, 45.911558 ], [ 10.838663, 45.912056 ], [ 10.838408, 45.911652 ], [ 10.836545, 45.911128 ], [ 10.834567, 45.911026 ], [ 10.834135, 45.910381 ], [ 10.832742, 45.909958 ], [ 10.830931, 45.908141 ], [ 10.829767, 45.908067 ], [ 10.82628, 45.910016 ], [ 10.825889, 45.911434 ], [ 10.826221, 45.912009 ], [ 10.825572, 45.912909 ], [ 10.825443, 45.914968 ], [ 10.823565, 45.916386 ], [ 10.823491, 45.916772 ], [ 10.821442, 45.91814 ], [ 10.819814, 45.917816 ], [ 10.819232, 45.918008 ], [ 10.817108, 45.917832 ], [ 10.813475, 45.919207 ], [ 10.812245, 45.918799 ], [ 10.809602, 45.919434 ], [ 10.808662, 45.919035 ], [ 10.805648, 45.919274 ], [ 10.804789, 45.92024 ], [ 10.803241, 45.920411 ], [ 10.801109, 45.921445 ], [ 10.800266, 45.921437 ], [ 10.798616, 45.922467 ], [ 10.798327, 45.923955 ], [ 10.797667, 45.924854 ], [ 10.79772, 45.925922 ], [ 10.797197, 45.92659 ], [ 10.792231, 45.928036 ], [ 10.78825, 45.928681 ], [ 10.787425, 45.929013 ], [ 10.786693, 45.930107 ], [ 10.782902, 45.930112 ], [ 10.781465, 45.930884 ], [ 10.780645, 45.931714 ], [ 10.778633, 45.934397 ], [ 10.778209, 45.935271 ], [ 10.777412, 45.935964 ], [ 10.775631, 45.936752 ], [ 10.772378, 45.938918 ], [ 10.769772, 45.940908 ], [ 10.768879, 45.939198 ], [ 10.768861, 45.93795 ], [ 10.769224, 45.936828 ], [ 10.76594, 45.935191 ], [ 10.764765, 45.933258 ], [ 10.763605, 45.932412 ], [ 10.764184, 45.931565 ], [ 10.76612, 45.927646 ], [ 10.766651, 45.924048 ], [ 10.768095, 45.922165 ], [ 10.768292, 45.920064 ], [ 10.768068, 45.918549 ], [ 10.767282, 45.917855 ], [ 10.7673, 45.916783 ], [ 10.766821, 45.915035 ], [ 10.765317, 45.912823 ], [ 10.763585, 45.912391 ], [ 10.764226, 45.910677 ], [ 10.765588, 45.909853 ], [ 10.766789, 45.908594 ], [ 10.767537, 45.908463 ], [ 10.768279, 45.905976 ], [ 10.768591, 45.905978 ], [ 10.773164, 45.902725 ], [ 10.775303, 45.902857 ], [ 10.777053, 45.902414 ], [ 10.779008, 45.901591 ], [ 10.779928, 45.900669 ], [ 10.782065, 45.900512 ], [ 10.783494, 45.900846 ], [ 10.784927, 45.900895 ], [ 10.784829, 45.900041 ], [ 10.785575, 45.898054 ], [ 10.786301, 45.89698 ], [ 10.786021, 45.895218 ], [ 10.787925, 45.892848 ], [ 10.789205, 45.89191 ], [ 10.789694, 45.890926 ], [ 10.790813, 45.891658 ], [ 10.794364, 45.892061 ], [ 10.79856, 45.890393 ], [ 10.801518, 45.888301 ], [ 10.802281, 45.888138 ], [ 10.804117, 45.887135 ], [ 10.804358, 45.886168 ], [ 10.805114, 45.88527 ], [ 10.808033, 45.883407 ], [ 10.810246, 45.884076 ], [ 10.814559, 45.88568 ], [ 10.816841, 45.885476 ], [ 10.817354, 45.884997 ], [ 10.819268, 45.884331 ], [ 10.819897, 45.883395 ], [ 10.821317, 45.882416 ], [ 10.82154, 45.881663 ], [ 10.822342, 45.881313 ], [ 10.822934, 45.879871 ], [ 10.823128, 45.878657 ], [ 10.824502, 45.878672 ], [ 10.824269, 45.877854 ], [ 10.824602, 45.876813 ], [ 10.82115, 45.875901 ], [ 10.821344, 45.875684 ], [ 10.82611, 45.873334 ], [ 10.827142, 45.873089 ], [ 10.828074, 45.872319 ], [ 10.829774, 45.871476 ], [ 10.833418, 45.870251 ], [ 10.835411, 45.869964 ], [ 10.857957, 45.864379 ], [ 10.864637, 45.877024 ], [ 10.864494, 45.877836 ], [ 10.867335, 45.87878 ], [ 10.868871, 45.879925 ], [ 10.87077, 45.880619 ], [ 10.872904, 45.882062 ], [ 10.874196, 45.883585 ], [ 10.875175, 45.88523 ], [ 10.875472, 45.889075 ], [ 10.87514, 45.88967 ], [ 10.874841, 45.891523 ], [ 10.874446, 45.891844 ], [ 10.874027, 45.893334 ], [ 10.871972, 45.893925 ], [ 10.87117, 45.893604 ], [ 10.869004, 45.893273 ], [ 10.867688, 45.892855 ], [ 10.866128, 45.892684 ], [ 10.865238, 45.893247 ], [ 10.862243, 45.894632 ], [ 10.860959, 45.895358 ], [ 10.860708, 45.896518 ], [ 10.858418, 45.897908 ], [ 10.858037, 45.899088 ], [ 10.857423, 45.899354 ], [ 10.85929, 45.900795 ], [ 10.860553, 45.902462 ], [ 10.86304, 45.903436 ], [ 10.866562, 45.90664 ], [ 10.864741, 45.90773 ], [ 10.863525, 45.908049 ], [ 10.859921, 45.910158 ], [ 10.860707, 45.910805 ], [ 10.857986, 45.912451 ], [ 10.855039, 45.912884 ], [ 10.853778, 45.910876 ], [ 10.853125, 45.910462 ], [ 10.852082, 45.910748 ], [ 10.852055, 45.911696 ], [ 10.851541, 45.912456 ], [ 10.849142, 45.913504 ] ] ], [ [ [ 10.853207, 45.855386 ], [ 10.832836, 45.860225 ], [ 10.831662, 45.860119 ], [ 10.830016, 45.861119 ], [ 10.829722, 45.86089 ], [ 10.827238, 45.861964 ], [ 10.824918, 45.859192 ], [ 10.82302, 45.856691 ], [ 10.821228, 45.856859 ], [ 10.816833, 45.854974 ], [ 10.814841, 45.855183 ], [ 10.812054, 45.854674 ], [ 10.809798, 45.85318 ], [ 10.809275, 45.852616 ], [ 10.809302, 45.85166 ], [ 10.808763, 45.851085 ], [ 10.808528, 45.848781 ], [ 10.807577, 45.848292 ], [ 10.807257, 45.847408 ], [ 10.806488, 45.846893 ], [ 10.804962, 45.844038 ], [ 10.803739, 45.843321 ], [ 10.803398, 45.842026 ], [ 10.80177, 45.841925 ], [ 10.801305, 45.841388 ], [ 10.799005, 45.840138 ], [ 10.799064, 45.83885 ], [ 10.798632, 45.837891 ], [ 10.798776, 45.836045 ], [ 10.800903, 45.834754 ], [ 10.803583, 45.834415 ], [ 10.806025, 45.835161 ], [ 10.806321, 45.835669 ], [ 10.810432, 45.836607 ], [ 10.81135, 45.83579 ], [ 10.812675, 45.83585 ], [ 10.815845, 45.835044 ], [ 10.816589, 45.835013 ], [ 10.818467, 45.836404 ], [ 10.819598, 45.836753 ], [ 10.825385, 45.837745 ], [ 10.830324, 45.836136 ], [ 10.84015, 45.832756 ], [ 10.841273, 45.832377 ], [ 10.849882, 45.849088 ], [ 10.853207, 45.855386 ] ] ] ] } },
{ "type": "Feature", "properties": { "com_altname": null, "com_area_code": "ITA", "com_capoluogo": "No", "com_code": "22183", "com_name": "Storo", "com_name_lower": "storo", "com_name_upper": "STORO", "com_type": "Comune", "geo_point_2d": { "lat": 45.848735573295336, "lon": 10.559384437979888 }, "prov_code": "22", "prov_name": "Trento", "reg_code": "4", "reg_name": "Trentino-Alto Adige", "rip_code": "2", "rip_name": "Nord-Est", "year": "2022" }, "geometry": { "type": "Polygon", "coordinates": [ [ [ 10.63266, 45.812608 ], [ 10.635058, 45.816617 ], [ 10.635257, 45.817175 ], [ 10.636719, 45.818475 ], [ 10.638458, 45.819159 ], [ 10.640108, 45.819449 ], [ 10.64029, 45.821397 ], [ 10.641866, 45.82227 ], [ 10.641982, 45.823555 ], [ 10.641316, 45.824331 ], [ 10.64353, 45.8262 ], [ 10.643846, 45.829054 ], [ 10.640021, 45.832146 ], [ 10.637741, 45.833024 ], [ 10.635708, 45.832904 ], [ 10.634343, 45.833155 ], [ 10.631184, 45.832164 ], [ 10.629428, 45.831908 ], [ 10.628045, 45.83241 ], [ 10.628032, 45.833666 ], [ 10.63199, 45.835129 ], [ 10.632596, 45.835197 ], [ 10.634603, 45.836235 ], [ 10.636367, 45.838033 ], [ 10.636329, 45.838576 ], [ 10.637087, 45.839213 ], [ 10.637535, 45.84041 ], [ 10.637161, 45.841934 ], [ 10.636155, 45.843135 ], [ 10.635857, 45.844235 ], [ 10.634858, 45.844649 ], [ 10.6334, 45.846584 ], [ 10.630431, 45.849085 ], [ 10.626524, 45.853226 ], [ 10.624839, 45.853485 ], [ 10.622527, 45.85358 ], [ 10.620363, 45.855841 ], [ 10.620345, 45.85786 ], [ 10.61996, 45.85897 ], [ 10.620028, 45.860368 ], [ 10.616324, 45.862633 ], [ 10.612889, 45.864225 ], [ 10.612212, 45.86499 ], [ 10.61115, 45.865547 ], [ 10.608957, 45.865575 ], [ 10.607082, 45.865372 ], [ 10.603948, 45.863852 ], [ 10.602103, 45.862761 ], [ 10.601452, 45.861855 ], [ 10.599389, 45.860583 ], [ 10.597934, 45.860828 ], [ 10.596881, 45.862224 ], [ 10.59593, 45.862418 ], [ 10.595, 45.863759 ], [ 10.59253, 45.863568 ], [ 10.58957, 45.863614 ], [ 10.587531, 45.86317 ], [ 10.585504, 45.862078 ], [ 10.58301, 45.862205 ], [ 10.580236, 45.862818 ], [ 10.576722, 45.861912 ], [ 10.567003, 45.864747 ], [ 10.565678, 45.865751 ], [ 10.563406, 45.866628 ], [ 10.563876, 45.867319 ], [ 10.561207, 45.869662 ], [ 10.559121, 45.870629 ], [ 10.556354, 45.873083 ], [ 10.555483, 45.873326 ], [ 10.553216, 45.874621 ], [ 10.549906, 45.875649 ], [ 10.548898, 45.875194 ], [ 10.548029, 45.876133 ], [ 10.547213, 45.876264 ], [ 10.545624, 45.877289 ], [ 10.543809, 45.87798 ], [ 10.541204, 45.878337 ], [ 10.539916, 45.878847 ], [ 10.538191, 45.878725 ], [ 10.53677, 45.879632 ], [ 10.535795, 45.880953 ], [ 10.534186, 45.881394 ], [ 10.532444, 45.882242 ], [ 10.531689, 45.883549 ], [ 10.529957, 45.884431 ], [ 10.529242, 45.885057 ], [ 10.527795, 45.88545 ], [ 10.527436, 45.885856 ], [ 10.525691, 45.886026 ], [ 10.524527, 45.885544 ], [ 10.52263, 45.888152 ], [ 10.523016, 45.890099 ], [ 10.524519, 45.891396 ], [ 10.52547, 45.893143 ], [ 10.526052, 45.895375 ], [ 10.526186, 45.89677 ], [ 10.525059, 45.899079 ], [ 10.52435, 45.89944 ], [ 10.523698, 45.900398 ], [ 10.522273, 45.901516 ], [ 10.521061, 45.90153 ], [ 10.516864, 45.89982 ], [ 10.515555, 45.899541 ], [ 10.513232, 45.899523 ], [ 10.511915, 45.900308 ], [ 10.510559, 45.901595 ], [ 10.509297, 45.902256 ], [ 10.506912, 45.903036 ], [ 10.506176, 45.903444 ], [ 10.506095, 45.903152 ], [ 10.501952, 45.900349 ], [ 10.498962, 45.899504 ], [ 10.493811, 45.89986 ], [ 10.493296, 45.898062 ], [ 10.491994, 45.897 ], [ 10.493554, 45.894998 ], [ 10.495562, 45.893492 ], [ 10.496862, 45.892841 ], [ 10.494142, 45.891021 ], [ 10.494154, 45.890527 ], [ 10.491035, 45.888568 ], [ 10.490116, 45.887077 ], [ 10.490043, 45.884611 ], [ 10.490991, 45.882318 ], [ 10.492972, 45.88168 ], [ 10.494818, 45.879798 ], [ 10.496976, 45.878754 ], [ 10.497883, 45.877805 ], [ 10.49922, 45.878138 ], [ 10.501499, 45.877662 ], [ 10.503828, 45.875559 ], [ 10.504102, 45.87405 ], [ 10.502684, 45.872088 ], [ 10.502281, 45.871146 ], [ 10.502441, 45.869865 ], [ 10.501656, 45.867006 ], [ 10.501711, 45.86535 ], [ 10.502775, 45.863874 ], [ 10.502438, 45.863146 ], [ 10.502523, 45.862067 ], [ 10.501691, 45.861062 ], [ 10.501548, 45.858501 ], [ 10.502732, 45.856316 ], [ 10.504479, 45.855495 ], [ 10.505719, 45.854449 ], [ 10.506626, 45.851444 ], [ 10.504851, 45.849989 ], [ 10.504439, 45.848916 ], [ 10.505225, 45.848437 ], [ 10.504755, 45.847522 ], [ 10.505104, 45.84641 ], [ 10.504754, 45.844891 ], [ 10.506276, 45.842692 ], [ 10.507852, 45.840953 ], [ 10.507299, 45.840008 ], [ 10.50524, 45.837572 ], [ 10.503558, 45.837009 ], [ 10.502966, 45.836161 ], [ 10.50207, 45.833571 ], [ 10.501977, 45.832046 ], [ 10.502255, 45.830653 ], [ 10.502828, 45.829734 ], [ 10.505163, 45.828013 ], [ 10.506333, 45.826098 ], [ 10.507028, 45.82561 ], [ 10.508333, 45.823645 ], [ 10.510914, 45.824098 ], [ 10.511874, 45.824755 ], [ 10.513076, 45.82492 ], [ 10.513676, 45.825688 ], [ 10.5181, 45.826415 ], [ 10.520151, 45.826539 ], [ 10.521087, 45.826325 ], [ 10.523941, 45.827279 ], [ 10.525175, 45.826757 ], [ 10.526542, 45.82681 ], [ 10.529105, 45.826461 ], [ 10.532634, 45.823889 ], [ 10.53686, 45.822827 ], [ 10.537421, 45.822003 ], [ 10.540438, 45.82062 ], [ 10.540745, 45.819767 ], [ 10.543267, 45.818364 ], [ 10.543801, 45.817056 ], [ 10.543348, 45.815722 ], [ 10.547688, 45.814217 ], [ 10.548156, 45.814735 ], [ 10.550314, 45.814854 ], [ 10.554733, 45.814721 ], [ 10.561228, 45.814104 ], [ 10.565045, 45.814075 ], [ 10.568501, 45.81281 ], [ 10.570131, 45.812422 ], [ 10.574453, 45.809995 ], [ 10.576348, 45.809834 ], [ 10.578173, 45.80932 ], [ 10.580831, 45.810672 ], [ 10.582517, 45.811882 ], [ 10.586037, 45.812813 ], [ 10.587991, 45.810456 ], [ 10.590758, 45.811616 ], [ 10.589159, 45.813003 ], [ 10.588423, 45.813903 ], [ 10.593361, 45.815534 ], [ 10.595219, 45.818359 ], [ 10.599151, 45.822147 ], [ 10.601758, 45.823764 ], [ 10.602107, 45.824328 ], [ 10.603705, 45.825302 ], [ 10.605491, 45.825382 ], [ 10.607171, 45.824594 ], [ 10.611228, 45.823414 ], [ 10.614634, 45.823081 ], [ 10.617464, 45.82205 ], [ 10.618656, 45.822194 ], [ 10.620236, 45.82202 ], [ 10.625537, 45.820466 ], [ 10.627216, 45.821034 ], [ 10.627368, 45.819729 ], [ 10.628063, 45.818627 ], [ 10.629396, 45.817484 ], [ 10.629871, 45.816349 ], [ 10.63266, 45.812608 ] ] ] } },
{ "type": "Feature", "properties": { "com_altname": null, "com_area_code": "ITA", "com_capoluogo": "No", "com_code": "22089", "com_name": "Fornace", "com_name_lower": "fornace", "com_name_upper": "FORNACE", "com_type": "Comune", "geo_point_2d": { "lat": 46.122381380987164, "lon": 11.205391577604065 }, "prov_code": "22", "prov_name": "Trento", "reg_code": "4", "reg_name": "Trentino-Alto Adige", "rip_code": "2", "rip_name": "Nord-Est", "year": "2022" }, "geometry": { "type": "Polygon", "coordinates": [ [ [ 11.217071, 46.11032 ], [ 11.218939, 46.113015 ], [ 11.220695, 46.115766 ], [ 11.221231, 46.116945 ], [ 11.2228, 46.118556 ], [ 11.223098, 46.120505 ], [ 11.220906, 46.122668 ], [ 11.219289, 46.12242 ], [ 11.218394, 46.123877 ], [ 11.218485, 46.124949 ], [ 11.220388, 46.127228 ], [ 11.219091, 46.127885 ], [ 11.21943, 46.128599 ], [ 11.220467, 46.12943 ], [ 11.223009, 46.130204 ], [ 11.22159, 46.13149 ], [ 11.215866, 46.135933 ], [ 11.215039, 46.136436 ], [ 11.213082, 46.13831 ], [ 11.21126, 46.139444 ], [ 11.209994, 46.14051 ], [ 11.208595, 46.144434 ], [ 11.205915, 46.142256 ], [ 11.204218, 46.140678 ], [ 11.203231, 46.139164 ], [ 11.202613, 46.137115 ], [ 11.201588, 46.13499 ], [ 11.199427, 46.132339 ], [ 11.195666, 46.129515 ], [ 11.192012, 46.127988 ], [ 11.189713, 46.126824 ], [ 11.188631, 46.124991 ], [ 11.188254, 46.122326 ], [ 11.187322, 46.118608 ], [ 11.186724, 46.117667 ], [ 11.187701, 46.116147 ], [ 11.188113, 46.114941 ], [ 11.188702, 46.110471 ], [ 11.189551, 46.110371 ], [ 11.193242, 46.109312 ], [ 11.19613, 46.108177 ], [ 11.19878, 46.107733 ], [ 11.199706, 46.10601 ], [ 11.201237, 46.106572 ], [ 11.203596, 46.106823 ], [ 11.204922, 46.10775 ], [ 11.206538, 46.108002 ], [ 11.207558, 46.108545 ], [ 11.208378, 46.108083 ], [ 11.208718, 46.109396 ], [ 11.210832, 46.109536 ], [ 11.213332, 46.109349 ], [ 11.214532, 46.10871 ], [ 11.216244, 46.110071 ], [ 11.217071, 46.11032 ] ] ] } },
{ "type": "Feature", "properties": { "com_altname": null, "com_area_code": "ITA", "com_capoluogo": "No", "com_code": "22054", "com_name": "Cavizzana", "com_name_lower": "cavizzana", "com_name_upper": "CAVIZZANA", "com_type": "Comune", "geo_point_2d": { "lat": 46.3638448228949, "lon": 10.964289071611757 }, "prov_code": "22", "prov_name": "Trento", "reg_code": "4", "reg_name": "Trentino-Alto Adige", "rip_code": "2", "rip_name": "Nord-Est", "year": "2022" }, "geometry": { "type": "Polygon", "coordinates": [ [ [ 10.979163, 46.369366 ], [ 10.978655, 46.369608 ], [ 10.974336, 46.370614 ], [ 10.97085, 46.371677 ], [ 10.969798, 46.372833 ], [ 10.967202, 46.374491 ], [ 10.965365, 46.373067 ], [ 10.963074, 46.372468 ], [ 10.961724, 46.372704 ], [ 10.960668, 46.372494 ], [ 10.957242, 46.371146 ], [ 10.955546, 46.369785 ], [ 10.9535, 46.368578 ], [ 10.950887, 46.367366 ], [ 10.948144, 46.365382 ], [ 10.95058, 46.362291 ], [ 10.950582, 46.36173 ], [ 10.951866, 46.361288 ], [ 10.956713, 46.357591 ], [ 10.956613, 46.357063 ], [ 10.95981, 46.355747 ], [ 10.9606, 46.354974 ], [ 10.962833, 46.354218 ], [ 10.964838, 46.353235 ], [ 10.96663, 46.351766 ], [ 10.966687, 46.352226 ], [ 10.968195, 46.35302 ], [ 10.969108, 46.352989 ], [ 10.970222, 46.354627 ], [ 10.971458, 46.354747 ], [ 10.972622, 46.357092 ], [ 10.973956, 46.358154 ], [ 10.975075, 46.363429 ], [ 10.975931, 46.363918 ], [ 10.977921, 46.367395 ], [ 10.979163, 46.369366 ] ] ] } },
{ "type": "Feature", "properties": { "com_altname": null, "com_area_code": "ITA", "com_capoluogo": "No", "com_code": "22216", "com_name": "Vignola-Falesina", "com_name_lower": "vignola-falesina", "com_name_upper": "VIGNOLA-FALESINA", "com_type": "Comune", "geo_point_2d": { "lat": 46.05381225966584, "lon": 11.282203830803747 }, "prov_code": "22", "prov_name": "Trento", "reg_code": "4", "reg_name": "Trentino-Alto Adige", "rip_code": "2", "rip_name": "Nord-Est", "year": "2022" }, "geometry": { "type": "Polygon", "coordinates": [ [ [ 11.283497, 46.071895 ], [ 11.281537, 46.072699 ], [ 11.281092, 46.073514 ], [ 11.279861, 46.074281 ], [ 11.278391, 46.074633 ], [ 11.277437, 46.075858 ], [ 11.274118, 46.07334 ], [ 11.272154, 46.074446 ], [ 11.271282, 46.074533 ], [ 11.269382, 46.074 ], [ 11.267308, 46.072819 ], [ 11.266224, 46.071479 ], [ 11.264666, 46.071314 ], [ 11.263245, 46.071526 ], [ 11.262863, 46.070683 ], [ 11.26434, 46.070059 ], [ 11.264254, 46.06922 ], [ 11.263237, 46.068517 ], [ 11.26189, 46.067989 ], [ 11.260375, 46.067068 ], [ 11.257909, 46.064178 ], [ 11.258532, 46.064165 ], [ 11.259548, 46.063352 ], [ 11.257195, 46.063113 ], [ 11.256338, 46.063372 ], [ 11.254851, 46.06305 ], [ 11.25436, 46.06328 ], [ 11.253605, 46.062091 ], [ 11.254976, 46.062043 ], [ 11.255478, 46.061656 ], [ 11.260128, 46.060921 ], [ 11.267219, 46.060164 ], [ 11.26728, 46.058173 ], [ 11.264107, 46.057389 ], [ 11.261999, 46.057499 ], [ 11.258264, 46.057345 ], [ 11.259161, 46.054922 ], [ 11.259285, 46.053953 ], [ 11.257891, 46.052489 ], [ 11.259871, 46.049692 ], [ 11.259924, 46.049097 ], [ 11.260974, 46.048045 ], [ 11.262039, 46.04738 ], [ 11.263525, 46.046887 ], [ 11.263363, 46.04629 ], [ 11.264686, 46.046256 ], [ 11.268267, 46.045825 ], [ 11.271934, 46.04447 ], [ 11.274068, 46.043458 ], [ 11.273823, 46.040114 ], [ 11.275768, 46.039767 ], [ 11.280008, 46.038139 ], [ 11.281731, 46.037277 ], [ 11.283433, 46.036711 ], [ 11.282402, 46.036014 ], [ 11.27462, 46.03124 ], [ 11.273087, 46.030385 ], [ 11.274974, 46.028361 ], [ 11.277039, 46.026604 ], [ 11.278708, 46.027726 ], [ 11.286199, 46.033299 ], [ 11.288757, 46.035307 ], [ 11.291736, 46.034607 ], [ 11.292988, 46.0351 ], [ 11.29467, 46.035082 ], [ 11.296972, 46.035393 ], [ 11.299112, 46.035856 ], [ 11.299462, 46.038425 ], [ 11.304001, 46.044376 ], [ 11.306166, 46.047126 ], [ 11.307552, 46.049207 ], [ 11.306436, 46.049859 ], [ 11.304836, 46.052392 ], [ 11.303839, 46.054826 ], [ 11.302269, 46.057883 ], [ 11.302487, 46.060245 ], [ 11.302014, 46.061105 ], [ 11.300881, 46.061854 ], [ 11.300154, 46.062997 ], [ 11.299037, 46.063762 ], [ 11.297916, 46.065241 ], [ 11.298197, 46.066035 ], [ 11.296395, 46.066064 ], [ 11.295233, 46.067172 ], [ 11.292869, 46.067843 ], [ 11.290496, 46.068098 ], [ 11.289075, 46.069311 ], [ 11.288148, 46.070626 ], [ 11.285047, 46.071156 ], [ 11.283497, 46.071895 ] ] ] } },
{ "type": "Feature", "properties": { "com_altname": null, "com_area_code": "ITA", "com_capoluogo": "No", "com_code": "22150", "com_name": "Rabbi", "com_name_lower": "rabbi", "com_name_upper": "RABBI", "com_type": "Comune", "geo_point_2d": { "lat": 46.41171255058561, "lon": 10.79268003362327 }, "prov_code": "22", "prov_name": "Trento", "reg_code": "4", "reg_name": "Trentino-Alto Adige", "rip_code": "2", "rip_name": "Nord-Est", "year": "2022" }, "geometry": { "type": "Polygon", "coordinates": [ [ [ 10.764977, 46.485957 ], [ 10.763088, 46.485936 ], [ 10.758396, 46.486701 ], [ 10.757996, 46.486243 ], [ 10.755471, 46.485693 ], [ 10.754059, 46.485931 ], [ 10.752456, 46.485919 ], [ 10.751137, 46.485418 ], [ 10.750448, 46.484663 ], [ 10.748951, 46.483832 ], [ 10.747935, 46.48391 ], [ 10.747185, 46.484493 ], [ 10.745235, 46.485013 ], [ 10.742443, 46.483679 ], [ 10.740846, 46.482236 ], [ 10.739092, 46.481552 ], [ 10.737834, 46.479681 ], [ 10.736128, 46.478483 ], [ 10.735786, 46.477957 ], [ 10.734567, 46.477328 ], [ 10.733828, 46.47661 ], [ 10.733335, 46.475033 ], [ 10.731886, 46.473714 ], [ 10.730576, 46.472994 ], [ 10.728417, 46.472336 ], [ 10.727302, 46.471705 ], [ 10.726685, 46.47031 ], [ 10.72593, 46.469899 ], [ 10.724292, 46.469599 ], [ 10.723738, 46.468978 ], [ 10.722555, 46.468627 ], [ 10.72171, 46.467433 ], [ 10.719002, 46.466223 ], [ 10.718898, 46.465415 ], [ 10.717895, 46.464593 ], [ 10.716899, 46.46315 ], [ 10.716653, 46.46111 ], [ 10.712586, 46.460586 ], [ 10.709282, 46.46114 ], [ 10.708277, 46.461796 ], [ 10.707687, 46.461634 ], [ 10.70692, 46.460528 ], [ 10.704679, 46.459688 ], [ 10.703161, 46.458823 ], [ 10.701379, 46.458644 ], [ 10.699101, 46.458718 ], [ 10.695673, 46.458202 ], [ 10.69437, 46.456934 ], [ 10.692189, 46.455886 ], [ 10.690373, 46.455697 ], [ 10.689285, 46.453751 ], [ 10.689697, 46.453187 ], [ 10.701375, 46.439334 ], [ 10.703442, 46.439241 ], [ 10.704734, 46.438906 ], [ 10.70637, 46.437946 ], [ 10.70743, 46.437705 ], [ 10.71041, 46.435609 ], [ 10.711974, 46.434838 ], [ 10.71406, 46.434933 ], [ 10.716332, 46.433909 ], [ 10.721373, 46.433608 ], [ 10.722018, 46.431772 ], [ 10.721694, 46.430984 ], [ 10.72215, 46.430177 ], [ 10.722918, 46.429778 ], [ 10.723803, 46.428532 ], [ 10.725659, 46.427118 ], [ 10.726722, 46.425347 ], [ 10.725415, 46.42434 ], [ 10.723901, 46.422545 ], [ 10.723284, 46.421133 ], [ 10.72314, 46.41947 ], [ 10.721699, 46.417926 ], [ 10.718469, 46.41495 ], [ 10.717429, 46.414147 ], [ 10.717583, 46.412408 ], [ 10.719658, 46.409713 ], [ 10.719251, 46.408765 ], [ 10.719856, 46.408135 ], [ 10.723204, 46.406203 ], [ 10.724561, 46.403042 ], [ 10.72553, 46.401605 ], [ 10.725837, 46.399369 ], [ 10.724382, 46.39838 ], [ 10.723578, 46.394935 ], [ 10.72389, 46.39308 ], [ 10.722838, 46.391381 ], [ 10.721649, 46.390151 ], [ 10.722882, 46.390161 ], [ 10.723096, 46.388543 ], [ 10.723679, 46.387216 ], [ 10.724152, 46.385288 ], [ 10.724968, 46.383237 ], [ 10.726304, 46.381241 ], [ 10.726985, 46.379711 ], [ 10.727246, 46.378512 ], [ 10.72951, 46.376449 ], [ 10.731059, 46.375846 ], [ 10.734909, 46.373674 ], [ 10.736046, 46.372469 ], [ 10.735974, 46.369387 ], [ 10.735613, 46.367685 ], [ 10.735063, 46.36674 ], [ 10.733603, 46.365173 ], [ 10.737052, 46.364486 ], [ 10.737786, 46.364183 ], [ 10.741594, 46.362071 ], [ 10.744406, 46.363104 ], [ 10.747292, 46.364366 ], [ 10.74997, 46.365173 ], [ 10.751541, 46.365427 ], [ 10.755376, 46.365473 ], [ 10.756083, 46.366149 ], [ 10.758654, 46.367125 ], [ 10.759723, 46.368187 ], [ 10.760673, 46.368187 ], [ 10.762823, 46.368756 ], [ 10.764448, 46.368322 ], [ 10.765156, 46.367455 ], [ 10.767711, 46.366079 ], [ 10.769558, 46.364565 ], [ 10.770621, 46.364303 ], [ 10.774537, 46.364236 ], [ 10.781223, 46.365331 ], [ 10.783637, 46.366108 ], [ 10.785932, 46.366639 ], [ 10.786489, 46.366297 ], [ 10.786678, 46.367125 ], [ 10.790019, 46.367324 ], [ 10.79508, 46.368684 ], [ 10.797159, 46.369619 ], [ 10.798503, 46.369736 ], [ 10.799815, 46.369354 ], [ 10.801555, 46.366515 ], [ 10.801993, 46.364648 ], [ 10.802562, 46.363141 ], [ 10.801685, 46.361502 ], [ 10.80459, 46.360621 ], [ 10.806414, 46.360302 ], [ 10.810714, 46.360244 ], [ 10.811299, 46.359122 ], [ 10.811341, 46.357844 ], [ 10.812146, 46.357388 ], [ 10.815675, 46.354361 ], [ 10.817374, 46.353604 ], [ 10.819001, 46.352573 ], [ 10.820919, 46.351074 ], [ 10.822198, 46.349738 ], [ 10.822907, 46.349107 ], [ 10.824922, 46.348466 ], [ 10.827234, 46.348694 ], [ 10.828044, 46.349374 ], [ 10.830619, 46.35039 ], [ 10.832295, 46.350309 ], [ 10.833891, 46.34957 ], [ 10.837178, 46.349392 ], [ 10.838728, 46.349106 ], [ 10.842348, 46.348688 ], [ 10.844205, 46.34892 ], [ 10.846103, 46.350478 ], [ 10.847675, 46.351381 ], [ 10.850393, 46.351595 ], [ 10.852753, 46.353769 ], [ 10.854407, 46.354938 ], [ 10.856529, 46.357185 ], [ 10.854448, 46.3616 ], [ 10.853908, 46.362504 ], [ 10.853991, 46.363623 ], [ 10.853527, 46.36544 ], [ 10.854172, 46.366235 ], [ 10.858252, 46.367137 ], [ 10.858788, 46.367377 ], [ 10.86063, 46.369284 ], [ 10.862834, 46.371165 ], [ 10.86487, 46.372446 ], [ 10.870184, 46.369494 ], [ 10.87118, 46.369043 ], [ 10.874255, 46.367138 ], [ 10.878081, 46.368661 ], [ 10.880751, 46.369861 ], [ 10.881515, 46.37038 ], [ 10.884314, 46.36906 ], [ 10.885441, 46.368224 ], [ 10.886868, 46.367577 ], [ 10.889354, 46.367171 ], [ 10.890636, 46.366774 ], [ 10.892929, 46.365659 ], [ 10.89446, 46.365237 ], [ 10.896632, 46.366833 ], [ 10.899445, 46.365315 ], [ 10.901089, 46.365552 ], [ 10.901351, 46.366007 ], [ 10.900671, 46.368238 ], [ 10.9006, 46.369617 ], [ 10.901015, 46.370645 ], [ 10.898605, 46.372601 ], [ 10.896025, 46.374398 ], [ 10.896805, 46.375212 ], [ 10.898053, 46.379115 ], [ 10.89654, 46.379484 ], [ 10.894878, 46.380623 ], [ 10.893386, 46.381942 ], [ 10.892006, 46.38272 ], [ 10.891877, 46.383284 ], [ 10.88973, 46.384329 ], [ 10.889778, 46.385332 ], [ 10.889129, 46.386695 ], [ 10.887798, 46.38612 ], [ 10.885365, 46.385539 ], [ 10.883189, 46.384138 ], [ 10.879115, 46.384744 ], [ 10.877332, 46.384685 ], [ 10.87754, 46.386134 ], [ 10.88098, 46.390085 ], [ 10.884645, 46.393941 ], [ 10.885661, 46.396511 ], [ 10.888564, 46.397103 ], [ 10.889627, 46.397844 ], [ 10.892201, 46.398448 ], [ 10.896191, 46.400279 ], [ 10.89665, 46.400757 ], [ 10.896638, 46.402287 ], [ 10.895081, 46.404284 ], [ 10.893606, 46.404543 ], [ 10.890954, 46.404596 ], [ 10.889579, 46.405095 ], [ 10.887963, 46.406139 ], [ 10.887961, 46.407948 ], [ 10.887388, 46.409073 ], [ 10.887362, 46.410595 ], [ 10.885078, 46.412262 ], [ 10.884635, 46.413772 ], [ 10.884762, 46.414418 ], [ 10.884103, 46.416085 ], [ 10.882879, 46.416807 ], [ 10.882206, 46.417655 ], [ 10.879672, 46.418902 ], [ 10.876147, 46.420085 ], [ 10.873058, 46.421459 ], [ 10.871431, 46.421081 ], [ 10.868468, 46.420814 ], [ 10.86414, 46.421371 ], [ 10.862791, 46.422257 ], [ 10.861126, 46.422662 ], [ 10.859006, 46.423848 ], [ 10.860547, 46.425929 ], [ 10.861373, 46.426492 ], [ 10.861816, 46.428797 ], [ 10.863776, 46.431681 ], [ 10.8623, 46.433838 ], [ 10.861324, 46.436131 ], [ 10.85646, 46.437029 ], [ 10.854444, 46.437089 ], [ 10.852983, 46.43813 ], [ 10.852046, 46.439288 ], [ 10.850443, 46.439219 ], [ 10.846277, 46.439615 ], [ 10.843205, 46.439647 ], [ 10.841826, 46.440065 ], [ 10.840948, 46.439485 ], [ 10.83794, 46.439093 ], [ 10.836526, 46.439223 ], [ 10.835068, 46.438842 ], [ 10.834208, 46.439198 ], [ 10.831865, 46.439705 ], [ 10.831071, 46.440391 ], [ 10.82991, 46.440706 ], [ 10.827608, 46.440392 ], [ 10.824948, 46.440633 ], [ 10.821472, 46.442191 ], [ 10.819901, 46.442342 ], [ 10.816238, 46.442967 ], [ 10.813834, 46.443105 ], [ 10.811813, 46.443425 ], [ 10.810472, 46.443014 ], [ 10.809429, 46.442175 ], [ 10.804749, 46.442402 ], [ 10.800381, 46.442966 ], [ 10.79707, 46.444836 ], [ 10.796863, 46.446072 ], [ 10.794761, 46.448265 ], [ 10.791687, 46.450609 ], [ 10.789666, 46.453295 ], [ 10.789541, 46.455061 ], [ 10.788077, 46.456461 ], [ 10.785627, 46.459199 ], [ 10.785562, 46.460811 ], [ 10.78352, 46.462463 ], [ 10.783129, 46.463261 ], [ 10.781973, 46.464152 ], [ 10.78192, 46.465341 ], [ 10.781388, 46.466195 ], [ 10.781493, 46.469019 ], [ 10.781116, 46.469817 ], [ 10.779875, 46.470908 ], [ 10.780102, 46.471471 ], [ 10.779427, 46.472354 ], [ 10.777701, 46.472156 ], [ 10.776261, 46.472737 ], [ 10.775052, 46.473619 ], [ 10.773794, 46.474188 ], [ 10.771326, 46.475999 ], [ 10.770483, 46.476893 ], [ 10.770568, 46.477541 ], [ 10.769928, 46.479099 ], [ 10.769305, 46.479558 ], [ 10.768338, 46.481472 ], [ 10.766619, 46.482714 ], [ 10.766071, 46.483496 ], [ 10.766178, 46.485195 ], [ 10.764977, 46.485957 ] ] ] } },
{ "type": "Feature", "properties": { "com_altname": null, "com_area_code": "ITA", "com_capoluogo": "No", "com_code": "22196", "com_name": "Tesero", "com_name_lower": "tesero", "com_name_upper": "TESERO", "com_type": "Comune", "geo_point_2d": { "lat": 46.28708066539451, "lon": 11.51990917004831 }, "prov_code": "22", "prov_name": "Trento", "reg_code": "4", "reg_name": "Trentino-Alto Adige", "rip_code": "2", "rip_name": "Nord-Est", "year": "2022" }, "geometry": { "type": "Polygon", "coordinates": [ [ [ 11.544957, 46.216887 ], [ 11.541454, 46.219101 ], [ 11.538627, 46.223963 ], [ 11.538016, 46.226251 ], [ 11.540408, 46.230294 ], [ 11.540382, 46.231272 ], [ 11.537077, 46.234024 ], [ 11.535453, 46.235505 ], [ 11.534735, 46.236977 ], [ 11.535082, 46.242413 ], [ 11.534212, 46.243332 ], [ 11.533172, 46.243487 ], [ 11.530095, 46.246365 ], [ 11.533231, 46.249716 ], [ 11.537883, 46.252889 ], [ 11.534336, 46.254578 ], [ 11.532441, 46.255 ], [ 11.53495, 46.257626 ], [ 11.53625, 46.259357 ], [ 11.536196, 46.260109 ], [ 11.539099, 46.264098 ], [ 11.539131, 46.264596 ], [ 11.538126, 46.266562 ], [ 11.541436, 46.267742 ], [ 11.5411, 46.269207 ], [ 11.539151, 46.26945 ], [ 11.538496, 46.27255 ], [ 11.538283, 46.278636 ], [ 11.537268, 46.278898 ], [ 11.537332, 46.280317 ], [ 11.5363, 46.280362 ], [ 11.536273, 46.280972 ], [ 11.537758, 46.281931 ], [ 11.536445, 46.28265 ], [ 11.536698, 46.284316 ], [ 11.536287, 46.285249 ], [ 11.535515, 46.285507 ], [ 11.533122, 46.285709 ], [ 11.531917, 46.285544 ], [ 11.531009, 46.286513 ], [ 11.528276, 46.286621 ], [ 11.528026, 46.288797 ], [ 11.528511, 46.291763 ], [ 11.528558, 46.294182 ], [ 11.531033, 46.293561 ], [ 11.531919, 46.292453 ], [ 11.533146, 46.292274 ], [ 11.53469, 46.29357 ], [ 11.535089, 46.294652 ], [ 11.534802, 46.29606 ], [ 11.536044, 46.298524 ], [ 11.534065, 46.299473 ], [ 11.530907, 46.301388 ], [ 11.527591, 46.304377 ], [ 11.524865, 46.306669 ], [ 11.52953, 46.30617 ], [ 11.532533, 46.306779 ], [ 11.533657, 46.305251 ], [ 11.537595, 46.30168 ], [ 11.538965, 46.301245 ], [ 11.539637, 46.303993 ], [ 11.540462, 46.306099 ], [ 11.541468, 46.307075 ], [ 11.54157, 46.308153 ], [ 11.54222, 46.308733 ], [ 11.54171, 46.310616 ], [ 11.542257, 46.314843 ], [ 11.543066, 46.316328 ], [ 11.542815, 46.317072 ], [ 11.542989, 46.31831 ], [ 11.54467, 46.319829 ], [ 11.545011, 46.322135 ], [ 11.544743, 46.323914 ], [ 11.545035, 46.325455 ], [ 11.54436, 46.329385 ], [ 11.544469, 46.332011 ], [ 11.546902, 46.331813 ], [ 11.549195, 46.33223 ], [ 11.551189, 46.33124 ], [ 11.553142, 46.330765 ], [ 11.555711, 46.329287 ], [ 11.556499, 46.330303 ], [ 11.558215, 46.33201 ], [ 11.55858, 46.334261 ], [ 11.559681, 46.335568 ], [ 11.559017, 46.338328 ], [ 11.55844, 46.33934 ], [ 11.558725, 46.345157 ], [ 11.558429, 46.346892 ], [ 11.558739, 46.349351 ], [ 11.557246, 46.350945 ], [ 11.555143, 46.349728 ], [ 11.553288, 46.348402 ], [ 11.552356, 46.347081 ], [ 11.551318, 46.344891 ], [ 11.55007, 46.344603 ], [ 11.549485, 46.345157 ], [ 11.54838, 46.345442 ], [ 11.545245, 46.345647 ], [ 11.544088, 46.346492 ], [ 11.543206, 46.348194 ], [ 11.542261, 46.349124 ], [ 11.540522, 46.350027 ], [ 11.53927, 46.351045 ], [ 11.536601, 46.352067 ], [ 11.535259, 46.352761 ], [ 11.529039, 46.35354 ], [ 11.526045, 46.354157 ], [ 11.52434, 46.353127 ], [ 11.520406, 46.35106 ], [ 11.517204, 46.34859 ], [ 11.511877, 46.345782 ], [ 11.508755, 46.344024 ], [ 11.505667, 46.343552 ], [ 11.503894, 46.342862 ], [ 11.501224, 46.339041 ], [ 11.500727, 46.338107 ], [ 11.498983, 46.335634 ], [ 11.497824, 46.33457 ], [ 11.491248, 46.331969 ], [ 11.489636, 46.329952 ], [ 11.488553, 46.326123 ], [ 11.48832, 46.323563 ], [ 11.48779, 46.32191 ], [ 11.488529, 46.320436 ], [ 11.489112, 46.319838 ], [ 11.489409, 46.318653 ], [ 11.490781, 46.317678 ], [ 11.491029, 46.317141 ], [ 11.490091, 46.315641 ], [ 11.49074, 46.313053 ], [ 11.48999, 46.312853 ], [ 11.487325, 46.311372 ], [ 11.485789, 46.310136 ], [ 11.488162, 46.309194 ], [ 11.48873, 46.308542 ], [ 11.491966, 46.303162 ], [ 11.493159, 46.299113 ], [ 11.492384, 46.298058 ], [ 11.490488, 46.294635 ], [ 11.489515, 46.293504 ], [ 11.489388, 46.292409 ], [ 11.48977, 46.291401 ], [ 11.488846, 46.287911 ], [ 11.488369, 46.287418 ], [ 11.492166, 46.286399 ], [ 11.492794, 46.285359 ], [ 11.494256, 46.2844 ], [ 11.495485, 46.284022 ], [ 11.497243, 46.284137 ], [ 11.498373, 46.284436 ], [ 11.500851, 46.286536 ], [ 11.501488, 46.286757 ], [ 11.504449, 46.286492 ], [ 11.506244, 46.285063 ], [ 11.505434, 46.284096 ], [ 11.504939, 46.282032 ], [ 11.502997, 46.279837 ], [ 11.502917, 46.279051 ], [ 11.500818, 46.277286 ], [ 11.500981, 46.276357 ], [ 11.500712, 46.275226 ], [ 11.501329, 46.273781 ], [ 11.500331, 46.27275 ], [ 11.500085, 46.271211 ], [ 11.500459, 46.269758 ], [ 11.500401, 46.268634 ], [ 11.499883, 46.267518 ], [ 11.499675, 46.265515 ], [ 11.501085, 46.264598 ], [ 11.500195, 46.264238 ], [ 11.497479, 46.263926 ], [ 11.496661, 46.263044 ], [ 11.496159, 46.261705 ], [ 11.496587, 46.26085 ], [ 11.499817, 46.258871 ], [ 11.50028, 46.256134 ], [ 11.500361, 46.254276 ], [ 11.502626, 46.252583 ], [ 11.50285, 46.252063 ], [ 11.504606, 46.251468 ], [ 11.505545, 46.249518 ], [ 11.50438, 46.248239 ], [ 11.504453, 46.244959 ], [ 11.504167, 46.242429 ], [ 11.502682, 46.238215 ], [ 11.502314, 46.236629 ], [ 11.500346, 46.235234 ], [ 11.499772, 46.234061 ], [ 11.500002, 46.232315 ], [ 11.500889, 46.231954 ], [ 11.500672, 46.231409 ], [ 11.502054, 46.230428 ], [ 11.502934, 46.227828 ], [ 11.506347, 46.22383 ], [ 11.507157, 46.222567 ], [ 11.507465, 46.220022 ], [ 11.509132, 46.216444 ], [ 11.510225, 46.21521 ], [ 11.513178, 46.211352 ], [ 11.517848, 46.209212 ], [ 11.518656, 46.208556 ], [ 11.520349, 46.206498 ], [ 11.522462, 46.204854 ], [ 11.522477, 46.203228 ], [ 11.523658, 46.202683 ], [ 11.524502, 46.201941 ], [ 11.526088, 46.202011 ], [ 11.529645, 46.203161 ], [ 11.530654, 46.203208 ], [ 11.531226, 46.202695 ], [ 11.532179, 46.203503 ], [ 11.534825, 46.206257 ], [ 11.533431, 46.210886 ], [ 11.536001, 46.212573 ], [ 11.540616, 46.214664 ], [ 11.543785, 46.214366 ], [ 11.544084, 46.215978 ], [ 11.544957, 46.216887 ] ] ] } },
{ "type": "Feature", "properties": { "com_altname": null, "com_area_code": "ITA", "com_capoluogo": "No", "com_code": "22103", "com_name": "Lavis", "com_name_lower": "lavis", "com_name_upper": "LAVIS", "com_type": "Comune", "geo_point_2d": { "lat": 46.15140508608098, "lon": 11.1037598681384 }, "prov_code": "22", "prov_name": "Trento", "reg_code": "4", "reg_name": "Trentino-Alto Adige", "rip_code": "2", "rip_name": "Nord-Est", "year": "2022" }, "geometry": { "type": "Polygon", "coordinates": [ [ [ 11.076379, 46.135356 ], [ 11.081291, 46.125895 ], [ 11.081936, 46.125024 ], [ 11.084202, 46.12562 ], [ 11.084356, 46.126736 ], [ 11.086909, 46.127371 ], [ 11.087422, 46.128048 ], [ 11.088453, 46.128612 ], [ 11.092763, 46.131764 ], [ 11.10062, 46.133321 ], [ 11.101162, 46.133218 ], [ 11.110305, 46.135864 ], [ 11.113118, 46.136632 ], [ 11.118398, 46.138392 ], [ 11.119066, 46.139071 ], [ 11.118812, 46.14125 ], [ 11.117686, 46.141164 ], [ 11.116754, 46.141815 ], [ 11.116863, 46.145599 ], [ 11.117376, 46.147423 ], [ 11.117103, 46.1486 ], [ 11.118702, 46.151503 ], [ 11.119336, 46.152957 ], [ 11.121672, 46.156903 ], [ 11.122029, 46.157914 ], [ 11.123657, 46.159946 ], [ 11.124069, 46.160714 ], [ 11.124049, 46.162855 ], [ 11.126472, 46.165092 ], [ 11.129719, 46.167234 ], [ 11.132326, 46.16856 ], [ 11.13415, 46.171517 ], [ 11.135156, 46.174479 ], [ 11.135569, 46.176448 ], [ 11.136094, 46.180543 ], [ 11.133193, 46.178257 ], [ 11.12873, 46.178707 ], [ 11.127738, 46.179615 ], [ 11.125942, 46.182039 ], [ 11.125163, 46.182282 ], [ 11.122804, 46.182096 ], [ 11.120252, 46.178232 ], [ 11.120988, 46.177465 ], [ 11.12128, 46.176081 ], [ 11.117498, 46.175468 ], [ 11.114085, 46.174684 ], [ 11.111299, 46.174686 ], [ 11.111548, 46.172686 ], [ 11.11095, 46.167795 ], [ 11.111191, 46.166217 ], [ 11.109209, 46.16377 ], [ 11.10842, 46.163099 ], [ 11.105203, 46.162273 ], [ 11.100384, 46.15961 ], [ 11.098182, 46.158652 ], [ 11.096354, 46.157591 ], [ 11.092831, 46.155917 ], [ 11.090272, 46.155699 ], [ 11.090384, 46.155189 ], [ 11.092471, 46.154271 ], [ 11.096162, 46.153819 ], [ 11.09784, 46.154066 ], [ 11.098804, 46.15329 ], [ 11.100274, 46.152948 ], [ 11.09787, 46.150603 ], [ 11.095745, 46.148305 ], [ 11.094171, 46.148614 ], [ 11.094584, 46.15023 ], [ 11.093918, 46.151671 ], [ 11.094583, 46.151866 ], [ 11.09412, 46.153443 ], [ 11.091961, 46.153695 ], [ 11.09056, 46.153333 ], [ 11.088878, 46.155764 ], [ 11.085241, 46.155391 ], [ 11.083243, 46.154524 ], [ 11.082512, 46.153647 ], [ 11.082305, 46.152795 ], [ 11.080779, 46.151225 ], [ 11.080189, 46.149464 ], [ 11.079285, 46.14846 ], [ 11.077171, 46.147766 ], [ 11.075101, 46.145728 ], [ 11.073037, 46.142353 ], [ 11.073226, 46.140557 ], [ 11.074523, 46.139351 ], [ 11.076379, 46.135356 ] ] ] } },
{ "type": "Feature", "properties": { "com_altname": null, "com_area_code": "ITA", "com_capoluogo": "No", "com_code": "22244", "com_name": "Porte di Rendena", "com_name_lower": "porte di rendena", "com_name_upper": "PORTE DI RENDENA", "com_type": "Comune", "geo_point_2d": { "lat": 46.07453294656831, "lon": 10.6607346303422 }, "prov_code": "22", "prov_name": "Trento", "reg_code": "4", "reg_name": "Trentino-Alto Adige", "rip_code": "2", "rip_name": "Nord-Est", "year": "2022" }, "geometry": { "type": "Polygon", "coordinates": [ [ [ 10.74086, 46.076691 ], [ 10.735226, 46.078331 ], [ 10.731095, 46.079372 ], [ 10.72955, 46.079374 ], [ 10.727355, 46.080296 ], [ 10.72765, 46.081609 ], [ 10.72701, 46.082181 ], [ 10.72603, 46.081881 ], [ 10.721212, 46.083148 ], [ 10.715005, 46.083134 ], [ 10.711563, 46.083895 ], [ 10.707795, 46.084393 ], [ 10.706396, 46.083836 ], [ 10.706184, 46.083011 ], [ 10.703975, 46.083108 ], [ 10.703867, 46.081931 ], [ 10.70282, 46.082049 ], [ 10.700743, 46.081713 ], [ 10.69899, 46.082193 ], [ 10.697558, 46.082817 ], [ 10.69509, 46.083557 ], [ 10.694048, 46.084679 ], [ 10.691716, 46.086555 ], [ 10.68876, 46.088398 ], [ 10.685621, 46.089593 ], [ 10.683402, 46.090255 ], [ 10.680729, 46.09158 ], [ 10.677243, 46.091412 ], [ 10.67587, 46.091707 ], [ 10.671439, 46.092324 ], [ 10.669959, 46.092236 ], [ 10.668686, 46.092989 ], [ 10.66735, 46.09331 ], [ 10.666529, 46.093176 ], [ 10.6644, 46.093366 ], [ 10.662258, 46.093164 ], [ 10.660807, 46.093709 ], [ 10.659634, 46.093666 ], [ 10.656961, 46.094338 ], [ 10.652812, 46.094147 ], [ 10.65235, 46.094361 ], [ 10.649872, 46.093706 ], [ 10.648802, 46.093921 ], [ 10.646493, 46.093809 ], [ 10.64442, 46.095243 ], [ 10.643582, 46.095623 ], [ 10.642601, 46.096553 ], [ 10.640752, 46.097252 ], [ 10.638955, 46.097543 ], [ 10.63679, 46.097184 ], [ 10.632996, 46.095591 ], [ 10.632531, 46.094813 ], [ 10.630439, 46.093592 ], [ 10.626087, 46.092408 ], [ 10.625278, 46.091781 ], [ 10.622904, 46.091357 ], [ 10.61993, 46.090486 ], [ 10.618529, 46.089829 ], [ 10.613881, 46.090221 ], [ 10.611887, 46.090905 ], [ 10.609863, 46.092495 ], [ 10.608873, 46.092744 ], [ 10.60716, 46.094001 ], [ 10.607158, 46.095333 ], [ 10.606727, 46.096936 ], [ 10.60603, 46.098038 ], [ 10.604788, 46.099065 ], [ 10.604015, 46.100573 ], [ 10.603352, 46.101176 ], [ 10.601467, 46.102133 ], [ 10.600992, 46.102963 ], [ 10.599531, 46.104181 ], [ 10.597113, 46.10552 ], [ 10.596085, 46.10434 ], [ 10.595077, 46.103794 ], [ 10.594376, 46.102197 ], [ 10.59468, 46.101337 ], [ 10.594321, 46.098671 ], [ 10.593255, 46.09652 ], [ 10.593772, 46.094351 ], [ 10.592878, 46.092091 ], [ 10.593003, 46.090481 ], [ 10.592586, 46.089489 ], [ 10.593126, 46.087916 ], [ 10.592804, 46.086359 ], [ 10.592312, 46.085251 ], [ 10.590477, 46.083149 ], [ 10.59008, 46.081409 ], [ 10.588944, 46.078688 ], [ 10.586674, 46.07686 ], [ 10.585268, 46.075971 ], [ 10.584427, 46.075118 ], [ 10.583077, 46.073251 ], [ 10.584827, 46.069172 ], [ 10.584868, 46.068633 ], [ 10.587907, 46.068573 ], [ 10.591993, 46.067598 ], [ 10.596091, 46.067196 ], [ 10.597343, 46.066903 ], [ 10.598532, 46.06707 ], [ 10.600909, 46.066655 ], [ 10.604714, 46.065732 ], [ 10.608502, 46.064162 ], [ 10.613249, 46.061535 ], [ 10.614367, 46.061196 ], [ 10.618136, 46.060854 ], [ 10.620595, 46.061079 ], [ 10.622285, 46.061683 ], [ 10.62491, 46.061855 ], [ 10.627153, 46.061713 ], [ 10.628698, 46.062242 ], [ 10.63205, 46.062653 ], [ 10.635303, 46.062371 ], [ 10.636622, 46.062821 ], [ 10.63927, 46.061585 ], [ 10.640199, 46.061329 ], [ 10.64289, 46.061688 ], [ 10.644842, 46.061595 ], [ 10.646167, 46.060746 ], [ 10.647561, 46.059415 ], [ 10.64908, 46.058798 ], [ 10.651817, 46.058524 ], [ 10.653714, 46.05812 ], [ 10.65484, 46.057261 ], [ 10.656921, 46.057276 ], [ 10.658993, 46.057572 ], [ 10.66004, 46.056993 ], [ 10.662307, 46.056506 ], [ 10.664747, 46.056258 ], [ 10.667763, 46.056529 ], [ 10.672717, 46.056422 ], [ 10.675898, 46.055667 ], [ 10.678052, 46.055425 ], [ 10.679218, 46.054885 ], [ 10.680253, 46.053833 ], [ 10.683106, 46.052687 ], [ 10.685329, 46.051961 ], [ 10.686981, 46.05201 ], [ 10.689897, 46.05123 ], [ 10.693212, 46.050496 ], [ 10.694342, 46.050051 ], [ 10.697362, 46.049428 ], [ 10.700798, 46.049652 ], [ 10.703772, 46.048968 ], [ 10.704521, 46.049316 ], [ 10.705836, 46.050596 ], [ 10.70685, 46.051967 ], [ 10.708237, 46.053048 ], [ 10.710895, 46.054218 ], [ 10.711707, 46.054122 ], [ 10.712279, 46.0535 ], [ 10.715315, 46.052813 ], [ 10.717792, 46.052987 ], [ 10.719224, 46.052778 ], [ 10.718793, 46.055303 ], [ 10.718401, 46.055904 ], [ 10.72259, 46.056281 ], [ 10.724145, 46.058158 ], [ 10.725308, 46.059004 ], [ 10.726314, 46.060874 ], [ 10.727454, 46.064151 ], [ 10.728465, 46.064515 ], [ 10.731248, 46.063458 ], [ 10.734494, 46.063171 ], [ 10.739062, 46.062924 ], [ 10.739036, 46.06605 ], [ 10.737386, 46.066674 ], [ 10.736443, 46.067753 ], [ 10.738365, 46.069883 ], [ 10.738785, 46.070697 ], [ 10.738747, 46.072412 ], [ 10.739765, 46.073785 ], [ 10.739765, 46.074632 ], [ 10.740569, 46.075069 ], [ 10.74086, 46.076691 ] ] ] } },
{ "type": "Feature", "properties": { "com_altname": null, "com_area_code": "ITA", "com_capoluogo": "No", "com_code": "22042", "com_name": "Carisolo", "com_name_lower": "carisolo", "com_name_upper": "CARISOLO", "com_type": "Comune", "geo_point_2d": { "lat": 46.203873314506104, "lon": 10.731599917389556 }, "prov_code": "22", "prov_name": "Trento", "reg_code": "4", "reg_name": "Trentino-Alto Adige", "rip_code": "2", "rip_name": "Nord-Est", "year": "2022" }, "geometry": { "type": "MultiPolygon", "coordinates": [ [ [ [ 10.719745, 46.16854 ], [ 10.721427, 46.168741 ], [ 10.72283, 46.169266 ], [ 10.725008, 46.169005 ], [ 10.726836, 46.169283 ], [ 10.726802, 46.169882 ], [ 10.72789, 46.170731 ], [ 10.730561, 46.17122 ], [ 10.732178, 46.171128 ], [ 10.732653, 46.17083 ], [ 10.735223, 46.170766 ], [ 10.735557, 46.16737 ], [ 10.735313, 46.166849 ], [ 10.734525, 46.163046 ], [ 10.735849, 46.162558 ], [ 10.737967, 46.164385 ], [ 10.739009, 46.166114 ], [ 10.740913, 46.16733 ], [ 10.741934, 46.168402 ], [ 10.742722, 46.168781 ], [ 10.744356, 46.168936 ], [ 10.746239, 46.169451 ], [ 10.746481, 46.168504 ], [ 10.747724, 46.168718 ], [ 10.749665, 46.168057 ], [ 10.750282, 46.166772 ], [ 10.750871, 46.16429 ], [ 10.751739, 46.162404 ], [ 10.753228, 46.161157 ], [ 10.755006, 46.158546 ], [ 10.757016, 46.160509 ], [ 10.758118, 46.16188 ], [ 10.760403, 46.163861 ], [ 10.760784, 46.164921 ], [ 10.762219, 46.166106 ], [ 10.766602, 46.170783 ], [ 10.768711, 46.172503 ], [ 10.769324, 46.173559 ], [ 10.769383, 46.174518 ], [ 10.770023, 46.175574 ], [ 10.770155, 46.176722 ], [ 10.771968, 46.178858 ], [ 10.773073, 46.179376 ], [ 10.772409, 46.180658 ], [ 10.772833, 46.182198 ], [ 10.773568, 46.183139 ], [ 10.773922, 46.184686 ], [ 10.771365, 46.186641 ], [ 10.77103, 46.1879 ], [ 10.769551, 46.189653 ], [ 10.769222, 46.190631 ], [ 10.768378, 46.191712 ], [ 10.767639, 46.191712 ], [ 10.765213, 46.193368 ], [ 10.763929, 46.19458 ], [ 10.763242, 46.195876 ], [ 10.762067, 46.197014 ], [ 10.758046, 46.198795 ], [ 10.755922, 46.199525 ], [ 10.753293, 46.198936 ], [ 10.748963, 46.197813 ], [ 10.747858, 46.197283 ], [ 10.745867, 46.196736 ], [ 10.742918, 46.195721 ], [ 10.741258, 46.19225 ], [ 10.740429, 46.191934 ], [ 10.739764, 46.191131 ], [ 10.73839, 46.191243 ], [ 10.737908, 46.191815 ], [ 10.735016, 46.192925 ], [ 10.733303, 46.193953 ], [ 10.732386, 46.195037 ], [ 10.731561, 46.195014 ], [ 10.727505, 46.196068 ], [ 10.725805, 46.196211 ], [ 10.724476, 46.195983 ], [ 10.721914, 46.19596 ], [ 10.720798, 46.196201 ], [ 10.719762, 46.196897 ], [ 10.717447, 46.197433 ], [ 10.714618, 46.198274 ], [ 10.71247, 46.198435 ], [ 10.710475, 46.198123 ], [ 10.709942, 46.197015 ], [ 10.71077, 46.195461 ], [ 10.712465, 46.193152 ], [ 10.715665, 46.191786 ], [ 10.717308, 46.190772 ], [ 10.71849, 46.190349 ], [ 10.72106, 46.188683 ], [ 10.722059, 46.188256 ], [ 10.722285, 46.186503 ], [ 10.722079, 46.185832 ], [ 10.722666, 46.183696 ], [ 10.721014, 46.18199 ], [ 10.719556, 46.180246 ], [ 10.718851, 46.178984 ], [ 10.716724, 46.173473 ], [ 10.716186, 46.172773 ], [ 10.718797, 46.170871 ], [ 10.719745, 46.16854 ] ] ], [ [ [ 10.686147, 46.24045 ], [ 10.685489, 46.239342 ], [ 10.68035, 46.237637 ], [ 10.678475, 46.235447 ], [ 10.679001, 46.233226 ], [ 10.678435, 46.232114 ], [ 10.678308, 46.231088 ], [ 10.679924, 46.230399 ], [ 10.680206, 46.229682 ], [ 10.682383, 46.227446 ], [ 10.68396, 46.22753 ], [ 10.684456, 46.227103 ], [ 10.686999, 46.226801 ], [ 10.688415, 46.226107 ], [ 10.689767, 46.22591 ], [ 10.691128, 46.224867 ], [ 10.692443, 46.224319 ], [ 10.693368, 46.223328 ], [ 10.695748, 46.222154 ], [ 10.699008, 46.221758 ], [ 10.70129, 46.221709 ], [ 10.70253, 46.22088 ], [ 10.702835, 46.219518 ], [ 10.703245, 46.219118 ], [ 10.70671, 46.21799 ], [ 10.708013, 46.217445 ], [ 10.710089, 46.216948 ], [ 10.711241, 46.217124 ], [ 10.712241, 46.216517 ], [ 10.714317, 46.216009 ], [ 10.715337, 46.216024 ], [ 10.716882, 46.215384 ], [ 10.719881, 46.214914 ], [ 10.721274, 46.214998 ], [ 10.723417, 46.21465 ], [ 10.727192, 46.214477 ], [ 10.728399, 46.213978 ], [ 10.731142, 46.214135 ], [ 10.733924, 46.213273 ], [ 10.736016, 46.213149 ], [ 10.738971, 46.213376 ], [ 10.74189, 46.21337 ], [ 10.744287, 46.211637 ], [ 10.745704, 46.211136 ], [ 10.746317, 46.210256 ], [ 10.748962, 46.210439 ], [ 10.753889, 46.211341 ], [ 10.753892, 46.212535 ], [ 10.753215, 46.2138 ], [ 10.752921, 46.215125 ], [ 10.753686, 46.215463 ], [ 10.753349, 46.21699 ], [ 10.752626, 46.217461 ], [ 10.751307, 46.218927 ], [ 10.751414, 46.219399 ], [ 10.752475, 46.220055 ], [ 10.753367, 46.221456 ], [ 10.74896, 46.223845 ], [ 10.748314, 46.225146 ], [ 10.746464, 46.226358 ], [ 10.74477, 46.227134 ], [ 10.744053, 46.2279 ], [ 10.743558, 46.229094 ], [ 10.74292, 46.229384 ], [ 10.741813, 46.231171 ], [ 10.739027, 46.2337 ], [ 10.737617, 46.23434 ], [ 10.735016, 46.235152 ], [ 10.733456, 46.236946 ], [ 10.733328, 46.237456 ], [ 10.731114, 46.237412 ], [ 10.728435, 46.23842 ], [ 10.72575, 46.240487 ], [ 10.724338, 46.241085 ], [ 10.722741, 46.241138 ], [ 10.721719, 46.240609 ], [ 10.716524, 46.240874 ], [ 10.713965, 46.241255 ], [ 10.711479, 46.240698 ], [ 10.707188, 46.240364 ], [ 10.706206, 46.240806 ], [ 10.704516, 46.240768 ], [ 10.701874, 46.239895 ], [ 10.70111, 46.240031 ], [ 10.700584, 46.239083 ], [ 10.699336, 46.23941 ], [ 10.6971, 46.239324 ], [ 10.696233, 46.239487 ], [ 10.694535, 46.239322 ], [ 10.691808, 46.239659 ], [ 10.691042, 46.239308 ], [ 10.689238, 46.239609 ], [ 10.688051, 46.240085 ], [ 10.686147, 46.24045 ] ] ] ] } },
{ "type": "Feature", "properties": { "com_altname": null, "com_area_code": "ITA", "com_capoluogo": "No", "com_code": "22090", "com_name": "Frassilongo", "com_name_lower": "frassilongo", "com_name_upper": "FRASSILONGO", "com_type": "Comune", "geo_point_2d": { "lat": 46.07627000006488, "lon": 11.316602389573957 }, "prov_code": "22", "prov_name": "Trento", "reg_code": "4", "reg_name": "Trentino-Alto Adige", "rip_code": "2", "rip_name": "Nord-Est", "year": "2022" }, "geometry": { "type": "Polygon", "coordinates": [ [ [ 11.298536, 46.094655 ], [ 11.297563, 46.093536 ], [ 11.293728, 46.093204 ], [ 11.291895, 46.092779 ], [ 11.291392, 46.091596 ], [ 11.29048, 46.090433 ], [ 11.289825, 46.090323 ], [ 11.288962, 46.089108 ], [ 11.287038, 46.087327 ], [ 11.2854, 46.085447 ], [ 11.285235, 46.084663 ], [ 11.285486, 46.083813 ], [ 11.284699, 46.082583 ], [ 11.283391, 46.082142 ], [ 11.282131, 46.081013 ], [ 11.283587, 46.079983 ], [ 11.284253, 46.079908 ], [ 11.284837, 46.078837 ], [ 11.285589, 46.07835 ], [ 11.286992, 46.078112 ], [ 11.286113, 46.076288 ], [ 11.286143, 46.074989 ], [ 11.283164, 46.074617 ], [ 11.28377, 46.074022 ], [ 11.283497, 46.071895 ], [ 11.285047, 46.071156 ], [ 11.288148, 46.070626 ], [ 11.289075, 46.069311 ], [ 11.290496, 46.068098 ], [ 11.292869, 46.067843 ], [ 11.295233, 46.067172 ], [ 11.296395, 46.066064 ], [ 11.298197, 46.066035 ], [ 11.297916, 46.065241 ], [ 11.299037, 46.063762 ], [ 11.300154, 46.062997 ], [ 11.300881, 46.061854 ], [ 11.302014, 46.061105 ], [ 11.302986, 46.060732 ], [ 11.304771, 46.060887 ], [ 11.306435, 46.059954 ], [ 11.308164, 46.061486 ], [ 11.311583, 46.061707 ], [ 11.322208, 46.056274 ], [ 11.323265, 46.055662 ], [ 11.327796, 46.053517 ], [ 11.332314, 46.051034 ], [ 11.334476, 46.05003 ], [ 11.335172, 46.051243 ], [ 11.336288, 46.054061 ], [ 11.336276, 46.054645 ], [ 11.33756, 46.056331 ], [ 11.33839, 46.057047 ], [ 11.339001, 46.058225 ], [ 11.340359, 46.059458 ], [ 11.341172, 46.060554 ], [ 11.342041, 46.0622 ], [ 11.342559, 46.064564 ], [ 11.341872, 46.0661 ], [ 11.341977, 46.067344 ], [ 11.341546, 46.068698 ], [ 11.342482, 46.070602 ], [ 11.343928, 46.071189 ], [ 11.345655, 46.072519 ], [ 11.347978, 46.072867 ], [ 11.3496, 46.074343 ], [ 11.349909, 46.075286 ], [ 11.351276, 46.076092 ], [ 11.348896, 46.078376 ], [ 11.348401, 46.078656 ], [ 11.345262, 46.081789 ], [ 11.34251, 46.083294 ], [ 11.341427, 46.084414 ], [ 11.33835, 46.087095 ], [ 11.337472, 46.088753 ], [ 11.334885, 46.09112 ], [ 11.332761, 46.091859 ], [ 11.330463, 46.093023 ], [ 11.32824, 46.093535 ], [ 11.324926, 46.093892 ], [ 11.321603, 46.093116 ], [ 11.317558, 46.093805 ], [ 11.315901, 46.093856 ], [ 11.314576, 46.0947 ], [ 11.312821, 46.095461 ], [ 11.311738, 46.095595 ], [ 11.308977, 46.09675 ], [ 11.307783, 46.096741 ], [ 11.305522, 46.098569 ], [ 11.304455, 46.098692 ], [ 11.303242, 46.097456 ], [ 11.300179, 46.096598 ], [ 11.299572, 46.095838 ], [ 11.299584, 46.095071 ], [ 11.298536, 46.094655 ] ] ] } },
{ "type": "Feature", "properties": { "com_altname": null, "com_area_code": "ITA", "com_capoluogo": "No", "com_code": "22015", "com_name": "Bieno", "com_name_lower": "bieno", "com_name_upper": "BIENO", "com_type": "Comune", "geo_point_2d": { "lat": 46.09787198579393, "lon": 11.563008921615765 }, "prov_code": "22", "prov_name": "Trento", "reg_code": "4", "reg_name": "Trentino-Alto Adige", "rip_code": "2", "rip_name": "Nord-Est", "year": "2022" }, "geometry": { "type": "Polygon", "coordinates": [ [ [ 11.56735, 46.127643 ], [ 11.564066, 46.127562 ], [ 11.563222, 46.126734 ], [ 11.559533, 46.126109 ], [ 11.555745, 46.125775 ], [ 11.557101, 46.122534 ], [ 11.556969, 46.118611 ], [ 11.555605, 46.115812 ], [ 11.557162, 46.113519 ], [ 11.557458, 46.112526 ], [ 11.557152, 46.112056 ], [ 11.555924, 46.11186 ], [ 11.554908, 46.110878 ], [ 11.55471, 46.109962 ], [ 11.555564, 46.108783 ], [ 11.556376, 46.108263 ], [ 11.55628, 46.106356 ], [ 11.554945, 46.103628 ], [ 11.552433, 46.101003 ], [ 11.551079, 46.099114 ], [ 11.548576, 46.097413 ], [ 11.548502, 46.095185 ], [ 11.547998, 46.09507 ], [ 11.547654, 46.093735 ], [ 11.548275, 46.092724 ], [ 11.548506, 46.090989 ], [ 11.545836, 46.089011 ], [ 11.541127, 46.086088 ], [ 11.538414, 46.084989 ], [ 11.53829, 46.084128 ], [ 11.538743, 46.081053 ], [ 11.539469, 46.079863 ], [ 11.539543, 46.078288 ], [ 11.540408, 46.076204 ], [ 11.54195, 46.075521 ], [ 11.543748, 46.075019 ], [ 11.545395, 46.072341 ], [ 11.547159, 46.072345 ], [ 11.551269, 46.071449 ], [ 11.553377, 46.072742 ], [ 11.554767, 46.07305 ], [ 11.559929, 46.074885 ], [ 11.56207, 46.074906 ], [ 11.562829, 46.075288 ], [ 11.564013, 46.077006 ], [ 11.56583, 46.078894 ], [ 11.567571, 46.080078 ], [ 11.568725, 46.081253 ], [ 11.570505, 46.081393 ], [ 11.571707, 46.082702 ], [ 11.572086, 46.085933 ], [ 11.571572, 46.088267 ], [ 11.570143, 46.091632 ], [ 11.572274, 46.0933 ], [ 11.57323, 46.094504 ], [ 11.57605, 46.095279 ], [ 11.578482, 46.097053 ], [ 11.582323, 46.096868 ], [ 11.584695, 46.0981 ], [ 11.586395, 46.100877 ], [ 11.588775, 46.103326 ], [ 11.589124, 46.106479 ], [ 11.589361, 46.106946 ], [ 11.588697, 46.108552 ], [ 11.588087, 46.108896 ], [ 11.584175, 46.109805 ], [ 11.583305, 46.112344 ], [ 11.582321, 46.11264 ], [ 11.578555, 46.115143 ], [ 11.576188, 46.116555 ], [ 11.571354, 46.116715 ], [ 11.570792, 46.117492 ], [ 11.567847, 46.126747 ], [ 11.56735, 46.127643 ] ] ] } },
{ "type": "Feature", "properties": { "com_altname": null, "com_area_code": "ITA", "com_capoluogo": "No", "com_code": "22144", "com_name": "Pomarolo", "com_name_lower": "pomarolo", "com_name_upper": "POMAROLO", "com_type": "Comune", "geo_point_2d": { "lat": 45.94123653290385, "lon": 11.056702920564025 }, "prov_code": "22", "prov_name": "Trento", "reg_code": "4", "reg_name": "Trentino-Alto Adige", "rip_code": "2", "rip_name": "Nord-Est", "year": "2022" }, "geometry": { "type": "Polygon", "coordinates": [ [ [ 11.055129, 45.960537 ], [ 11.057752, 45.958147 ], [ 11.057278, 45.957528 ], [ 11.056126, 45.955102 ], [ 11.057567, 45.95293 ], [ 11.057031, 45.951779 ], [ 11.055709, 45.951105 ], [ 11.054187, 45.949625 ], [ 11.051655, 45.94918 ], [ 11.048082, 45.947873 ], [ 11.046715, 45.94713 ], [ 11.043489, 45.946223 ], [ 11.042064, 45.944573 ], [ 11.036996, 45.941264 ], [ 11.035468, 45.940748 ], [ 11.035386, 45.940155 ], [ 11.036336, 45.939739 ], [ 11.037209, 45.938548 ], [ 11.03741, 45.937569 ], [ 11.038525, 45.936522 ], [ 11.038045, 45.934228 ], [ 11.038252, 45.933125 ], [ 11.037439, 45.932696 ], [ 11.035698, 45.932346 ], [ 11.03573, 45.931267 ], [ 11.035197, 45.930661 ], [ 11.034919, 45.929549 ], [ 11.035044, 45.928603 ], [ 11.034284, 45.927437 ], [ 11.035753, 45.92729 ], [ 11.036953, 45.926315 ], [ 11.037217, 45.925596 ], [ 11.03941, 45.921337 ], [ 11.041148, 45.918534 ], [ 11.04252, 45.917074 ], [ 11.04644, 45.918959 ], [ 11.048714, 45.920206 ], [ 11.053419, 45.923868 ], [ 11.058894, 45.927109 ], [ 11.06163, 45.928568 ], [ 11.062299, 45.928693 ], [ 11.061875, 45.930646 ], [ 11.062862, 45.932196 ], [ 11.062835, 45.933439 ], [ 11.06922, 45.93639 ], [ 11.069813, 45.938733 ], [ 11.069403, 45.939246 ], [ 11.071109, 45.939794 ], [ 11.07282, 45.939416 ], [ 11.074842, 45.93926 ], [ 11.076072, 45.940842 ], [ 11.075997, 45.942442 ], [ 11.077172, 45.943286 ], [ 11.077138, 45.944125 ], [ 11.075943, 45.944903 ], [ 11.076216, 45.948272 ], [ 11.077646, 45.94832 ], [ 11.078797, 45.947512 ], [ 11.080156, 45.947894 ], [ 11.080877, 45.949388 ], [ 11.081955, 45.949294 ], [ 11.082603, 45.950089 ], [ 11.08127, 45.950273 ], [ 11.081027, 45.950824 ], [ 11.078482, 45.953677 ], [ 11.078662, 45.952603 ], [ 11.077437, 45.953127 ], [ 11.075721, 45.955648 ], [ 11.07432, 45.955503 ], [ 11.07374, 45.956254 ], [ 11.072302, 45.956992 ], [ 11.070965, 45.957011 ], [ 11.070711, 45.95827 ], [ 11.069926, 45.958845 ], [ 11.07021, 45.959544 ], [ 11.069739, 45.961301 ], [ 11.069274, 45.964656 ], [ 11.070721, 45.966785 ], [ 11.069655, 45.967091 ], [ 11.068978, 45.966169 ], [ 11.06795, 45.965735 ], [ 11.066172, 45.965482 ], [ 11.064433, 45.964706 ], [ 11.062804, 45.964367 ], [ 11.061762, 45.963476 ], [ 11.056241, 45.961188 ], [ 11.055129, 45.960537 ] ] ] } },
{ "type": "Feature", "properties": { "com_altname": null, "com_area_code": "ITA", "com_capoluogo": "No", "com_code": "22035", "com_name": "Calliano", "com_name_lower": "calliano", "com_name_upper": "CALLIANO", "com_type": "Comune", "geo_point_2d": { "lat": 45.94331025811379, "lon": 11.116470492672676 }, "prov_code": "22", "prov_name": "Trento", "reg_code": "4", "reg_name": "Trentino-Alto Adige", "rip_code": "2", "rip_name": "Nord-Est", "year": "2022" }, "geometry": { "type": "MultiPolygon", "coordinates": [ [ [ [ 11.115283, 45.902553 ], [ 11.116093, 45.901739 ], [ 11.117338, 45.901721 ], [ 11.118343, 45.901003 ], [ 11.118569, 45.90227 ], [ 11.11941, 45.904771 ], [ 11.120082, 45.907552 ], [ 11.12099, 45.909735 ], [ 11.121909, 45.911368 ], [ 11.123707, 45.91299 ], [ 11.124405, 45.915306 ], [ 11.124771, 45.91577 ], [ 11.125209, 45.917782 ], [ 11.124692, 45.918674 ], [ 11.125152, 45.919987 ], [ 11.125749, 45.92039 ], [ 11.124214, 45.921716 ], [ 11.12376, 45.922609 ], [ 11.122595, 45.923383 ], [ 11.120651, 45.92352 ], [ 11.119626, 45.924156 ], [ 11.117995, 45.924782 ], [ 11.117306, 45.92558 ], [ 11.116496, 45.925603 ], [ 11.115692, 45.926662 ], [ 11.115701, 45.927449 ], [ 11.114093, 45.928453 ], [ 11.113936, 45.929156 ], [ 11.112065, 45.929608 ], [ 11.110875, 45.929442 ], [ 11.108172, 45.928078 ], [ 11.106998, 45.927998 ], [ 11.106646, 45.928408 ], [ 11.10375, 45.929365 ], [ 11.104034, 45.929976 ], [ 11.105312, 45.931023 ], [ 11.104944, 45.93137 ], [ 11.104671, 45.933023 ], [ 11.103239, 45.932987 ], [ 11.101314, 45.933308 ], [ 11.102443, 45.934297 ], [ 11.104152, 45.936331 ], [ 11.105277, 45.937145 ], [ 11.103762, 45.93731 ], [ 11.099847, 45.937019 ], [ 11.101409, 45.938127 ], [ 11.101814, 45.939001 ], [ 11.100867, 45.939259 ], [ 11.101473, 45.942186 ], [ 11.100041, 45.942599 ], [ 11.100605, 45.943732 ], [ 11.101734, 45.945261 ], [ 11.100379, 45.945551 ], [ 11.099401, 45.946194 ], [ 11.098138, 45.946398 ], [ 11.098021, 45.947431 ], [ 11.094844, 45.946757 ], [ 11.096311, 45.944353 ], [ 11.097779, 45.942341 ], [ 11.098091, 45.941232 ], [ 11.097705, 45.9403 ], [ 11.096653, 45.939348 ], [ 11.094644, 45.938437 ], [ 11.091105, 45.937039 ], [ 11.089332, 45.935566 ], [ 11.086456, 45.932658 ], [ 11.087545, 45.932128 ], [ 11.088356, 45.930919 ], [ 11.089423, 45.92995 ], [ 11.090852, 45.929212 ], [ 11.092029, 45.927828 ], [ 11.092177, 45.926425 ], [ 11.091921, 45.923967 ], [ 11.091126, 45.92297 ], [ 11.092007, 45.922691 ], [ 11.093012, 45.921278 ], [ 11.095815, 45.919931 ], [ 11.100503, 45.917915 ], [ 11.105705, 45.916787 ], [ 11.108911, 45.9185 ], [ 11.110225, 45.918828 ], [ 11.110351, 45.91687 ], [ 11.111006, 45.91633 ], [ 11.110886, 45.915093 ], [ 11.110312, 45.913248 ], [ 11.113074, 45.91147 ], [ 11.113418, 45.909818 ], [ 11.113808, 45.90914 ], [ 11.11327, 45.907078 ], [ 11.114509, 45.906555 ], [ 11.11504, 45.902905 ], [ 11.115283, 45.902553 ] ] ], [ [ [ 11.132818, 45.974661 ], [ 11.131238, 45.975384 ], [ 11.126764, 45.974666 ], [ 11.124816, 45.974759 ], [ 11.123271, 45.973047 ], [ 11.123225, 45.972444 ], [ 11.118915, 45.97268 ], [ 11.115235, 45.972975 ], [ 11.113343, 45.973254 ], [ 11.112888, 45.972635 ], [ 11.113385, 45.971295 ], [ 11.113102, 45.970244 ], [ 11.11326, 45.968109 ], [ 11.113014, 45.967032 ], [ 11.111783, 45.966201 ], [ 11.111766, 45.964643 ], [ 11.11135, 45.963305 ], [ 11.111391, 45.962418 ], [ 11.110554, 45.960907 ], [ 11.110159, 45.958044 ], [ 11.109693, 45.956999 ], [ 11.109534, 45.952921 ], [ 11.107558, 45.950624 ], [ 11.10909, 45.95073 ], [ 11.11151, 45.951384 ], [ 11.112399, 45.952344 ], [ 11.111863, 45.953984 ], [ 11.113644, 45.954609 ], [ 11.114723, 45.954624 ], [ 11.116837, 45.955242 ], [ 11.117871, 45.955853 ], [ 11.120845, 45.95693 ], [ 11.123238, 45.955321 ], [ 11.125632, 45.9549 ], [ 11.126147, 45.954466 ], [ 11.127285, 45.955533 ], [ 11.128178, 45.955324 ], [ 11.129636, 45.955509 ], [ 11.131273, 45.956172 ], [ 11.133666, 45.956851 ], [ 11.134491, 45.957404 ], [ 11.136733, 45.957613 ], [ 11.138032, 45.958708 ], [ 11.140272, 45.959127 ], [ 11.141768, 45.957506 ], [ 11.144363, 45.957993 ], [ 11.145137, 45.958388 ], [ 11.147439, 45.958319 ], [ 11.146044, 45.959445 ], [ 11.145681, 45.96144 ], [ 11.144967, 45.962569 ], [ 11.145026, 45.963302 ], [ 11.14456, 45.964452 ], [ 11.14385, 45.965142 ], [ 11.143654, 45.966746 ], [ 11.144015, 45.967616 ], [ 11.144883, 45.968164 ], [ 11.145367, 45.970753 ], [ 11.137493, 45.971842 ], [ 11.137382, 45.972708 ], [ 11.1327, 45.973584 ], [ 11.132818, 45.974661 ] ] ] ] } },
{ "type": "Feature", "properties": { "com_altname": null, "com_area_code": "ITA", "com_capoluogo": "No", "com_code": "22164", "com_name": "Sagron Mis", "com_name_lower": "sagron mis", "com_name_upper": "SAGRON MIS", "com_type": "Comune", "geo_point_2d": { "lat": 46.19517854018381, "lon": 11.933729692740231 }, "prov_code": "22", "prov_name": "Trento", "reg_code": "4", "reg_name": "Trentino-Alto Adige", "rip_code": "2", "rip_name": "Nord-Est", "year": "2022" }, "geometry": { "type": "Polygon", "coordinates": [ [ [ 11.950903, 46.170268 ], [ 11.952129, 46.172701 ], [ 11.950475, 46.178106 ], [ 11.949471, 46.181625 ], [ 11.95001, 46.182094 ], [ 11.952315, 46.183115 ], [ 11.956858, 46.184134 ], [ 11.958589, 46.184321 ], [ 11.959756, 46.185827 ], [ 11.960917, 46.186319 ], [ 11.962269, 46.18786 ], [ 11.962679, 46.19054 ], [ 11.961684, 46.191075 ], [ 11.962057, 46.191794 ], [ 11.96171, 46.192482 ], [ 11.961945, 46.194255 ], [ 11.961566, 46.19562 ], [ 11.962277, 46.196878 ], [ 11.962082, 46.19884 ], [ 11.962599, 46.199661 ], [ 11.961226, 46.199658 ], [ 11.959085, 46.198447 ], [ 11.95683, 46.199094 ], [ 11.9555, 46.199011 ], [ 11.953718, 46.199478 ], [ 11.951635, 46.199337 ], [ 11.95004, 46.199708 ], [ 11.947808, 46.199556 ], [ 11.946235, 46.199188 ], [ 11.9447, 46.19939 ], [ 11.943051, 46.198443 ], [ 11.941069, 46.199323 ], [ 11.939555, 46.198773 ], [ 11.935459, 46.201709 ], [ 11.933416, 46.20233 ], [ 11.933962, 46.203545 ], [ 11.933395, 46.204584 ], [ 11.932464, 46.204849 ], [ 11.930171, 46.206468 ], [ 11.929544, 46.207373 ], [ 11.927665, 46.208818 ], [ 11.927267, 46.211025 ], [ 11.926392, 46.213693 ], [ 11.926366, 46.214414 ], [ 11.925646, 46.215678 ], [ 11.924239, 46.217169 ], [ 11.920804, 46.219061 ], [ 11.919939, 46.220405 ], [ 11.918579, 46.221113 ], [ 11.917201, 46.221251 ], [ 11.916213, 46.221649 ], [ 11.914984, 46.221458 ], [ 11.909569, 46.224428 ], [ 11.905797, 46.218594 ], [ 11.904412, 46.216864 ], [ 11.903064, 46.21415 ], [ 11.903223, 46.213614 ], [ 11.904628, 46.211973 ], [ 11.906644, 46.21008 ], [ 11.905512, 46.208834 ], [ 11.90754, 46.208365 ], [ 11.9097, 46.207587 ], [ 11.911888, 46.205198 ], [ 11.914009, 46.204693 ], [ 11.915661, 46.203991 ], [ 11.916947, 46.203049 ], [ 11.920079, 46.202428 ], [ 11.921304, 46.200077 ], [ 11.921529, 46.198784 ], [ 11.921141, 46.196508 ], [ 11.920364, 46.195893 ], [ 11.923411, 46.196095 ], [ 11.923909, 46.195409 ], [ 11.927389, 46.194941 ], [ 11.927489, 46.193824 ], [ 11.925847, 46.19267 ], [ 11.924086, 46.19059 ], [ 11.922595, 46.188374 ], [ 11.922804, 46.187589 ], [ 11.922276, 46.186827 ], [ 11.921634, 46.18469 ], [ 11.920569, 46.182493 ], [ 11.921176, 46.182431 ], [ 11.926287, 46.178185 ], [ 11.928626, 46.175801 ], [ 11.935621, 46.17507 ], [ 11.937255, 46.173881 ], [ 11.941968, 46.172444 ], [ 11.944727, 46.171751 ], [ 11.948348, 46.170551 ], [ 11.950903, 46.170268 ] ] ] } },
{ "type": "Feature", "properties": { "com_altname": null, "com_area_code": "ITA", "com_capoluogo": "No", "com_code": "22034", "com_name": "Caldonazzo", "com_name_lower": "caldonazzo", "com_name_upper": "CALDONAZZO", "com_type": "Comune", "geo_point_2d": { "lat": 45.98282404453607, "lon": 11.271074411495196 }, "prov_code": "22", "prov_name": "Trento", "reg_code": "4", "reg_name": "Trentino-Alto Adige", "rip_code": "2", "rip_name": "Nord-Est", "year": "2022" }, "geometry": { "type": "Polygon", "coordinates": [ [ [ 11.260685, 46.013023 ], [ 11.251098, 46.01182 ], [ 11.237072, 46.010377 ], [ 11.24273, 46.00871 ], [ 11.247021, 46.007539 ], [ 11.248985, 46.006322 ], [ 11.251339, 46.005087 ], [ 11.260218, 46.004819 ], [ 11.261881, 46.001981 ], [ 11.256354, 46.000794 ], [ 11.25737, 45.999098 ], [ 11.253771, 45.998802 ], [ 11.251846, 45.999047 ], [ 11.250758, 45.997728 ], [ 11.250759, 45.996818 ], [ 11.252263, 45.995961 ], [ 11.253283, 45.994924 ], [ 11.252413, 45.994398 ], [ 11.250605, 45.99275 ], [ 11.248442, 45.992191 ], [ 11.247398, 45.991385 ], [ 11.24697, 45.990322 ], [ 11.247107, 45.989541 ], [ 11.244749, 45.988612 ], [ 11.242539, 45.987493 ], [ 11.242136, 45.986846 ], [ 11.240739, 45.985932 ], [ 11.240986, 45.985021 ], [ 11.242835, 45.983969 ], [ 11.243641, 45.9814 ], [ 11.245146, 45.980061 ], [ 11.24331, 45.976242 ], [ 11.243582, 45.975368 ], [ 11.24272, 45.974916 ], [ 11.244585, 45.974515 ], [ 11.244923, 45.974204 ], [ 11.242862, 45.971304 ], [ 11.24264, 45.970138 ], [ 11.241617, 45.967471 ], [ 11.240564, 45.966242 ], [ 11.23973, 45.965715 ], [ 11.239531, 45.964826 ], [ 11.238461, 45.963312 ], [ 11.236716, 45.962736 ], [ 11.236106, 45.961002 ], [ 11.235834, 45.959341 ], [ 11.235076, 45.95878 ], [ 11.23465, 45.957654 ], [ 11.233855, 45.957059 ], [ 11.233523, 45.956193 ], [ 11.234573, 45.954924 ], [ 11.23686, 45.954502 ], [ 11.237614, 45.955683 ], [ 11.240809, 45.957229 ], [ 11.244299, 45.958726 ], [ 11.247136, 45.958592 ], [ 11.249162, 45.958795 ], [ 11.250069, 45.958288 ], [ 11.251171, 45.958413 ], [ 11.25166, 45.958899 ], [ 11.253342, 45.959553 ], [ 11.254262, 45.960174 ], [ 11.254052, 45.961443 ], [ 11.254361, 45.963773 ], [ 11.255418, 45.963804 ], [ 11.256973, 45.963325 ], [ 11.258592, 45.963413 ], [ 11.261029, 45.963236 ], [ 11.262546, 45.963307 ], [ 11.264586, 45.964011 ], [ 11.266551, 45.965586 ], [ 11.268916, 45.965513 ], [ 11.27099, 45.964574 ], [ 11.273152, 45.964415 ], [ 11.273335, 45.963695 ], [ 11.275087, 45.963825 ], [ 11.276798, 45.963341 ], [ 11.280053, 45.964157 ], [ 11.281375, 45.964831 ], [ 11.282904, 45.965056 ], [ 11.28417, 45.964363 ], [ 11.286614, 45.963414 ], [ 11.288637, 45.962373 ], [ 11.29306, 45.961049 ], [ 11.297882, 45.959831 ], [ 11.302314, 45.959716 ], [ 11.30567, 45.960041 ], [ 11.311086, 45.960408 ], [ 11.311731, 45.960527 ], [ 11.315232, 45.960699 ], [ 11.314503, 45.961569 ], [ 11.314523, 45.963411 ], [ 11.314832, 45.965669 ], [ 11.314534, 45.966125 ], [ 11.313244, 45.96638 ], [ 11.312002, 45.965898 ], [ 11.311436, 45.965055 ], [ 11.309605, 45.965088 ], [ 11.309109, 45.964052 ], [ 11.308122, 45.963671 ], [ 11.306259, 45.963505 ], [ 11.305418, 45.96237 ], [ 11.304039, 45.962343 ], [ 11.301827, 45.961648 ], [ 11.299696, 45.963055 ], [ 11.300146, 45.963825 ], [ 11.299162, 45.965308 ], [ 11.300027, 45.966552 ], [ 11.298933, 45.967592 ], [ 11.298987, 45.968469 ], [ 11.297188, 45.970475 ], [ 11.297329, 45.971339 ], [ 11.298153, 45.972863 ], [ 11.297924, 45.973706 ], [ 11.298526, 45.974759 ], [ 11.299576, 45.975193 ], [ 11.299625, 45.976074 ], [ 11.301437, 45.977253 ], [ 11.302072, 45.978835 ], [ 11.302652, 45.979371 ], [ 11.302338, 45.979984 ], [ 11.303458, 45.980618 ], [ 11.303837, 45.981571 ], [ 11.30283, 45.982399 ], [ 11.302767, 45.986138 ], [ 11.30252, 45.99013 ], [ 11.295693, 45.995353 ], [ 11.294001, 45.996968 ], [ 11.291223, 45.999112 ], [ 11.28685, 46.002322 ], [ 11.284803, 46.00393 ], [ 11.283183, 46.004114 ], [ 11.281297, 46.004932 ], [ 11.279917, 46.005264 ], [ 11.276002, 46.007154 ], [ 11.274126, 46.008358 ], [ 11.272806, 46.008985 ], [ 11.270924, 46.009482 ], [ 11.269197, 46.009272 ], [ 11.26761, 46.009459 ], [ 11.265142, 46.010738 ], [ 11.264759, 46.012341 ], [ 11.263921, 46.013091 ], [ 11.262474, 46.013205 ], [ 11.260685, 46.013023 ] ] ] } },
{ "type": "Feature", "properties": { "com_altname": null, "com_area_code": "ITA", "com_capoluogo": "No", "com_code": "22180", "com_name": "Spormaggiore", "com_name_lower": "spormaggiore", "com_name_upper": "SPORMAGGIORE", "com_type": "Comune", "geo_point_2d": { "lat": 46.20342280605028, "lon": 11.007356775495296 }, "prov_code": "22", "prov_name": "Trento", "reg_code": "4", "reg_name": "Trentino-Alto Adige", "rip_code": "2", "rip_name": "Nord-Est", "year": "2022" }, "geometry": { "type": "Polygon", "coordinates": [ [ [ 11.069071, 46.231135 ], [ 11.066823, 46.23181 ], [ 11.065324, 46.231905 ], [ 11.064251, 46.23156 ], [ 11.063218, 46.231907 ], [ 11.062327, 46.233035 ], [ 11.061795, 46.234556 ], [ 11.059482, 46.235818 ], [ 11.058796, 46.237076 ], [ 11.057729, 46.237321 ], [ 11.054803, 46.236946 ], [ 11.053764, 46.23651 ], [ 11.051724, 46.234994 ], [ 11.050524, 46.234372 ], [ 11.047101, 46.2337 ], [ 11.044619, 46.233096 ], [ 11.042988, 46.232505 ], [ 11.042657, 46.230971 ], [ 11.042187, 46.230206 ], [ 11.040423, 46.229648 ], [ 11.03956, 46.227508 ], [ 11.037196, 46.226132 ], [ 11.036864, 46.225535 ], [ 11.037177, 46.223919 ], [ 11.036384, 46.22364 ], [ 11.035583, 46.224901 ], [ 11.035748, 46.225407 ], [ 11.033816, 46.226525 ], [ 11.032391, 46.226807 ], [ 11.029755, 46.226544 ], [ 11.027593, 46.225948 ], [ 11.02678, 46.225512 ], [ 11.027874, 46.224152 ], [ 11.030221, 46.22159 ], [ 11.032392, 46.21972 ], [ 11.032495, 46.21871 ], [ 11.029361, 46.21765 ], [ 11.028185, 46.217594 ], [ 11.025412, 46.216977 ], [ 11.020069, 46.214151 ], [ 11.019724, 46.213712 ], [ 11.016867, 46.212354 ], [ 11.01077, 46.209676 ], [ 11.008256, 46.20918 ], [ 11.005931, 46.208303 ], [ 11.00526, 46.207653 ], [ 10.999999, 46.206525 ], [ 10.999285, 46.207465 ], [ 10.998333, 46.208078 ], [ 10.996545, 46.209847 ], [ 10.996123, 46.210013 ], [ 10.99186, 46.209837 ], [ 10.988023, 46.20815 ], [ 10.986565, 46.207625 ], [ 10.983444, 46.206771 ], [ 10.983155, 46.205353 ], [ 10.978727, 46.205473 ], [ 10.972907, 46.202889 ], [ 10.970806, 46.202311 ], [ 10.970475, 46.203075 ], [ 10.970784, 46.205358 ], [ 10.969953, 46.207946 ], [ 10.967778, 46.209799 ], [ 10.965825, 46.211274 ], [ 10.965343, 46.212526 ], [ 10.966338, 46.213738 ], [ 10.969784, 46.215546 ], [ 10.967422, 46.21529 ], [ 10.963919, 46.215125 ], [ 10.96268, 46.214949 ], [ 10.952798, 46.213205 ], [ 10.950766, 46.212765 ], [ 10.950648, 46.212126 ], [ 10.951732, 46.209048 ], [ 10.952507, 46.207849 ], [ 10.952153, 46.205963 ], [ 10.952126, 46.203961 ], [ 10.94849, 46.202705 ], [ 10.946076, 46.201644 ], [ 10.939869, 46.200391 ], [ 10.938198, 46.199699 ], [ 10.936353, 46.19825 ], [ 10.933253, 46.196771 ], [ 10.93376, 46.194502 ], [ 10.934568, 46.19336 ], [ 10.933059, 46.192203 ], [ 10.932347, 46.192281 ], [ 10.930385, 46.189587 ], [ 10.933208, 46.188506 ], [ 10.938417, 46.186231 ], [ 10.939123, 46.184615 ], [ 10.940651, 46.184056 ], [ 10.944343, 46.1821 ], [ 10.944898, 46.180701 ], [ 10.946239, 46.179186 ], [ 10.947874, 46.176666 ], [ 10.948946, 46.177087 ], [ 10.950294, 46.178459 ], [ 10.952538, 46.179585 ], [ 10.954685, 46.17906 ], [ 10.956541, 46.178067 ], [ 10.960599, 46.178114 ], [ 10.96246, 46.17772 ], [ 10.965918, 46.179449 ], [ 10.966971, 46.181916 ], [ 10.968245, 46.185327 ], [ 10.968273, 46.186068 ], [ 10.970704, 46.185977 ], [ 10.973215, 46.185404 ], [ 10.974364, 46.185871 ], [ 10.982191, 46.185655 ], [ 10.985486, 46.186046 ], [ 10.986413, 46.185997 ], [ 10.988532, 46.186565 ], [ 10.989875, 46.187145 ], [ 10.991595, 46.187182 ], [ 10.992787, 46.187503 ], [ 10.993947, 46.188746 ], [ 10.996028, 46.189175 ], [ 10.998218, 46.189417 ], [ 10.998973, 46.18911 ], [ 11.001397, 46.188899 ], [ 11.003053, 46.18908 ], [ 11.004849, 46.188993 ], [ 11.005532, 46.188733 ], [ 11.008467, 46.189485 ], [ 11.009299, 46.188668 ], [ 11.010477, 46.188494 ], [ 11.010897, 46.189519 ], [ 11.011587, 46.190168 ], [ 11.011305, 46.190989 ], [ 11.012727, 46.191359 ], [ 11.017192, 46.191494 ], [ 11.01948, 46.193637 ], [ 11.019898, 46.19446 ], [ 11.021284, 46.195799 ], [ 11.023118, 46.198069 ], [ 11.023916, 46.199282 ], [ 11.025321, 46.199212 ], [ 11.027127, 46.200017 ], [ 11.027668, 46.200512 ], [ 11.028177, 46.201875 ], [ 11.030179, 46.201903 ], [ 11.033755, 46.200728 ], [ 11.033707, 46.199923 ], [ 11.034696, 46.199185 ], [ 11.034647, 46.198004 ], [ 11.035409, 46.196899 ], [ 11.034475, 46.196361 ], [ 11.034376, 46.195803 ], [ 11.037072, 46.193854 ], [ 11.039097, 46.193101 ], [ 11.039188, 46.191421 ], [ 11.043404, 46.191913 ], [ 11.044731, 46.191569 ], [ 11.045484, 46.190097 ], [ 11.046484, 46.190418 ], [ 11.047729, 46.190328 ], [ 11.051284, 46.189601 ], [ 11.05385, 46.190233 ], [ 11.056612, 46.19053 ], [ 11.057792, 46.192374 ], [ 11.058937, 46.193668 ], [ 11.062691, 46.195841 ], [ 11.063608, 46.196499 ], [ 11.065379, 46.200106 ], [ 11.065833, 46.204814 ], [ 11.065567, 46.205841 ], [ 11.066714, 46.205581 ], [ 11.068083, 46.203968 ], [ 11.068722, 46.203691 ], [ 11.070037, 46.202337 ], [ 11.071356, 46.202784 ], [ 11.073301, 46.203036 ], [ 11.073852, 46.203558 ], [ 11.072974, 46.204689 ], [ 11.071425, 46.207287 ], [ 11.070934, 46.20897 ], [ 11.070134, 46.21065 ], [ 11.067377, 46.211582 ], [ 11.06518, 46.21631 ], [ 11.064166, 46.224496 ], [ 11.062845, 46.22623 ], [ 11.067126, 46.230491 ], [ 11.069071, 46.231135 ] ] ] } },
{ "type": "Feature", "properties": { "com_altname": null, "com_area_code": "ITA", "com_capoluogo": "No", "com_code": "22167", "com_name": "San Michele all'Adige", "com_name_lower": "san michele all'adige", "com_name_upper": "SAN MICHELE ALL'ADIGE", "com_type": "Comune", "geo_point_2d": { "lat": 46.200516909966716, "lon": 11.148346404902743 }, "prov_code": "22", "prov_name": "Trento", "reg_code": "4", "reg_name": "Trentino-Alto Adige", "rip_code": "2", "rip_name": "Nord-Est", "year": "2022" }, "geometry": { "type": "Polygon", "coordinates": [ [ [ 11.111299, 46.174686 ], [ 11.114085, 46.174684 ], [ 11.117498, 46.175468 ], [ 11.12128, 46.176081 ], [ 11.120988, 46.177465 ], [ 11.120252, 46.178232 ], [ 11.122804, 46.182096 ], [ 11.125163, 46.182282 ], [ 11.125942, 46.182039 ], [ 11.127738, 46.179615 ], [ 11.12873, 46.178707 ], [ 11.133193, 46.178257 ], [ 11.136094, 46.180543 ], [ 11.136592, 46.18308 ], [ 11.137863, 46.18323 ], [ 11.138341, 46.185239 ], [ 11.13928, 46.18611 ], [ 11.140115, 46.188028 ], [ 11.144504, 46.186435 ], [ 11.14751, 46.188181 ], [ 11.148578, 46.189139 ], [ 11.151164, 46.18786 ], [ 11.151599, 46.187328 ], [ 11.153999, 46.187689 ], [ 11.155281, 46.187572 ], [ 11.156929, 46.186496 ], [ 11.156879, 46.185819 ], [ 11.15753, 46.185137 ], [ 11.158634, 46.184892 ], [ 11.16137, 46.18352 ], [ 11.16241, 46.183335 ], [ 11.163542, 46.183761 ], [ 11.16533, 46.185406 ], [ 11.167157, 46.186537 ], [ 11.167344, 46.188356 ], [ 11.168055, 46.189754 ], [ 11.169698, 46.190015 ], [ 11.170303, 46.191016 ], [ 11.170418, 46.191877 ], [ 11.171207, 46.192728 ], [ 11.172148, 46.194545 ], [ 11.172938, 46.195044 ], [ 11.173275, 46.197051 ], [ 11.174508, 46.19876 ], [ 11.175053, 46.198754 ], [ 11.176965, 46.200254 ], [ 11.178841, 46.201149 ], [ 11.181054, 46.20302 ], [ 11.181446, 46.20389 ], [ 11.181004, 46.204227 ], [ 11.183398, 46.205711 ], [ 11.184074, 46.206382 ], [ 11.183898, 46.206876 ], [ 11.18065, 46.207181 ], [ 11.179425, 46.206547 ], [ 11.178707, 46.208127 ], [ 11.17665, 46.207905 ], [ 11.176401, 46.209026 ], [ 11.175544, 46.210559 ], [ 11.174086, 46.21033 ], [ 11.173061, 46.211655 ], [ 11.171657, 46.212014 ], [ 11.171359, 46.212754 ], [ 11.172987, 46.213807 ], [ 11.174478, 46.213918 ], [ 11.175342, 46.21446 ], [ 11.176147, 46.213994 ], [ 11.176974, 46.214667 ], [ 11.177223, 46.21563 ], [ 11.177109, 46.217063 ], [ 11.175787, 46.218636 ], [ 11.174612, 46.220886 ], [ 11.174965, 46.221339 ], [ 11.176617, 46.221658 ], [ 11.176866, 46.222468 ], [ 11.176856, 46.224727 ], [ 11.173764, 46.227459 ], [ 11.172691, 46.228893 ], [ 11.170056, 46.227521 ], [ 11.167894, 46.226905 ], [ 11.164986, 46.22673 ], [ 11.159396, 46.226962 ], [ 11.155854, 46.226759 ], [ 11.15338, 46.22609 ], [ 11.152212, 46.225482 ], [ 11.149938, 46.223743 ], [ 11.148223, 46.221327 ], [ 11.147011, 46.218834 ], [ 11.146643, 46.21701 ], [ 11.146668, 46.211001 ], [ 11.145704, 46.209008 ], [ 11.14381, 46.207316 ], [ 11.140936, 46.205164 ], [ 11.140877, 46.20314 ], [ 11.140523, 46.202319 ], [ 11.13943, 46.201268 ], [ 11.138728, 46.200962 ], [ 11.135987, 46.200761 ], [ 11.134505, 46.199106 ], [ 11.133048, 46.196526 ], [ 11.130932, 46.197524 ], [ 11.128645, 46.198015 ], [ 11.126486, 46.199499 ], [ 11.122646, 46.202324 ], [ 11.118754, 46.204856 ], [ 11.116598, 46.200884 ], [ 11.116369, 46.198683 ], [ 11.114945, 46.198723 ], [ 11.115223, 46.196864 ], [ 11.115185, 46.195242 ], [ 11.114673, 46.193209 ], [ 11.114558, 46.190468 ], [ 11.11479, 46.189627 ], [ 11.113519, 46.189559 ], [ 11.112777, 46.188989 ], [ 11.111766, 46.188795 ], [ 11.109692, 46.189089 ], [ 11.107203, 46.188515 ], [ 11.107079, 46.187323 ], [ 11.107222, 46.18552 ], [ 11.106952, 46.184717 ], [ 11.106019, 46.184718 ], [ 11.105732, 46.182013 ], [ 11.103374, 46.182597 ], [ 11.102772, 46.180459 ], [ 11.10382, 46.180233 ], [ 11.104572, 46.180852 ], [ 11.105607, 46.180855 ], [ 11.106765, 46.181368 ], [ 11.107745, 46.182265 ], [ 11.110925, 46.18184 ], [ 11.11196, 46.182682 ], [ 11.112853, 46.182437 ], [ 11.113823, 46.181188 ], [ 11.111279, 46.176716 ], [ 11.111299, 46.174686 ] ] ] } },
{ "type": "Feature", "properties": { "com_altname": null, "com_area_code": "ITA", "com_capoluogo": "No", "com_code": "22040", "com_name": "Capriana", "com_name_lower": "capriana", "com_name_upper": "CAPRIANA", "com_type": "Comune", "geo_point_2d": { "lat": 46.270215818047845, "lon": 11.330836822981075 }, "prov_code": "22", "prov_name": "Trento", "reg_code": "4", "reg_name": "Trentino-Alto Adige", "rip_code": "2", "rip_name": "Nord-Est", "year": "2022" }, "geometry": { "type": "Polygon", "coordinates": [ [ [ 11.340339, 46.297882 ], [ 11.338792, 46.298799 ], [ 11.337395, 46.298465 ], [ 11.336339, 46.297714 ], [ 11.336078, 46.297102 ], [ 11.333784, 46.297724 ], [ 11.333316, 46.2967 ], [ 11.33214, 46.296574 ], [ 11.332706, 46.295226 ], [ 11.331742, 46.293996 ], [ 11.326683, 46.293072 ], [ 11.323232, 46.292618 ], [ 11.323295, 46.29165 ], [ 11.321317, 46.290056 ], [ 11.320001, 46.288425 ], [ 11.318479, 46.287422 ], [ 11.31612, 46.285314 ], [ 11.314089, 46.284509 ], [ 11.311552, 46.283243 ], [ 11.31088, 46.281281 ], [ 11.314105, 46.279079 ], [ 11.31367, 46.27862 ], [ 11.31431, 46.277629 ], [ 11.314523, 46.27592 ], [ 11.315653, 46.273837 ], [ 11.315767, 46.273021 ], [ 11.313926, 46.271019 ], [ 11.31365, 46.270268 ], [ 11.311637, 46.268353 ], [ 11.309714, 46.267717 ], [ 11.310602, 46.265748 ], [ 11.309233, 46.264741 ], [ 11.307472, 46.262687 ], [ 11.307926, 46.260931 ], [ 11.306872, 46.260184 ], [ 11.305616, 46.258767 ], [ 11.307643, 46.257784 ], [ 11.309704, 46.257114 ], [ 11.311602, 46.25517 ], [ 11.314881, 46.253003 ], [ 11.3161, 46.252608 ], [ 11.317156, 46.250526 ], [ 11.318139, 46.249115 ], [ 11.319589, 46.246539 ], [ 11.32136, 46.244839 ], [ 11.323533, 46.244699 ], [ 11.324179, 46.244884 ], [ 11.325889, 46.246555 ], [ 11.326782, 46.247846 ], [ 11.326989, 46.24863 ], [ 11.326762, 46.24998 ], [ 11.328857, 46.25099 ], [ 11.330563, 46.251136 ], [ 11.332306, 46.25139 ], [ 11.33598, 46.252852 ], [ 11.336896, 46.253031 ], [ 11.339398, 46.254204 ], [ 11.34222, 46.255865 ], [ 11.342596, 46.256469 ], [ 11.34394, 46.256964 ], [ 11.349086, 46.259585 ], [ 11.35025, 46.260389 ], [ 11.352158, 46.26295 ], [ 11.353191, 46.264074 ], [ 11.355943, 46.265159 ], [ 11.358781, 46.265668 ], [ 11.358018, 46.266637 ], [ 11.357635, 46.267707 ], [ 11.357058, 46.268151 ], [ 11.356719, 46.269868 ], [ 11.357359, 46.271202 ], [ 11.356966, 46.271793 ], [ 11.357247, 46.273877 ], [ 11.356428, 46.276054 ], [ 11.354315, 46.277401 ], [ 11.352504, 46.27772 ], [ 11.351687, 46.278327 ], [ 11.349588, 46.279083 ], [ 11.347386, 46.280231 ], [ 11.346065, 46.279997 ], [ 11.34444, 46.280255 ], [ 11.341925, 46.281846 ], [ 11.340479, 46.283587 ], [ 11.338522, 46.286379 ], [ 11.338146, 46.287723 ], [ 11.335468, 46.290491 ], [ 11.335494, 46.291066 ], [ 11.336597, 46.291465 ], [ 11.337431, 46.290907 ], [ 11.338761, 46.291817 ], [ 11.33756, 46.293573 ], [ 11.33804, 46.294073 ], [ 11.338239, 46.295445 ], [ 11.33872, 46.296229 ], [ 11.3396, 46.296619 ], [ 11.340339, 46.297882 ] ] ] } },
{ "type": "Feature", "properties": { "com_altname": null, "com_area_code": "ITA", "com_capoluogo": "No", "com_code": "22155", "com_name": "Romeno", "com_name_lower": "romeno", "com_name_upper": "ROMENO", "com_type": "Comune", "geo_point_2d": { "lat": 46.38523872588533, "lon": 11.109505586712713 }, "prov_code": "22", "prov_name": "Trento", "reg_code": "4", "reg_name": "Trentino-Alto Adige", "rip_code": "2", "rip_name": "Nord-Est", "year": "2022" }, "geometry": { "type": "Polygon", "coordinates": [ [ [ 11.130958, 46.401242 ], [ 11.13064, 46.402463 ], [ 11.129412, 46.40434 ], [ 11.128364, 46.405093 ], [ 11.125969, 46.404885 ], [ 11.126328, 46.405851 ], [ 11.125605, 46.406409 ], [ 11.123801, 46.407216 ], [ 11.121548, 46.406925 ], [ 11.117904, 46.40634 ], [ 11.116134, 46.405743 ], [ 11.115813, 46.405384 ], [ 11.112066, 46.403496 ], [ 11.110108, 46.402196 ], [ 11.107408, 46.398875 ], [ 11.102967, 46.39605 ], [ 11.102053, 46.395099 ], [ 11.102091, 46.394496 ], [ 11.10147, 46.393553 ], [ 11.099971, 46.392219 ], [ 11.100592, 46.391945 ], [ 11.101129, 46.389325 ], [ 11.098992, 46.388514 ], [ 11.096706, 46.385833 ], [ 11.09537, 46.385916 ], [ 11.094352, 46.38512 ], [ 11.093409, 46.384858 ], [ 11.091883, 46.383491 ], [ 11.090755, 46.381924 ], [ 11.088885, 46.381454 ], [ 11.08773, 46.38138 ], [ 11.085568, 46.378607 ], [ 11.086021, 46.378032 ], [ 11.08573, 46.377007 ], [ 11.085103, 46.376262 ], [ 11.084884, 46.373971 ], [ 11.084115, 46.373742 ], [ 11.083199, 46.3729 ], [ 11.083483, 46.37248 ], [ 11.082883, 46.371348 ], [ 11.083416, 46.370398 ], [ 11.083237, 46.369249 ], [ 11.084931, 46.368336 ], [ 11.086953, 46.368813 ], [ 11.090307, 46.368868 ], [ 11.091551, 46.36831 ], [ 11.092688, 46.368186 ], [ 11.095166, 46.36873 ], [ 11.096741, 46.369286 ], [ 11.098057, 46.369077 ], [ 11.099666, 46.368386 ], [ 11.10139, 46.368148 ], [ 11.102594, 46.368886 ], [ 11.1039, 46.369339 ], [ 11.107493, 46.369709 ], [ 11.109337, 46.37017 ], [ 11.1121, 46.369813 ], [ 11.114688, 46.371786 ], [ 11.119284, 46.372236 ], [ 11.120592, 46.372549 ], [ 11.122462, 46.373424 ], [ 11.123218, 46.374233 ], [ 11.123116, 46.375864 ], [ 11.12339, 46.376493 ], [ 11.124865, 46.377672 ], [ 11.12499, 46.380068 ], [ 11.124275, 46.381693 ], [ 11.12429, 46.382498 ], [ 11.12485, 46.383225 ], [ 11.126029, 46.386209 ], [ 11.126611, 46.386631 ], [ 11.127578, 46.388188 ], [ 11.127454, 46.39125 ], [ 11.125944, 46.394063 ], [ 11.126655, 46.395679 ], [ 11.129094, 46.398217 ], [ 11.129848, 46.399854 ], [ 11.130958, 46.401242 ] ] ] } },
{ "type": "Feature", "properties": { "com_altname": null, "com_area_code": "ITA", "com_capoluogo": "No", "com_code": "22162", "com_name": "Ruffrè-Mendola", "com_name_lower": "ruffrè-mendola", "com_name_upper": "RUFFRÈ-MENDOLA", "com_type": "Comune", "geo_point_2d": { "lat": 46.42391093116166, "lon": 11.192830507030878 }, "prov_code": "22", "prov_name": "Trento", "reg_code": "4", "reg_name": "Trentino-Alto Adige", "rip_code": "2", "rip_name": "Nord-Est", "year": "2022" }, "geometry": { "type": "Polygon", "coordinates": [ [ [ 11.207212, 46.416644 ], [ 11.209102, 46.416485 ], [ 11.209614, 46.417425 ], [ 11.211666, 46.419457 ], [ 11.211844, 46.420649 ], [ 11.210929, 46.422289 ], [ 11.209323, 46.423125 ], [ 11.208216, 46.424652 ], [ 11.205161, 46.426332 ], [ 11.205147, 46.426924 ], [ 11.206831, 46.427011 ], [ 11.207619, 46.428245 ], [ 11.207413, 46.430024 ], [ 11.208387, 46.430707 ], [ 11.209808, 46.429985 ], [ 11.21151, 46.430764 ], [ 11.210224, 46.4318 ], [ 11.2112, 46.432641 ], [ 11.213469, 46.43323 ], [ 11.213286, 46.434053 ], [ 11.215124, 46.434437 ], [ 11.215653, 46.435232 ], [ 11.216046, 46.436925 ], [ 11.216493, 46.437661 ], [ 11.215744, 46.437812 ], [ 11.209166, 46.43825 ], [ 11.206873, 46.438119 ], [ 11.205077, 46.437721 ], [ 11.199577, 46.437152 ], [ 11.197091, 46.436732 ], [ 11.193106, 46.436476 ], [ 11.190347, 46.435975 ], [ 11.189212, 46.435268 ], [ 11.187027, 46.434329 ], [ 11.185382, 46.43324 ], [ 11.18252, 46.431692 ], [ 11.181173, 46.430751 ], [ 11.178301, 46.429199 ], [ 11.17864, 46.428437 ], [ 11.1791, 46.426088 ], [ 11.179135, 46.424773 ], [ 11.180347, 46.425681 ], [ 11.181173, 46.424586 ], [ 11.182897, 46.424422 ], [ 11.182775, 46.423781 ], [ 11.180882, 46.421702 ], [ 11.180051, 46.422051 ], [ 11.178582, 46.422079 ], [ 11.177152, 46.421395 ], [ 11.17663, 46.420618 ], [ 11.174366, 46.419023 ], [ 11.173014, 46.418896 ], [ 11.17247, 46.417993 ], [ 11.171362, 46.418054 ], [ 11.171387, 46.416443 ], [ 11.1705, 46.41551 ], [ 11.170912, 46.414337 ], [ 11.168409, 46.413993 ], [ 11.166557, 46.411814 ], [ 11.165992, 46.410151 ], [ 11.16853, 46.409121 ], [ 11.170808, 46.410667 ], [ 11.171865, 46.410849 ], [ 11.172545, 46.411651 ], [ 11.173975, 46.411272 ], [ 11.176184, 46.41101 ], [ 11.178503, 46.411024 ], [ 11.180308, 46.410607 ], [ 11.18412, 46.411313 ], [ 11.185808, 46.410979 ], [ 11.187276, 46.41042 ], [ 11.188863, 46.410975 ], [ 11.189144, 46.411869 ], [ 11.190692, 46.412636 ], [ 11.192555, 46.414176 ], [ 11.194593, 46.414433 ], [ 11.195426, 46.415119 ], [ 11.196512, 46.415063 ], [ 11.197735, 46.415705 ], [ 11.199468, 46.415604 ], [ 11.200967, 46.414972 ], [ 11.203302, 46.415724 ], [ 11.207212, 46.416644 ] ] ] } },
{ "type": "Feature", "properties": { "com_altname": null, "com_area_code": "ITA", "com_capoluogo": "No", "com_code": "22037", "com_name": "Campodenno", "com_name_lower": "campodenno", "com_name_upper": "CAMPODENNO", "com_type": "Comune", "geo_point_2d": { "lat": 46.24770958319387, "lon": 11.002920897577141 }, "prov_code": "22", "prov_name": "Trento", "reg_code": "4", "reg_name": "Trentino-Alto Adige", "rip_code": "2", "rip_name": "Nord-Est", "year": "2022" }, "geometry": { "type": "Polygon", "coordinates": [ [ [ 10.969784, 46.215546 ], [ 10.968945, 46.218677 ], [ 10.968294, 46.219598 ], [ 10.968895, 46.221021 ], [ 10.96938, 46.221472 ], [ 10.973742, 46.222333 ], [ 10.975005, 46.222801 ], [ 10.977397, 46.224902 ], [ 10.978102, 46.225923 ], [ 10.979122, 46.226199 ], [ 10.9795, 46.227074 ], [ 10.9829, 46.228508 ], [ 10.983844, 46.229166 ], [ 10.985708, 46.231019 ], [ 10.989149, 46.233605 ], [ 10.990797, 46.23506 ], [ 10.993217, 46.236909 ], [ 10.99928, 46.240536 ], [ 11.000936, 46.241191 ], [ 11.003328, 46.241424 ], [ 11.007105, 46.242815 ], [ 11.01032, 46.244613 ], [ 11.01324, 46.246735 ], [ 11.014404, 46.247138 ], [ 11.016495, 46.24715 ], [ 11.01791, 46.246302 ], [ 11.018727, 46.245531 ], [ 11.020848, 46.24517 ], [ 11.022601, 46.243982 ], [ 11.023333, 46.243011 ], [ 11.024525, 46.242562 ], [ 11.02634, 46.2428 ], [ 11.027109, 46.243389 ], [ 11.028341, 46.243291 ], [ 11.028976, 46.243892 ], [ 11.030061, 46.244201 ], [ 11.032118, 46.244412 ], [ 11.033648, 46.243989 ], [ 11.035191, 46.242886 ], [ 11.035791, 46.242079 ], [ 11.037983, 46.241599 ], [ 11.041238, 46.241918 ], [ 11.043788, 46.24253 ], [ 11.046721, 46.242783 ], [ 11.04787, 46.242583 ], [ 11.049932, 46.242811 ], [ 11.052483, 46.243598 ], [ 11.054202, 46.243743 ], [ 11.057918, 46.242168 ], [ 11.059732, 46.242361 ], [ 11.060294, 46.242913 ], [ 11.060156, 46.244045 ], [ 11.058703, 46.245507 ], [ 11.05825, 46.247229 ], [ 11.059162, 46.248873 ], [ 11.061182, 46.250691 ], [ 11.06232, 46.253623 ], [ 11.062236, 46.254286 ], [ 11.060601, 46.256079 ], [ 11.060625, 46.256601 ], [ 11.061617, 46.257611 ], [ 11.058171, 46.257673 ], [ 11.056954, 46.259275 ], [ 11.056593, 46.260644 ], [ 11.057373, 46.262561 ], [ 11.05608, 46.264033 ], [ 11.053767, 46.264772 ], [ 11.051512, 46.265908 ], [ 11.049747, 46.265954 ], [ 11.048879, 46.2655 ], [ 11.045841, 46.264606 ], [ 11.044952, 46.265343 ], [ 11.045556, 46.266097 ], [ 11.044376, 46.26655 ], [ 11.041887, 46.268418 ], [ 11.041711, 46.269351 ], [ 11.040247, 46.269613 ], [ 11.04045, 46.270832 ], [ 11.040069, 46.271912 ], [ 11.040494, 46.27338 ], [ 11.040261, 46.273819 ], [ 11.037072, 46.273662 ], [ 11.037166, 46.274823 ], [ 11.032789, 46.27446 ], [ 11.028268, 46.273753 ], [ 11.024841, 46.273085 ], [ 11.02335, 46.270096 ], [ 11.022111, 46.269484 ], [ 11.021336, 46.268301 ], [ 11.019788, 46.26736 ], [ 11.017737, 46.266983 ], [ 11.016578, 46.26654 ], [ 11.013124, 46.266434 ], [ 11.012635, 46.265831 ], [ 11.012786, 46.264363 ], [ 11.007904, 46.26482 ], [ 11.005744, 46.264413 ], [ 11.002174, 46.264156 ], [ 10.998961, 46.26419 ], [ 10.994463, 46.263695 ], [ 10.992434, 46.264373 ], [ 10.990184, 46.263573 ], [ 10.988354, 46.2622 ], [ 10.984755, 46.261109 ], [ 10.981127, 46.260767 ], [ 10.976386, 46.259476 ], [ 10.968013, 46.256554 ], [ 10.967181, 46.255933 ], [ 10.96611, 46.256056 ], [ 10.964944, 46.253384 ], [ 10.964591, 46.251517 ], [ 10.963754, 46.24959 ], [ 10.961866, 46.247546 ], [ 10.96033, 46.246527 ], [ 10.959692, 46.245112 ], [ 10.960337, 46.244364 ], [ 10.964082, 46.242239 ], [ 10.965622, 46.241921 ], [ 10.968351, 46.241664 ], [ 10.967022, 46.24049 ], [ 10.966611, 46.239132 ], [ 10.966656, 46.237227 ], [ 10.964794, 46.236949 ], [ 10.963501, 46.236156 ], [ 10.962969, 46.234901 ], [ 10.96135, 46.233973 ], [ 10.958803, 46.233266 ], [ 10.954951, 46.233195 ], [ 10.953192, 46.232958 ], [ 10.952475, 46.231619 ], [ 10.955432, 46.229705 ], [ 10.953408, 46.228752 ], [ 10.950002, 46.228403 ], [ 10.948497, 46.228387 ], [ 10.949527, 46.22638 ], [ 10.946085, 46.22365 ], [ 10.945963, 46.221025 ], [ 10.946888, 46.219386 ], [ 10.947238, 46.216481 ], [ 10.949239, 46.214706 ], [ 10.950766, 46.212765 ], [ 10.952798, 46.213205 ], [ 10.96268, 46.214949 ], [ 10.963919, 46.215125 ], [ 10.967422, 46.21529 ], [ 10.969784, 46.215546 ] ] ] } },
{ "type": "Feature", "properties": { "com_altname": null, "com_area_code": "ITA", "com_capoluogo": "No", "com_code": "22050", "com_name": "Cavalese", "com_name_lower": "cavalese", "com_name_upper": "CAVALESE", "com_type": "Comune", "geo_point_2d": { "lat": 46.24784648073665, "lon": 11.474508008346815 }, "prov_code": "22", "prov_name": "Trento", "reg_code": "4", "reg_name": "Trentino-Alto Adige", "rip_code": "2", "rip_name": "Nord-Est", "year": "2022" }, "geometry": { "type": "Polygon", "coordinates": [ [ [ 11.522477, 46.203228 ], [ 11.522462, 46.204854 ], [ 11.520349, 46.206498 ], [ 11.518656, 46.208556 ], [ 11.517848, 46.209212 ], [ 11.513178, 46.211352 ], [ 11.510225, 46.21521 ], [ 11.509132, 46.216444 ], [ 11.507465, 46.220022 ], [ 11.507157, 46.222567 ], [ 11.506347, 46.22383 ], [ 11.502934, 46.227828 ], [ 11.502054, 46.230428 ], [ 11.500672, 46.231409 ], [ 11.500889, 46.231954 ], [ 11.500002, 46.232315 ], [ 11.499772, 46.234061 ], [ 11.500346, 46.235234 ], [ 11.502314, 46.236629 ], [ 11.502682, 46.238215 ], [ 11.504167, 46.242429 ], [ 11.504453, 46.244959 ], [ 11.50438, 46.248239 ], [ 11.505545, 46.249518 ], [ 11.504606, 46.251468 ], [ 11.50285, 46.252063 ], [ 11.502626, 46.252583 ], [ 11.500361, 46.254276 ], [ 11.50028, 46.256134 ], [ 11.499817, 46.258871 ], [ 11.496587, 46.26085 ], [ 11.496159, 46.261705 ], [ 11.496661, 46.263044 ], [ 11.497479, 46.263926 ], [ 11.500195, 46.264238 ], [ 11.501085, 46.264598 ], [ 11.499675, 46.265515 ], [ 11.499883, 46.267518 ], [ 11.500401, 46.268634 ], [ 11.500459, 46.269758 ], [ 11.500085, 46.271211 ], [ 11.500331, 46.27275 ], [ 11.501329, 46.273781 ], [ 11.500712, 46.275226 ], [ 11.500981, 46.276357 ], [ 11.500818, 46.277286 ], [ 11.502917, 46.279051 ], [ 11.502997, 46.279837 ], [ 11.504939, 46.282032 ], [ 11.505434, 46.284096 ], [ 11.506244, 46.285063 ], [ 11.504449, 46.286492 ], [ 11.501488, 46.286757 ], [ 11.500851, 46.286536 ], [ 11.498373, 46.284436 ], [ 11.497243, 46.284137 ], [ 11.495485, 46.284022 ], [ 11.494256, 46.2844 ], [ 11.492794, 46.285359 ], [ 11.492166, 46.286399 ], [ 11.488369, 46.287418 ], [ 11.488846, 46.287911 ], [ 11.48977, 46.291401 ], [ 11.489388, 46.292409 ], [ 11.487436, 46.292028 ], [ 11.486187, 46.293972 ], [ 11.482013, 46.294702 ], [ 11.480027, 46.294142 ], [ 11.478854, 46.29433 ], [ 11.477036, 46.295773 ], [ 11.477204, 46.296606 ], [ 11.476234, 46.296699 ], [ 11.475868, 46.296059 ], [ 11.473665, 46.295585 ], [ 11.47339, 46.295258 ], [ 11.471887, 46.295309 ], [ 11.468906, 46.294275 ], [ 11.467739, 46.293733 ], [ 11.466789, 46.292827 ], [ 11.465915, 46.292729 ], [ 11.463997, 46.293391 ], [ 11.463402, 46.296626 ], [ 11.462006, 46.296485 ], [ 11.459547, 46.296646 ], [ 11.454821, 46.296675 ], [ 11.45425, 46.296373 ], [ 11.452943, 46.296491 ], [ 11.451347, 46.295913 ], [ 11.449704, 46.295768 ], [ 11.446966, 46.295233 ], [ 11.447239, 46.292311 ], [ 11.448114, 46.290969 ], [ 11.44735, 46.289267 ], [ 11.447563, 46.286472 ], [ 11.447872, 46.28525 ], [ 11.446932, 46.281643 ], [ 11.446149, 46.280085 ], [ 11.44627, 46.27785 ], [ 11.445659, 46.274614 ], [ 11.445047, 46.270496 ], [ 11.444841, 46.268197 ], [ 11.443488, 46.266669 ], [ 11.443103, 46.265876 ], [ 11.441147, 46.263911 ], [ 11.438119, 46.260015 ], [ 11.438386, 46.258723 ], [ 11.438633, 46.255819 ], [ 11.437428, 46.254972 ], [ 11.438802, 46.253475 ], [ 11.437408, 46.250994 ], [ 11.436299, 46.247634 ], [ 11.432689, 46.245794 ], [ 11.433424, 46.244536 ], [ 11.435411, 46.243999 ], [ 11.438413, 46.242666 ], [ 11.439317, 46.241683 ], [ 11.441179, 46.240593 ], [ 11.441962, 46.239314 ], [ 11.44281, 46.236514 ], [ 11.442741, 46.23495 ], [ 11.443475, 46.23308 ], [ 11.443138, 46.232223 ], [ 11.443322, 46.229924 ], [ 11.442252, 46.224808 ], [ 11.443845, 46.22301 ], [ 11.445161, 46.222289 ], [ 11.447162, 46.21888 ], [ 11.448206, 46.216706 ], [ 11.45102, 46.216124 ], [ 11.451764, 46.216234 ], [ 11.453367, 46.215831 ], [ 11.455524, 46.2142 ], [ 11.457185, 46.213364 ], [ 11.457681, 46.212282 ], [ 11.458606, 46.211209 ], [ 11.459835, 46.208545 ], [ 11.461336, 46.207622 ], [ 11.462698, 46.207638 ], [ 11.464017, 46.206682 ], [ 11.466599, 46.205879 ], [ 11.47001, 46.205032 ], [ 11.472402, 46.205196 ], [ 11.474466, 46.205826 ], [ 11.476072, 46.20581 ], [ 11.478673, 46.20686 ], [ 11.481916, 46.207762 ], [ 11.484022, 46.207329 ], [ 11.485035, 46.206785 ], [ 11.487318, 46.206249 ], [ 11.490215, 46.206087 ], [ 11.49191, 46.205456 ], [ 11.492848, 46.203564 ], [ 11.494425, 46.203178 ], [ 11.498532, 46.201702 ], [ 11.49979, 46.20181 ], [ 11.502179, 46.201202 ], [ 11.505673, 46.201079 ], [ 11.507179, 46.20072 ], [ 11.510732, 46.199503 ], [ 11.511904, 46.199212 ], [ 11.514121, 46.199688 ], [ 11.516287, 46.199939 ], [ 11.519161, 46.201931 ], [ 11.522477, 46.203228 ] ] ] } },
{ "type": "Feature", "properties": { "com_altname": null, "com_area_code": "ITA", "com_capoluogo": "No", "com_code": "22165", "com_name": "Samone", "com_name_lower": "samone", "com_name_upper": "SAMONE", "com_type": "Comune", "geo_point_2d": { "lat": 46.08966740275991, "lon": 11.52364838381832 }, "prov_code": "22", "prov_name": "Trento", "reg_code": "4", "reg_name": "Trentino-Alto Adige", "rip_code": "2", "rip_name": "Nord-Est", "year": "2022" }, "geometry": { "type": "Polygon", "coordinates": [ [ [ 11.524993, 46.105214 ], [ 11.523268, 46.105473 ], [ 11.519864, 46.106297 ], [ 11.516808, 46.106029 ], [ 11.51529, 46.105752 ], [ 11.514141, 46.105138 ], [ 11.514326, 46.104554 ], [ 11.513822, 46.102779 ], [ 11.514199, 46.10194 ], [ 11.514129, 46.100904 ], [ 11.513038, 46.098273 ], [ 11.513422, 46.096971 ], [ 11.514284, 46.096418 ], [ 11.514046, 46.094749 ], [ 11.513176, 46.093775 ], [ 11.513017, 46.092854 ], [ 11.513103, 46.090212 ], [ 11.513913, 46.088327 ], [ 11.514992, 46.086932 ], [ 11.515327, 46.085948 ], [ 11.515449, 46.08383 ], [ 11.515222, 46.082102 ], [ 11.516337, 46.079811 ], [ 11.5159, 46.077959 ], [ 11.517092, 46.075885 ], [ 11.517133, 46.073972 ], [ 11.517696, 46.07284 ], [ 11.523166, 46.073702 ], [ 11.528579, 46.0748 ], [ 11.531393, 46.077341 ], [ 11.533745, 46.078231 ], [ 11.535883, 46.079471 ], [ 11.53622, 46.080645 ], [ 11.536463, 46.08316 ], [ 11.535617, 46.086158 ], [ 11.533687, 46.089556 ], [ 11.532281, 46.09087 ], [ 11.531364, 46.092146 ], [ 11.531753, 46.093077 ], [ 11.531472, 46.094572 ], [ 11.530696, 46.09603 ], [ 11.531107, 46.103293 ], [ 11.529382, 46.104547 ], [ 11.524993, 46.105214 ] ] ] } },
{ "type": "Feature", "properties": { "com_altname": null, "com_area_code": "ITA", "com_capoluogo": "No", "com_code": "22137", "com_name": "Pellizzano", "com_name_lower": "pellizzano", "com_name_upper": "PELLIZZANO", "com_type": "Comune", "geo_point_2d": { "lat": 46.3102282613169, "lon": 10.724351783888691 }, "prov_code": "22", "prov_name": "Trento", "reg_code": "4", "reg_name": "Trentino-Alto Adige", "rip_code": "2", "rip_name": "Nord-Est", "year": "2022" }, "geometry": { "type": "MultiPolygon", "coordinates": [ [ [ [ 10.748786, 46.250825 ], [ 10.750904, 46.251158 ], [ 10.75291, 46.25185 ], [ 10.754713, 46.251549 ], [ 10.755298, 46.251024 ], [ 10.758249, 46.250077 ], [ 10.759437, 46.250016 ], [ 10.761867, 46.250575 ], [ 10.763549, 46.252237 ], [ 10.764389, 46.252549 ], [ 10.765199, 46.253415 ], [ 10.766837, 46.253973 ], [ 10.767953, 46.254677 ], [ 10.768535, 46.254474 ], [ 10.768924, 46.253289 ], [ 10.77091, 46.252084 ], [ 10.773634, 46.251403 ], [ 10.775123, 46.252322 ], [ 10.776062, 46.253245 ], [ 10.778276, 46.25452 ], [ 10.779744, 46.254293 ], [ 10.781735, 46.253567 ], [ 10.784897, 46.254915 ], [ 10.785193, 46.255184 ], [ 10.785205, 46.257699 ], [ 10.785623, 46.258284 ], [ 10.785168, 46.260262 ], [ 10.787195, 46.261733 ], [ 10.79269, 46.264439 ], [ 10.792703, 46.265981 ], [ 10.790652, 46.26811 ], [ 10.790304, 46.268929 ], [ 10.790569, 46.269606 ], [ 10.791604, 46.270369 ], [ 10.792591, 46.271783 ], [ 10.794099, 46.273357 ], [ 10.79382, 46.275382 ], [ 10.793274, 46.28109 ], [ 10.79283, 46.283974 ], [ 10.791269, 46.292256 ], [ 10.790657, 46.2947 ], [ 10.790627, 46.295523 ], [ 10.789756, 46.297972 ], [ 10.788905, 46.29932 ], [ 10.78906, 46.300837 ], [ 10.788202, 46.302688 ], [ 10.787898, 46.305367 ], [ 10.786914, 46.309656 ], [ 10.786156, 46.313901 ], [ 10.784062, 46.314422 ], [ 10.783896, 46.315191 ], [ 10.782992, 46.315119 ], [ 10.782973, 46.315917 ], [ 10.785342, 46.316283 ], [ 10.786032, 46.317139 ], [ 10.787559, 46.317747 ], [ 10.788324, 46.318816 ], [ 10.787758, 46.320907 ], [ 10.787215, 46.321239 ], [ 10.781945, 46.32247 ], [ 10.782977, 46.323637 ], [ 10.781998, 46.323798 ], [ 10.779523, 46.323751 ], [ 10.777668, 46.323902 ], [ 10.775352, 46.324628 ], [ 10.774107, 46.325249 ], [ 10.773567, 46.325928 ], [ 10.772108, 46.326817 ], [ 10.77237, 46.327644 ], [ 10.774026, 46.328928 ], [ 10.774793, 46.330521 ], [ 10.775027, 46.333168 ], [ 10.774191, 46.334382 ], [ 10.772993, 46.335582 ], [ 10.772627, 46.336312 ], [ 10.772297, 46.339321 ], [ 10.772542, 46.340336 ], [ 10.771688, 46.342846 ], [ 10.773729, 46.343732 ], [ 10.7771, 46.344832 ], [ 10.778999, 46.345855 ], [ 10.779945, 46.345717 ], [ 10.781068, 46.346182 ], [ 10.780008, 46.347198 ], [ 10.780084, 46.349766 ], [ 10.78032, 46.351986 ], [ 10.780702, 46.353636 ], [ 10.781706, 46.355393 ], [ 10.783495, 46.357909 ], [ 10.783799, 46.35867 ], [ 10.785229, 46.360436 ], [ 10.786104, 46.362735 ], [ 10.786488, 46.365208 ], [ 10.786489, 46.366297 ], [ 10.785932, 46.366639 ], [ 10.783637, 46.366108 ], [ 10.781223, 46.365331 ], [ 10.774537, 46.364236 ], [ 10.770621, 46.364303 ], [ 10.769558, 46.364565 ], [ 10.767711, 46.366079 ], [ 10.765156, 46.367455 ], [ 10.764448, 46.368322 ], [ 10.762823, 46.368756 ], [ 10.760673, 46.368187 ], [ 10.759723, 46.368187 ], [ 10.758654, 46.367125 ], [ 10.756083, 46.366149 ], [ 10.755376, 46.365473 ], [ 10.751541, 46.365427 ], [ 10.74997, 46.365173 ], [ 10.747292, 46.364366 ], [ 10.744406, 46.363104 ], [ 10.741594, 46.362071 ], [ 10.740953, 46.360926 ], [ 10.740614, 46.359466 ], [ 10.740661, 46.358426 ], [ 10.744654, 46.356652 ], [ 10.747199, 46.355908 ], [ 10.748488, 46.355277 ], [ 10.751992, 46.353157 ], [ 10.753659, 46.351152 ], [ 10.754787, 46.349106 ], [ 10.754472, 46.348007 ], [ 10.752148, 46.345181 ], [ 10.751658, 46.343577 ], [ 10.750428, 46.342734 ], [ 10.74915, 46.341214 ], [ 10.7487, 46.339755 ], [ 10.74878, 46.339003 ], [ 10.748533, 46.333774 ], [ 10.749569, 46.331236 ], [ 10.749757, 46.329763 ], [ 10.748664, 46.328652 ], [ 10.747535, 46.3282 ], [ 10.744273, 46.327296 ], [ 10.741594, 46.326855 ], [ 10.740573, 46.325172 ], [ 10.739784, 46.324331 ], [ 10.742894, 46.323391 ], [ 10.743547, 46.323428 ], [ 10.747694, 46.322974 ], [ 10.747844, 46.32132 ], [ 10.747505, 46.315477 ], [ 10.750836, 46.314621 ], [ 10.751991, 46.313901 ], [ 10.750762, 46.313544 ], [ 10.750565, 46.312723 ], [ 10.750988, 46.312097 ], [ 10.750793, 46.31018 ], [ 10.750419, 46.309196 ], [ 10.750713, 46.307871 ], [ 10.748842, 46.307009 ], [ 10.749132, 46.303432 ], [ 10.749462, 46.302059 ], [ 10.75062, 46.299101 ], [ 10.751831, 46.297241 ], [ 10.752147, 46.295991 ], [ 10.753157, 46.294142 ], [ 10.75358, 46.292923 ], [ 10.754875, 46.290659 ], [ 10.755742, 46.287514 ], [ 10.755754, 46.286781 ], [ 10.75393, 46.283827 ], [ 10.754007, 46.282585 ], [ 10.753505, 46.281681 ], [ 10.753211, 46.27996 ], [ 10.753565, 46.275257 ], [ 10.753515, 46.272345 ], [ 10.752562, 46.269767 ], [ 10.752783, 46.268632 ], [ 10.751732, 46.267217 ], [ 10.748955, 46.265696 ], [ 10.748427, 46.264321 ], [ 10.74884, 46.260561 ], [ 10.748804, 46.257946 ], [ 10.749248, 46.257268 ], [ 10.748764, 46.255798 ], [ 10.74756, 46.254237 ], [ 10.747825, 46.251735 ], [ 10.748786, 46.250825 ] ] ], [ [ [ 10.613946, 46.308626 ], [ 10.612449, 46.309935 ], [ 10.611321, 46.31054 ], [ 10.60865, 46.311167 ], [ 10.606739, 46.312015 ], [ 10.605665, 46.311763 ], [ 10.603933, 46.31093 ], [ 10.602933, 46.309764 ], [ 10.601547, 46.308688 ], [ 10.598556, 46.308099 ], [ 10.597343, 46.307616 ], [ 10.595131, 46.306267 ], [ 10.594914, 46.305341 ], [ 10.594147, 46.304502 ], [ 10.590811, 46.304465 ], [ 10.589315, 46.302997 ], [ 10.586412, 46.301074 ], [ 10.58429, 46.300056 ], [ 10.58496, 46.299136 ], [ 10.586567, 46.297539 ], [ 10.587926, 46.295409 ], [ 10.589347, 46.294221 ], [ 10.592469, 46.291005 ], [ 10.592738, 46.289623 ], [ 10.594375, 46.285748 ], [ 10.594796, 46.285155 ], [ 10.596174, 46.284663 ], [ 10.598536, 46.284403 ], [ 10.60358, 46.285389 ], [ 10.605942, 46.285066 ], [ 10.607799, 46.28453 ], [ 10.60843, 46.28375 ], [ 10.610809, 46.284253 ], [ 10.612022, 46.284102 ], [ 10.616781, 46.282664 ], [ 10.622862, 46.281202 ], [ 10.624718, 46.280468 ], [ 10.626705, 46.279936 ], [ 10.629147, 46.280229 ], [ 10.633721, 46.279367 ], [ 10.634998, 46.280283 ], [ 10.635018, 46.280731 ], [ 10.633805, 46.282765 ], [ 10.632999, 46.282518 ], [ 10.630259, 46.282754 ], [ 10.629233, 46.283297 ], [ 10.630237, 46.283891 ], [ 10.634077, 46.283651 ], [ 10.634972, 46.28529 ], [ 10.634975, 46.286263 ], [ 10.634192, 46.288676 ], [ 10.632317, 46.290832 ], [ 10.631929, 46.292147 ], [ 10.63084, 46.294232 ], [ 10.630552, 46.29576 ], [ 10.630169, 46.299741 ], [ 10.623716, 46.299998 ], [ 10.621547, 46.300598 ], [ 10.620125, 46.302333 ], [ 10.620306, 46.304699 ], [ 10.620057, 46.305699 ], [ 10.618701, 46.306372 ], [ 10.616114, 46.308038 ], [ 10.613946, 46.308626 ] ] ], [ [ [ 10.644102, 46.363001 ], [ 10.641561, 46.364444 ], [ 10.637455, 46.365268 ], [ 10.634259, 46.368077 ], [ 10.630024, 46.371055 ], [ 10.628551, 46.371929 ], [ 10.62958, 46.366565 ], [ 10.629756, 46.364347 ], [ 10.628561, 46.362702 ], [ 10.625929, 46.363004 ], [ 10.621813, 46.362701 ], [ 10.617812, 46.362262 ], [ 10.613814, 46.360498 ], [ 10.610167, 46.35965 ], [ 10.607029, 46.358356 ], [ 10.606761, 46.357962 ], [ 10.608543, 46.356198 ], [ 10.616312, 46.349108 ], [ 10.617822, 46.347629 ], [ 10.620179, 46.345808 ], [ 10.621682, 46.344192 ], [ 10.622264, 46.343001 ], [ 10.62351, 46.342331 ], [ 10.624941, 46.342063 ], [ 10.628946, 46.34191 ], [ 10.630619, 46.342912 ], [ 10.632008, 46.343224 ], [ 10.632924, 46.344772 ], [ 10.633992, 46.344975 ], [ 10.634968, 46.345841 ], [ 10.636314, 46.346445 ], [ 10.638366, 46.346256 ], [ 10.640541, 46.347146 ], [ 10.64143, 46.34823 ], [ 10.643603, 46.348935 ], [ 10.64464, 46.34974 ], [ 10.647894, 46.350623 ], [ 10.64889, 46.351208 ], [ 10.649582, 46.352061 ], [ 10.648612, 46.35449 ], [ 10.64932, 46.3554 ], [ 10.650407, 46.355668 ], [ 10.651219, 46.354566 ], [ 10.652093, 46.354698 ], [ 10.651415, 46.355975 ], [ 10.652894, 46.356572 ], [ 10.649837, 46.358321 ], [ 10.648125, 46.360006 ], [ 10.646019, 46.361759 ], [ 10.644102, 46.363001 ] ] ] ] } },
{ "type": "Feature", "properties": { "com_altname": null, "com_area_code": "ITA", "com_capoluogo": "No", "com_code": "22013", "com_name": "Besenello", "com_name_lower": "besenello", "com_name_upper": "BESENELLO", "com_type": "Comune", "geo_point_2d": { "lat": 45.95296292069837, "lon": 11.142370365956932 }, "prov_code": "22", "prov_name": "Trento", "reg_code": "4", "reg_name": "Trentino-Alto Adige", "rip_code": "2", "rip_name": "Nord-Est", "year": "2022" }, "geometry": { "type": "Polygon", "coordinates": [ [ [ 11.094844, 45.946757 ], [ 11.098021, 45.947431 ], [ 11.098138, 45.946398 ], [ 11.099401, 45.946194 ], [ 11.100379, 45.945551 ], [ 11.101734, 45.945261 ], [ 11.100605, 45.943732 ], [ 11.100041, 45.942599 ], [ 11.101473, 45.942186 ], [ 11.100867, 45.939259 ], [ 11.101814, 45.939001 ], [ 11.101409, 45.938127 ], [ 11.099847, 45.937019 ], [ 11.103762, 45.93731 ], [ 11.105277, 45.937145 ], [ 11.104152, 45.936331 ], [ 11.102443, 45.934297 ], [ 11.101314, 45.933308 ], [ 11.103239, 45.932987 ], [ 11.104671, 45.933023 ], [ 11.104944, 45.93137 ], [ 11.105312, 45.931023 ], [ 11.104034, 45.929976 ], [ 11.10375, 45.929365 ], [ 11.106646, 45.928408 ], [ 11.106998, 45.927998 ], [ 11.108172, 45.928078 ], [ 11.110875, 45.929442 ], [ 11.112065, 45.929608 ], [ 11.113936, 45.929156 ], [ 11.114093, 45.928453 ], [ 11.115701, 45.927449 ], [ 11.115692, 45.926662 ], [ 11.116496, 45.925603 ], [ 11.117306, 45.92558 ], [ 11.117995, 45.924782 ], [ 11.119626, 45.924156 ], [ 11.120651, 45.92352 ], [ 11.122595, 45.923383 ], [ 11.12376, 45.922609 ], [ 11.124214, 45.921716 ], [ 11.127124, 45.92268 ], [ 11.127727, 45.922361 ], [ 11.129528, 45.923795 ], [ 11.12933, 45.924337 ], [ 11.130907, 45.926175 ], [ 11.131992, 45.926048 ], [ 11.13432, 45.926204 ], [ 11.135691, 45.927674 ], [ 11.136438, 45.928145 ], [ 11.137638, 45.929633 ], [ 11.13974, 45.930428 ], [ 11.141652, 45.931432 ], [ 11.143875, 45.931296 ], [ 11.144312, 45.931002 ], [ 11.147488, 45.931696 ], [ 11.147574, 45.932326 ], [ 11.149424, 45.933693 ], [ 11.150391, 45.933599 ], [ 11.151966, 45.934478 ], [ 11.154646, 45.936755 ], [ 11.15798, 45.937861 ], [ 11.159542, 45.939152 ], [ 11.160006, 45.940184 ], [ 11.16352, 45.942306 ], [ 11.165128, 45.943132 ], [ 11.166886, 45.942875 ], [ 11.168619, 45.942923 ], [ 11.169497, 45.942648 ], [ 11.17251, 45.942956 ], [ 11.183544, 45.944743 ], [ 11.185522, 45.944516 ], [ 11.183529, 45.948657 ], [ 11.183584, 45.949419 ], [ 11.182567, 45.952278 ], [ 11.183405, 45.95282 ], [ 11.184954, 45.954709 ], [ 11.187069, 45.956495 ], [ 11.189653, 45.957869 ], [ 11.189827, 45.958676 ], [ 11.190657, 45.95908 ], [ 11.191011, 45.960865 ], [ 11.192534, 45.962173 ], [ 11.193291, 45.96324 ], [ 11.192054, 45.963779 ], [ 11.189652, 45.965712 ], [ 11.187902, 45.965405 ], [ 11.186625, 45.965694 ], [ 11.186383, 45.96659 ], [ 11.185339, 45.967603 ], [ 11.184298, 45.968189 ], [ 11.184293, 45.968795 ], [ 11.181266, 45.970791 ], [ 11.180147, 45.970594 ], [ 11.177708, 45.971594 ], [ 11.176945, 45.972179 ], [ 11.174546, 45.972439 ], [ 11.173477, 45.972751 ], [ 11.170624, 45.97289 ], [ 11.166637, 45.972151 ], [ 11.16328, 45.973717 ], [ 11.161871, 45.974648 ], [ 11.158716, 45.975963 ], [ 11.157528, 45.977388 ], [ 11.157465, 45.977837 ], [ 11.159109, 45.979309 ], [ 11.158674, 45.980445 ], [ 11.15734, 45.980992 ], [ 11.156404, 45.980894 ], [ 11.156271, 45.981688 ], [ 11.155523, 45.981937 ], [ 11.154748, 45.980052 ], [ 11.153826, 45.980178 ], [ 11.153291, 45.979616 ], [ 11.150403, 45.977918 ], [ 11.149616, 45.976666 ], [ 11.147999, 45.975924 ], [ 11.147129, 45.976627 ], [ 11.145223, 45.977424 ], [ 11.143169, 45.97767 ], [ 11.142236, 45.977052 ], [ 11.140981, 45.977184 ], [ 11.139088, 45.979212 ], [ 11.13846, 45.978887 ], [ 11.13834, 45.977686 ], [ 11.136189, 45.976784 ], [ 11.134731, 45.976951 ], [ 11.133819, 45.977407 ], [ 11.133289, 45.979047 ], [ 11.131367, 45.981709 ], [ 11.128627, 45.983188 ], [ 11.127826, 45.983917 ], [ 11.125945, 45.984578 ], [ 11.124446, 45.985682 ], [ 11.12306, 45.985362 ], [ 11.121849, 45.984449 ], [ 11.119677, 45.98391 ], [ 11.117565, 45.981962 ], [ 11.115325, 45.981996 ], [ 11.111344, 45.982417 ], [ 11.110323, 45.982665 ], [ 11.109499, 45.981413 ], [ 11.108901, 45.978046 ], [ 11.109106, 45.977013 ], [ 11.110471, 45.973288 ], [ 11.110165, 45.972337 ], [ 11.108631, 45.970555 ], [ 11.107714, 45.968512 ], [ 11.107536, 45.967289 ], [ 11.107706, 45.964611 ], [ 11.108062, 45.962009 ], [ 11.108904, 45.95835 ], [ 11.108729, 45.956936 ], [ 11.108265, 45.955451 ], [ 11.107446, 45.954046 ], [ 11.10592, 45.952433 ], [ 11.103966, 45.951405 ], [ 11.099881, 45.950535 ], [ 11.095703, 45.950398 ], [ 11.094327, 45.949506 ], [ 11.094042, 45.948686 ], [ 11.094844, 45.946757 ] ], [ [ 11.132818, 45.974661 ], [ 11.1327, 45.973584 ], [ 11.137382, 45.972708 ], [ 11.137493, 45.971842 ], [ 11.145367, 45.970753 ], [ 11.144883, 45.968164 ], [ 11.144015, 45.967616 ], [ 11.143654, 45.966746 ], [ 11.14385, 45.965142 ], [ 11.14456, 45.964452 ], [ 11.145026, 45.963302 ], [ 11.144967, 45.962569 ], [ 11.145681, 45.96144 ], [ 11.146044, 45.959445 ], [ 11.147439, 45.958319 ], [ 11.145137, 45.958388 ], [ 11.144363, 45.957993 ], [ 11.141768, 45.957506 ], [ 11.140272, 45.959127 ], [ 11.138032, 45.958708 ], [ 11.136733, 45.957613 ], [ 11.134491, 45.957404 ], [ 11.133666, 45.956851 ], [ 11.131273, 45.956172 ], [ 11.129636, 45.955509 ], [ 11.128178, 45.955324 ], [ 11.127285, 45.955533 ], [ 11.126147, 45.954466 ], [ 11.125632, 45.9549 ], [ 11.123238, 45.955321 ], [ 11.120845, 45.95693 ], [ 11.117871, 45.955853 ], [ 11.116837, 45.955242 ], [ 11.114723, 45.954624 ], [ 11.113644, 45.954609 ], [ 11.111863, 45.953984 ], [ 11.112399, 45.952344 ], [ 11.11151, 45.951384 ], [ 11.10909, 45.95073 ], [ 11.107558, 45.950624 ], [ 11.109534, 45.952921 ], [ 11.109693, 45.956999 ], [ 11.110159, 45.958044 ], [ 11.110554, 45.960907 ], [ 11.111391, 45.962418 ], [ 11.11135, 45.963305 ], [ 11.111766, 45.964643 ], [ 11.111783, 45.966201 ], [ 11.113014, 45.967032 ], [ 11.11326, 45.968109 ], [ 11.113102, 45.970244 ], [ 11.113385, 45.971295 ], [ 11.112888, 45.972635 ], [ 11.113343, 45.973254 ], [ 11.115235, 45.972975 ], [ 11.118915, 45.97268 ], [ 11.123225, 45.972444 ], [ 11.123271, 45.973047 ], [ 11.124816, 45.974759 ], [ 11.126764, 45.974666 ], [ 11.131238, 45.975384 ], [ 11.132818, 45.974661 ] ] ] } },
{ "type": "Feature", "properties": { "com_altname": null, "com_area_code": "ITA", "com_capoluogo": "No", "com_code": "22241", "com_name": "Cembra Lisignago", "com_name_lower": "cembra lisignago", "com_name_upper": "CEMBRA LISIGNAGO", "com_type": "Comune", "geo_point_2d": { "lat": 46.182919115820624, "lon": 11.205649936929138 }, "prov_code": "22", "prov_name": "Trento", "reg_code": "4", "reg_name": "Trentino-Alto Adige", "rip_code": "2", "rip_name": "Nord-Est", "year": "2022" }, "geometry": { "type": "Polygon", "coordinates": [ [ [ 11.239006, 46.170816 ], [ 11.239984, 46.17215 ], [ 11.240978, 46.173106 ], [ 11.240798, 46.174657 ], [ 11.241269, 46.174977 ], [ 11.240446, 46.17619 ], [ 11.238405, 46.175746 ], [ 11.23611, 46.175759 ], [ 11.233884, 46.175982 ], [ 11.233038, 46.176409 ], [ 11.232308, 46.177347 ], [ 11.230572, 46.178661 ], [ 11.230448, 46.179921 ], [ 11.227454, 46.181736 ], [ 11.226862, 46.182724 ], [ 11.229944, 46.183369 ], [ 11.23147, 46.183934 ], [ 11.232386, 46.183923 ], [ 11.234792, 46.184458 ], [ 11.234194, 46.187572 ], [ 11.234734, 46.190883 ], [ 11.234775, 46.193691 ], [ 11.231316, 46.19367 ], [ 11.229369, 46.19475 ], [ 11.229285, 46.195935 ], [ 11.22859, 46.197154 ], [ 11.226053, 46.199668 ], [ 11.224687, 46.201877 ], [ 11.224477, 46.205423 ], [ 11.224125, 46.206289 ], [ 11.222589, 46.208537 ], [ 11.222475, 46.211622 ], [ 11.218871, 46.214235 ], [ 11.21623, 46.215573 ], [ 11.215095, 46.215802 ], [ 11.209794, 46.217876 ], [ 11.207013, 46.219293 ], [ 11.206429, 46.219772 ], [ 11.201651, 46.222884 ], [ 11.201424, 46.221439 ], [ 11.198992, 46.21736 ], [ 11.1981, 46.216121 ], [ 11.197486, 46.214711 ], [ 11.197122, 46.211924 ], [ 11.197207, 46.210675 ], [ 11.196897, 46.20993 ], [ 11.196352, 46.20598 ], [ 11.194504, 46.202659 ], [ 11.19248, 46.200528 ], [ 11.192462, 46.198773 ], [ 11.189947, 46.198555 ], [ 11.187224, 46.198744 ], [ 11.185507, 46.199577 ], [ 11.184674, 46.196697 ], [ 11.183295, 46.1955 ], [ 11.179884, 46.193299 ], [ 11.177867, 46.190719 ], [ 11.176186, 46.189102 ], [ 11.175335, 46.187949 ], [ 11.176299, 46.186412 ], [ 11.177149, 46.18429 ], [ 11.177476, 46.180636 ], [ 11.178444, 46.178657 ], [ 11.177722, 46.177591 ], [ 11.177458, 46.176493 ], [ 11.176404, 46.175788 ], [ 11.176517, 46.173619 ], [ 11.177276, 46.173102 ], [ 11.177583, 46.172063 ], [ 11.177336, 46.169716 ], [ 11.178396, 46.168258 ], [ 11.178532, 46.167555 ], [ 11.180173, 46.166118 ], [ 11.18075, 46.164909 ], [ 11.180868, 46.163311 ], [ 11.180374, 46.162624 ], [ 11.18026, 46.16158 ], [ 11.178268, 46.159897 ], [ 11.1793, 46.157365 ], [ 11.179122, 46.156893 ], [ 11.175369, 46.156826 ], [ 11.171495, 46.155999 ], [ 11.171254, 46.154202 ], [ 11.174308, 46.154172 ], [ 11.175996, 46.154985 ], [ 11.17755, 46.155198 ], [ 11.182701, 46.154268 ], [ 11.185757, 46.154017 ], [ 11.18767, 46.154961 ], [ 11.192246, 46.153909 ], [ 11.194059, 46.154126 ], [ 11.196475, 46.155896 ], [ 11.197438, 46.156084 ], [ 11.202395, 46.156264 ], [ 11.203583, 46.157044 ], [ 11.205415, 46.157516 ], [ 11.207316, 46.156303 ], [ 11.208353, 46.15589 ], [ 11.209942, 46.154538 ], [ 11.210672, 46.154332 ], [ 11.213547, 46.154974 ], [ 11.215246, 46.155913 ], [ 11.216479, 46.156142 ], [ 11.217632, 46.157339 ], [ 11.219259, 46.158153 ], [ 11.220685, 46.158193 ], [ 11.220469, 46.158838 ], [ 11.222954, 46.159393 ], [ 11.223307, 46.160509 ], [ 11.22544, 46.162171 ], [ 11.227014, 46.162737 ], [ 11.22833, 46.164123 ], [ 11.229451, 46.164317 ], [ 11.23244, 46.166184 ], [ 11.233241, 46.166879 ], [ 11.233264, 46.168088 ], [ 11.234367, 46.169386 ], [ 11.235701, 46.169867 ], [ 11.237382, 46.169427 ], [ 11.238503, 46.169841 ], [ 11.239006, 46.170816 ] ] ] } },
{ "type": "Feature", "properties": { "com_altname": null, "com_area_code": "ITA", "com_capoluogo": "No", "com_code": "22213", "com_name": "Vermiglio", "com_name_lower": "vermiglio", "com_name_upper": "VERMIGLIO", "com_type": "Comune", "geo_point_2d": { "lat": 46.269682906722466, "lon": 10.646186356070258 }, "prov_code": "22", "prov_name": "Trento", "reg_code": "4", "reg_name": "Trentino-Alto Adige", "rip_code": "2", "rip_name": "Nord-Est", "year": "2022" }, "geometry": { "type": "Polygon", "coordinates": [ [ [ 10.712568, 46.31297 ], [ 10.709123, 46.314238 ], [ 10.70393, 46.313969 ], [ 10.701727, 46.314455 ], [ 10.692705, 46.316766 ], [ 10.69115, 46.317316 ], [ 10.688266, 46.31794 ], [ 10.684794, 46.318927 ], [ 10.683417, 46.319937 ], [ 10.682984, 46.321044 ], [ 10.68117, 46.322308 ], [ 10.679258, 46.322319 ], [ 10.67691, 46.321447 ], [ 10.672364, 46.320364 ], [ 10.668936, 46.319199 ], [ 10.66721, 46.317201 ], [ 10.666141, 46.316587 ], [ 10.663789, 46.31714 ], [ 10.661098, 46.317556 ], [ 10.657918, 46.317841 ], [ 10.65484, 46.318622 ], [ 10.650741, 46.320203 ], [ 10.6478, 46.320852 ], [ 10.64359, 46.323664 ], [ 10.643181, 46.323743 ], [ 10.640708, 46.322906 ], [ 10.639829, 46.322447 ], [ 10.638196, 46.320936 ], [ 10.637395, 46.319743 ], [ 10.635228, 46.318042 ], [ 10.631643, 46.318574 ], [ 10.630883, 46.318386 ], [ 10.629062, 46.318561 ], [ 10.627581, 46.3182 ], [ 10.626506, 46.316516 ], [ 10.625931, 46.316413 ], [ 10.62413, 46.315142 ], [ 10.62119, 46.313864 ], [ 10.619963, 46.312944 ], [ 10.617936, 46.312013 ], [ 10.616918, 46.310444 ], [ 10.615397, 46.309118 ], [ 10.613946, 46.308626 ], [ 10.616114, 46.308038 ], [ 10.618701, 46.306372 ], [ 10.620057, 46.305699 ], [ 10.620306, 46.304699 ], [ 10.620125, 46.302333 ], [ 10.621547, 46.300598 ], [ 10.623716, 46.299998 ], [ 10.630169, 46.299741 ], [ 10.630552, 46.29576 ], [ 10.63084, 46.294232 ], [ 10.631929, 46.292147 ], [ 10.632317, 46.290832 ], [ 10.634192, 46.288676 ], [ 10.634975, 46.286263 ], [ 10.634972, 46.28529 ], [ 10.634077, 46.283651 ], [ 10.630237, 46.283891 ], [ 10.629233, 46.283297 ], [ 10.630259, 46.282754 ], [ 10.632999, 46.282518 ], [ 10.633805, 46.282765 ], [ 10.635018, 46.280731 ], [ 10.634998, 46.280283 ], [ 10.633721, 46.279367 ], [ 10.629147, 46.280229 ], [ 10.626705, 46.279936 ], [ 10.624718, 46.280468 ], [ 10.622862, 46.281202 ], [ 10.616781, 46.282664 ], [ 10.612022, 46.284102 ], [ 10.610809, 46.284253 ], [ 10.60843, 46.28375 ], [ 10.607799, 46.28453 ], [ 10.605942, 46.285066 ], [ 10.60358, 46.285389 ], [ 10.598536, 46.284403 ], [ 10.596174, 46.284663 ], [ 10.594796, 46.285155 ], [ 10.594375, 46.285748 ], [ 10.592738, 46.289623 ], [ 10.592469, 46.291005 ], [ 10.589347, 46.294221 ], [ 10.587926, 46.295409 ], [ 10.586567, 46.297539 ], [ 10.58496, 46.299136 ], [ 10.58429, 46.300056 ], [ 10.583267, 46.299685 ], [ 10.579573, 46.298828 ], [ 10.579343, 46.298325 ], [ 10.578057, 46.297323 ], [ 10.576633, 46.296926 ], [ 10.575553, 46.296216 ], [ 10.574231, 46.294972 ], [ 10.570927, 46.293091 ], [ 10.569098, 46.29182 ], [ 10.568755, 46.29011 ], [ 10.566816, 46.289304 ], [ 10.564626, 46.28914 ], [ 10.564024, 46.288876 ], [ 10.56313, 46.287712 ], [ 10.562914, 46.28632 ], [ 10.561718, 46.285185 ], [ 10.560011, 46.284043 ], [ 10.559721, 46.283052 ], [ 10.562334, 46.281455 ], [ 10.564353, 46.280486 ], [ 10.565944, 46.279447 ], [ 10.566856, 46.278449 ], [ 10.568825, 46.27705 ], [ 10.570531, 46.276085 ], [ 10.573019, 46.2766 ], [ 10.574562, 46.276426 ], [ 10.575666, 46.275682 ], [ 10.576093, 46.274607 ], [ 10.576544, 46.269566 ], [ 10.578011, 46.26711 ], [ 10.578602, 46.265516 ], [ 10.579964, 46.262752 ], [ 10.582501, 46.256861 ], [ 10.582523, 46.256474 ], [ 10.583793, 46.251945 ], [ 10.584709, 46.249106 ], [ 10.585695, 46.247938 ], [ 10.585731, 46.245339 ], [ 10.584895, 46.244811 ], [ 10.581999, 46.243747 ], [ 10.581654, 46.240783 ], [ 10.580747, 46.239626 ], [ 10.577974, 46.237972 ], [ 10.576098, 46.237136 ], [ 10.575043, 46.236913 ], [ 10.573654, 46.23711 ], [ 10.570689, 46.235897 ], [ 10.569131, 46.234334 ], [ 10.568221, 46.233721 ], [ 10.567649, 46.232272 ], [ 10.568911, 46.230055 ], [ 10.568919, 46.228596 ], [ 10.570114, 46.227738 ], [ 10.570769, 46.226731 ], [ 10.571062, 46.225522 ], [ 10.570748, 46.224222 ], [ 10.569868, 46.22366 ], [ 10.570405, 46.223209 ], [ 10.571774, 46.221547 ], [ 10.573244, 46.221295 ], [ 10.575346, 46.220582 ], [ 10.57666, 46.219437 ], [ 10.577806, 46.218804 ], [ 10.579327, 46.218802 ], [ 10.582281, 46.219546 ], [ 10.583445, 46.219992 ], [ 10.58524, 46.219944 ], [ 10.586722, 46.219405 ], [ 10.591115, 46.219203 ], [ 10.593703, 46.219326 ], [ 10.594565, 46.219004 ], [ 10.59614, 46.219513 ], [ 10.600323, 46.221874 ], [ 10.601197, 46.221754 ], [ 10.603774, 46.223232 ], [ 10.606733, 46.22212 ], [ 10.607105, 46.222311 ], [ 10.608448, 46.224099 ], [ 10.609613, 46.223811 ], [ 10.612044, 46.224222 ], [ 10.613931, 46.223821 ], [ 10.616049, 46.22385 ], [ 10.619257, 46.223573 ], [ 10.620734, 46.223789 ], [ 10.62454, 46.223852 ], [ 10.627467, 46.222949 ], [ 10.629332, 46.222888 ], [ 10.630697, 46.223382 ], [ 10.632114, 46.22294 ], [ 10.633785, 46.222804 ], [ 10.635882, 46.222287 ], [ 10.639313, 46.219674 ], [ 10.642928, 46.217644 ], [ 10.645988, 46.216082 ], [ 10.649195, 46.215942 ], [ 10.649966, 46.216129 ], [ 10.651396, 46.217228 ], [ 10.651726, 46.218059 ], [ 10.652681, 46.218761 ], [ 10.652894, 46.221033 ], [ 10.653385, 46.221691 ], [ 10.656652, 46.221786 ], [ 10.657067, 46.222029 ], [ 10.659536, 46.221448 ], [ 10.662106, 46.22066 ], [ 10.663501, 46.220079 ], [ 10.66452, 46.220131 ], [ 10.665621, 46.220763 ], [ 10.66745, 46.223289 ], [ 10.667939, 46.225151 ], [ 10.669875, 46.226742 ], [ 10.671573, 46.226978 ], [ 10.672269, 46.227401 ], [ 10.673144, 46.228661 ], [ 10.674342, 46.22947 ], [ 10.675763, 46.230831 ], [ 10.678308, 46.231088 ], [ 10.678435, 46.232114 ], [ 10.679001, 46.233226 ], [ 10.678475, 46.235447 ], [ 10.68035, 46.237637 ], [ 10.685489, 46.239342 ], [ 10.686147, 46.24045 ], [ 10.686391, 46.24219 ], [ 10.68569, 46.243839 ], [ 10.685737, 46.245733 ], [ 10.686697, 46.246832 ], [ 10.686107, 46.247521 ], [ 10.684652, 46.249943 ], [ 10.684805, 46.25116 ], [ 10.686627, 46.251904 ], [ 10.689122, 46.253623 ], [ 10.691303, 46.25487 ], [ 10.692488, 46.255061 ], [ 10.695662, 46.254852 ], [ 10.699312, 46.255161 ], [ 10.700056, 46.255841 ], [ 10.702846, 46.257142 ], [ 10.707025, 46.258149 ], [ 10.708588, 46.259172 ], [ 10.710261, 46.259717 ], [ 10.711324, 46.260435 ], [ 10.712451, 46.26051 ], [ 10.714088, 46.261702 ], [ 10.715179, 46.263057 ], [ 10.715873, 46.266337 ], [ 10.716861, 46.266992 ], [ 10.719153, 46.267917 ], [ 10.721786, 46.26943 ], [ 10.722603, 46.27206 ], [ 10.722342, 46.272373 ], [ 10.723719, 46.273729 ], [ 10.724429, 46.274917 ], [ 10.724834, 46.277074 ], [ 10.72428, 46.279086 ], [ 10.724069, 46.283283 ], [ 10.724122, 46.286217 ], [ 10.723785, 46.28808 ], [ 10.723718, 46.295223 ], [ 10.720829, 46.296878 ], [ 10.719623, 46.297873 ], [ 10.717845, 46.299678 ], [ 10.715838, 46.302102 ], [ 10.717652, 46.303437 ], [ 10.72142, 46.307373 ], [ 10.724066, 46.30986 ], [ 10.716136, 46.311413 ], [ 10.712568, 46.31297 ] ] ] } },
{ "type": "Feature", "properties": { "com_altname": null, "com_area_code": "ITA", "com_capoluogo": "No", "com_code": "22247", "com_name": "Tre Ville", "com_name_lower": "tre ville", "com_name_upper": "TRE VILLE", "com_type": "Comune", "geo_point_2d": { "lat": 46.15650317608039, "lon": 10.831620188112247 }, "prov_code": "22", "prov_name": "Trento", "reg_code": "4", "reg_name": "Trentino-Alto Adige", "rip_code": "2", "rip_name": "Nord-Est", "year": "2022" }, "geometry": { "type": "MultiPolygon", "coordinates": [ [ [ [ 10.901038, 46.189817 ], [ 10.901962, 46.191173 ], [ 10.901514, 46.193846 ], [ 10.902323, 46.195872 ], [ 10.898606, 46.19928 ], [ 10.900497, 46.200035 ], [ 10.900798, 46.200712 ], [ 10.900119, 46.204543 ], [ 10.903925, 46.206478 ], [ 10.903618, 46.209148 ], [ 10.902641, 46.213687 ], [ 10.90251, 46.215331 ], [ 10.900481, 46.217841 ], [ 10.900087, 46.218658 ], [ 10.897855, 46.22067 ], [ 10.897785, 46.221501 ], [ 10.899187, 46.224357 ], [ 10.899013, 46.225058 ], [ 10.899591, 46.227032 ], [ 10.898187, 46.228676 ], [ 10.897049, 46.229633 ], [ 10.896019, 46.231575 ], [ 10.89375, 46.232749 ], [ 10.892929, 46.234529 ], [ 10.89314, 46.236438 ], [ 10.89226, 46.237432 ], [ 10.891241, 46.237498 ], [ 10.889374, 46.238241 ], [ 10.888752, 46.238946 ], [ 10.886185, 46.23999 ], [ 10.88698, 46.244378 ], [ 10.888949, 46.247113 ], [ 10.889645, 46.247276 ], [ 10.889908, 46.248892 ], [ 10.890507, 46.250566 ], [ 10.891178, 46.25155 ], [ 10.891056, 46.252341 ], [ 10.892166, 46.25295 ], [ 10.892141, 46.253717 ], [ 10.889832, 46.253066 ], [ 10.886247, 46.252253 ], [ 10.882344, 46.250976 ], [ 10.877118, 46.254553 ], [ 10.876639, 46.256692 ], [ 10.875269, 46.261101 ], [ 10.872703, 46.263551 ], [ 10.871013, 46.264891 ], [ 10.869367, 46.265377 ], [ 10.866945, 46.265647 ], [ 10.866495, 46.264122 ], [ 10.865213, 46.262609 ], [ 10.864117, 46.261655 ], [ 10.862083, 46.260241 ], [ 10.860663, 46.259527 ], [ 10.859291, 46.25803 ], [ 10.857769, 46.257545 ], [ 10.856302, 46.256405 ], [ 10.856013, 46.255573 ], [ 10.854522, 46.254276 ], [ 10.854006, 46.252231 ], [ 10.854369, 46.251617 ], [ 10.852302, 46.249693 ], [ 10.852097, 46.247424 ], [ 10.849345, 46.24724 ], [ 10.847736, 46.246989 ], [ 10.843184, 46.245086 ], [ 10.840538, 46.243437 ], [ 10.839416, 46.242163 ], [ 10.838123, 46.241279 ], [ 10.836443, 46.239706 ], [ 10.837507, 46.238742 ], [ 10.836205, 46.237161 ], [ 10.836231, 46.236764 ], [ 10.834821, 46.235289 ], [ 10.831861, 46.233567 ], [ 10.830519, 46.231182 ], [ 10.830181, 46.228027 ], [ 10.829906, 46.227506 ], [ 10.828482, 46.227218 ], [ 10.82756, 46.226536 ], [ 10.827275, 46.225477 ], [ 10.826175, 46.224993 ], [ 10.826559, 46.222957 ], [ 10.825729, 46.222163 ], [ 10.82546, 46.220924 ], [ 10.824926, 46.220381 ], [ 10.826109, 46.218034 ], [ 10.825943, 46.216829 ], [ 10.825479, 46.216301 ], [ 10.826056, 46.21565 ], [ 10.826041, 46.214665 ], [ 10.825529, 46.21365 ], [ 10.825956, 46.212292 ], [ 10.825175, 46.210611 ], [ 10.825268, 46.209776 ], [ 10.824223, 46.207586 ], [ 10.823846, 46.206215 ], [ 10.821853, 46.203751 ], [ 10.821251, 46.201561 ], [ 10.821731, 46.201378 ], [ 10.822605, 46.199885 ], [ 10.822087, 46.198485 ], [ 10.820382, 46.19769 ], [ 10.821243, 46.196662 ], [ 10.822233, 46.196528 ], [ 10.822252, 46.195723 ], [ 10.822926, 46.195064 ], [ 10.823631, 46.195132 ], [ 10.824733, 46.193721 ], [ 10.824888, 46.192412 ], [ 10.826465, 46.190741 ], [ 10.827005, 46.1896 ], [ 10.827384, 46.187462 ], [ 10.828194, 46.186284 ], [ 10.828282, 46.184364 ], [ 10.828651, 46.182765 ], [ 10.835234, 46.181653 ], [ 10.839285, 46.18157 ], [ 10.846288, 46.180636 ], [ 10.848126, 46.179182 ], [ 10.848655, 46.178312 ], [ 10.849038, 46.176343 ], [ 10.848705, 46.175314 ], [ 10.84905, 46.174191 ], [ 10.85038, 46.173031 ], [ 10.850945, 46.172847 ], [ 10.851447, 46.170862 ], [ 10.856262, 46.162135 ], [ 10.856362, 46.161565 ], [ 10.858653, 46.159925 ], [ 10.862557, 46.157602 ], [ 10.863968, 46.156499 ], [ 10.867142, 46.154829 ], [ 10.869883, 46.154785 ], [ 10.870462, 46.15536 ], [ 10.872409, 46.155991 ], [ 10.872757, 46.156566 ], [ 10.873726, 46.156616 ], [ 10.874397, 46.157206 ], [ 10.879375, 46.154581 ], [ 10.881263, 46.156066 ], [ 10.883239, 46.155997 ], [ 10.887825, 46.154746 ], [ 10.889246, 46.155472 ], [ 10.893633, 46.155172 ], [ 10.895011, 46.157051 ], [ 10.896532, 46.160287 ], [ 10.894375, 46.161685 ], [ 10.893765, 46.162376 ], [ 10.893474, 46.164206 ], [ 10.893601, 46.164809 ], [ 10.894875, 46.165337 ], [ 10.89577, 46.166476 ], [ 10.896258, 46.168027 ], [ 10.897124, 46.172437 ], [ 10.898537, 46.176464 ], [ 10.898711, 46.180512 ], [ 10.899283, 46.184493 ], [ 10.900638, 46.185017 ], [ 10.901089, 46.18646 ], [ 10.899956, 46.188128 ], [ 10.901038, 46.189817 ] ] ], [ [ [ 10.760272, 46.04458 ], [ 10.760894, 46.044357 ], [ 10.762679, 46.044619 ], [ 10.763617, 46.04508 ], [ 10.765798, 46.045494 ], [ 10.766756, 46.045431 ], [ 10.769173, 46.045848 ], [ 10.770262, 46.046299 ], [ 10.771636, 46.047684 ], [ 10.773189, 46.048355 ], [ 10.776482, 46.048173 ], [ 10.77788, 46.047825 ], [ 10.779051, 46.046936 ], [ 10.781614, 46.048009 ], [ 10.782749, 46.048913 ], [ 10.785292, 46.049934 ], [ 10.787311, 46.051566 ], [ 10.788656, 46.052048 ], [ 10.791617, 46.053691 ], [ 10.792242, 46.054526 ], [ 10.793314, 46.055165 ], [ 10.795025, 46.055277 ], [ 10.797493, 46.054754 ], [ 10.799901, 46.053494 ], [ 10.801085, 46.053883 ], [ 10.802453, 46.054889 ], [ 10.803766, 46.055083 ], [ 10.806058, 46.054909 ], [ 10.807697, 46.054472 ], [ 10.80873, 46.054049 ], [ 10.810639, 46.053853 ], [ 10.81262, 46.054095 ], [ 10.814599, 46.053835 ], [ 10.815375, 46.054804 ], [ 10.815598, 46.05604 ], [ 10.816002, 46.056422 ], [ 10.817676, 46.056915 ], [ 10.81805, 46.058382 ], [ 10.818793, 46.058955 ], [ 10.819538, 46.060314 ], [ 10.818937, 46.061247 ], [ 10.819456, 46.062145 ], [ 10.818726, 46.063401 ], [ 10.819218, 46.064516 ], [ 10.818466, 46.065292 ], [ 10.818904, 46.066326 ], [ 10.818803, 46.067487 ], [ 10.817751, 46.068439 ], [ 10.818349, 46.069019 ], [ 10.817851, 46.070252 ], [ 10.816544, 46.070879 ], [ 10.816643, 46.072174 ], [ 10.815456, 46.073306 ], [ 10.81466, 46.07339 ], [ 10.813945, 46.074016 ], [ 10.813157, 46.07587 ], [ 10.811852, 46.07762 ], [ 10.811929, 46.078197 ], [ 10.811372, 46.080097 ], [ 10.810148, 46.081652 ], [ 10.810412, 46.082244 ], [ 10.809973, 46.083311 ], [ 10.808915, 46.084754 ], [ 10.809277, 46.085402 ], [ 10.807162, 46.086021 ], [ 10.804138, 46.086312 ], [ 10.802129, 46.085973 ], [ 10.800074, 46.086484 ], [ 10.798555, 46.086099 ], [ 10.796838, 46.086052 ], [ 10.793484, 46.085653 ], [ 10.785797, 46.084598 ], [ 10.785637, 46.085769 ], [ 10.784919, 46.086525 ], [ 10.784675, 46.087687 ], [ 10.784647, 46.089694 ], [ 10.785507, 46.090438 ], [ 10.785828, 46.091832 ], [ 10.786412, 46.092165 ], [ 10.787346, 46.094899 ], [ 10.78855, 46.096108 ], [ 10.789415, 46.097718 ], [ 10.790796, 46.098951 ], [ 10.7912, 46.099783 ], [ 10.789973, 46.101677 ], [ 10.789655, 46.103176 ], [ 10.787959, 46.106134 ], [ 10.785462, 46.10505 ], [ 10.782077, 46.104707 ], [ 10.780125, 46.104308 ], [ 10.779533, 46.103377 ], [ 10.776256, 46.102135 ], [ 10.775017, 46.101356 ], [ 10.774684, 46.100366 ], [ 10.773746, 46.099618 ], [ 10.771683, 46.097591 ], [ 10.770693, 46.097615 ], [ 10.768669, 46.096764 ], [ 10.767467, 46.095192 ], [ 10.766662, 46.094577 ], [ 10.765976, 46.093034 ], [ 10.765765, 46.091868 ], [ 10.764026, 46.090244 ], [ 10.764284, 46.088111 ], [ 10.763526, 46.086762 ], [ 10.76228, 46.085257 ], [ 10.761103, 46.084744 ], [ 10.759904, 46.083389 ], [ 10.759891, 46.081004 ], [ 10.759122, 46.079741 ], [ 10.753241, 46.078934 ], [ 10.752094, 46.07814 ], [ 10.749955, 46.078367 ], [ 10.747794, 46.078361 ], [ 10.745617, 46.07855 ], [ 10.743062, 46.078569 ], [ 10.742049, 46.079027 ], [ 10.74086, 46.076691 ], [ 10.740569, 46.075069 ], [ 10.739765, 46.074632 ], [ 10.739765, 46.073785 ], [ 10.738747, 46.072412 ], [ 10.738785, 46.070697 ], [ 10.738365, 46.069883 ], [ 10.736443, 46.067753 ], [ 10.737386, 46.066674 ], [ 10.739036, 46.06605 ], [ 10.739062, 46.062924 ], [ 10.734494, 46.063171 ], [ 10.731248, 46.063458 ], [ 10.728465, 46.064515 ], [ 10.727454, 46.064151 ], [ 10.726314, 46.060874 ], [ 10.725308, 46.059004 ], [ 10.724145, 46.058158 ], [ 10.72259, 46.056281 ], [ 10.718401, 46.055904 ], [ 10.718793, 46.055303 ], [ 10.719224, 46.052778 ], [ 10.718792, 46.051021 ], [ 10.717812, 46.049814 ], [ 10.717783, 46.049093 ], [ 10.718843, 46.048319 ], [ 10.721549, 46.047546 ], [ 10.722728, 46.047386 ], [ 10.726545, 46.045553 ], [ 10.72842, 46.045062 ], [ 10.729022, 46.043697 ], [ 10.728865, 46.042397 ], [ 10.730418, 46.040245 ], [ 10.732414, 46.039413 ], [ 10.735217, 46.037808 ], [ 10.73676, 46.038593 ], [ 10.73786, 46.038625 ], [ 10.741504, 46.039261 ], [ 10.74294, 46.039266 ], [ 10.745932, 46.039823 ], [ 10.747994, 46.041789 ], [ 10.748965, 46.042374 ], [ 10.751091, 46.042661 ], [ 10.753691, 46.043695 ], [ 10.754107, 46.044231 ], [ 10.755601, 46.045075 ], [ 10.7563, 46.045155 ], [ 10.759595, 46.04441 ], [ 10.760272, 46.04458 ] ] ] ] } },
{ "type": "Feature", "properties": { "com_altname": null, "com_area_code": "ITA", "com_capoluogo": "No", "com_code": "22181", "com_name": "Sporminore", "com_name_lower": "sporminore", "com_name_upper": "SPORMINORE", "com_type": "Comune", "geo_point_2d": { "lat": 46.22609789635536, "lon": 11.008437185610866 }, "prov_code": "22", "prov_name": "Trento", "reg_code": "4", "reg_name": "Trentino-Alto Adige", "rip_code": "2", "rip_name": "Nord-Est", "year": "2022" }, "geometry": { "type": "Polygon", "coordinates": [ [ [ 11.061795, 46.234556 ], [ 11.061727, 46.236452 ], [ 11.060086, 46.238232 ], [ 11.059482, 46.241137 ], [ 11.059732, 46.242361 ], [ 11.057918, 46.242168 ], [ 11.054202, 46.243743 ], [ 11.052483, 46.243598 ], [ 11.049932, 46.242811 ], [ 11.04787, 46.242583 ], [ 11.046721, 46.242783 ], [ 11.043788, 46.24253 ], [ 11.041238, 46.241918 ], [ 11.037983, 46.241599 ], [ 11.035791, 46.242079 ], [ 11.035191, 46.242886 ], [ 11.033648, 46.243989 ], [ 11.032118, 46.244412 ], [ 11.030061, 46.244201 ], [ 11.028976, 46.243892 ], [ 11.028341, 46.243291 ], [ 11.027109, 46.243389 ], [ 11.02634, 46.2428 ], [ 11.024525, 46.242562 ], [ 11.023333, 46.243011 ], [ 11.022601, 46.243982 ], [ 11.020848, 46.24517 ], [ 11.018727, 46.245531 ], [ 11.01791, 46.246302 ], [ 11.016495, 46.24715 ], [ 11.014404, 46.247138 ], [ 11.01324, 46.246735 ], [ 11.01032, 46.244613 ], [ 11.007105, 46.242815 ], [ 11.003328, 46.241424 ], [ 11.000936, 46.241191 ], [ 10.99928, 46.240536 ], [ 10.993217, 46.236909 ], [ 10.990797, 46.23506 ], [ 10.989149, 46.233605 ], [ 10.985708, 46.231019 ], [ 10.983844, 46.229166 ], [ 10.9829, 46.228508 ], [ 10.9795, 46.227074 ], [ 10.979122, 46.226199 ], [ 10.978102, 46.225923 ], [ 10.977397, 46.224902 ], [ 10.975005, 46.222801 ], [ 10.973742, 46.222333 ], [ 10.96938, 46.221472 ], [ 10.968895, 46.221021 ], [ 10.968294, 46.219598 ], [ 10.968945, 46.218677 ], [ 10.969784, 46.215546 ], [ 10.966338, 46.213738 ], [ 10.965343, 46.212526 ], [ 10.965825, 46.211274 ], [ 10.967778, 46.209799 ], [ 10.969953, 46.207946 ], [ 10.970784, 46.205358 ], [ 10.970475, 46.203075 ], [ 10.970806, 46.202311 ], [ 10.972907, 46.202889 ], [ 10.978727, 46.205473 ], [ 10.983155, 46.205353 ], [ 10.983444, 46.206771 ], [ 10.986565, 46.207625 ], [ 10.988023, 46.20815 ], [ 10.99186, 46.209837 ], [ 10.996123, 46.210013 ], [ 10.996545, 46.209847 ], [ 10.998333, 46.208078 ], [ 10.999285, 46.207465 ], [ 10.999999, 46.206525 ], [ 11.00526, 46.207653 ], [ 11.005931, 46.208303 ], [ 11.008256, 46.20918 ], [ 11.01077, 46.209676 ], [ 11.016867, 46.212354 ], [ 11.019724, 46.213712 ], [ 11.020069, 46.214151 ], [ 11.025412, 46.216977 ], [ 11.028185, 46.217594 ], [ 11.029361, 46.21765 ], [ 11.032495, 46.21871 ], [ 11.032392, 46.21972 ], [ 11.030221, 46.22159 ], [ 11.027874, 46.224152 ], [ 11.02678, 46.225512 ], [ 11.027593, 46.225948 ], [ 11.029755, 46.226544 ], [ 11.032391, 46.226807 ], [ 11.033816, 46.226525 ], [ 11.035748, 46.225407 ], [ 11.035583, 46.224901 ], [ 11.036384, 46.22364 ], [ 11.037177, 46.223919 ], [ 11.036864, 46.225535 ], [ 11.037196, 46.226132 ], [ 11.03956, 46.227508 ], [ 11.040423, 46.229648 ], [ 11.042187, 46.230206 ], [ 11.042657, 46.230971 ], [ 11.042988, 46.232505 ], [ 11.044619, 46.233096 ], [ 11.047101, 46.2337 ], [ 11.050524, 46.234372 ], [ 11.051724, 46.234994 ], [ 11.053764, 46.23651 ], [ 11.054803, 46.236946 ], [ 11.057729, 46.237321 ], [ 11.058796, 46.237076 ], [ 11.059482, 46.235818 ], [ 11.061795, 46.234556 ] ] ] } },
{ "type": "Feature", "properties": { "com_altname": null, "com_area_code": "ITA", "com_capoluogo": "No", "com_code": "22202", "com_name": "Torcegno", "com_name_lower": "torcegno", "com_name_upper": "TORCEGNO", "com_type": "Comune", "geo_point_2d": { "lat": 46.09875738920482, "lon": 11.41761931475459 }, "prov_code": "22", "prov_name": "Trento", "reg_code": "4", "reg_name": "Trentino-Alto Adige", "rip_code": "2", "rip_name": "Nord-Est", "year": "2022" }, "geometry": { "type": "Polygon", "coordinates": [ [ [ 11.370392, 46.095108 ], [ 11.371816, 46.094118 ], [ 11.373923, 46.093973 ], [ 11.374396, 46.093132 ], [ 11.377075, 46.093168 ], [ 11.378494, 46.093817 ], [ 11.379123, 46.094445 ], [ 11.380799, 46.095127 ], [ 11.382219, 46.095462 ], [ 11.384956, 46.095019 ], [ 11.386917, 46.093418 ], [ 11.389199, 46.094021 ], [ 11.396477, 46.096173 ], [ 11.402351, 46.099103 ], [ 11.403614, 46.099427 ], [ 11.408058, 46.102809 ], [ 11.409338, 46.102822 ], [ 11.410599, 46.102311 ], [ 11.412043, 46.101344 ], [ 11.414864, 46.100596 ], [ 11.416354, 46.099099 ], [ 11.417899, 46.098412 ], [ 11.419364, 46.096994 ], [ 11.42001, 46.096071 ], [ 11.419346, 46.095429 ], [ 11.420331, 46.094444 ], [ 11.420001, 46.093713 ], [ 11.423504, 46.091534 ], [ 11.424377, 46.09121 ], [ 11.42798, 46.088289 ], [ 11.428481, 46.087277 ], [ 11.430092, 46.086562 ], [ 11.430636, 46.085512 ], [ 11.432737, 46.084773 ], [ 11.432788, 46.084387 ], [ 11.436541, 46.082474 ], [ 11.439159, 46.083603 ], [ 11.43929, 46.08223 ], [ 11.440375, 46.080466 ], [ 11.440664, 46.078584 ], [ 11.441101, 46.077253 ], [ 11.441209, 46.075102 ], [ 11.440406, 46.074445 ], [ 11.440868, 46.073402 ], [ 11.44237, 46.072073 ], [ 11.442282, 46.071418 ], [ 11.444407, 46.071038 ], [ 11.445982, 46.067015 ], [ 11.446178, 46.064299 ], [ 11.447955, 46.063742 ], [ 11.448414, 46.064521 ], [ 11.450792, 46.064056 ], [ 11.45348, 46.0641 ], [ 11.456436, 46.065244 ], [ 11.459638, 46.065772 ], [ 11.45964, 46.062252 ], [ 11.460677, 46.063275 ], [ 11.461076, 46.064658 ], [ 11.461788, 46.065188 ], [ 11.463073, 46.067516 ], [ 11.464105, 46.068755 ], [ 11.464941, 46.069285 ], [ 11.465108, 46.070429 ], [ 11.463747, 46.07017 ], [ 11.462899, 46.069319 ], [ 11.461275, 46.071448 ], [ 11.458793, 46.07619 ], [ 11.455818, 46.081416 ], [ 11.454711, 46.083764 ], [ 11.453314, 46.085122 ], [ 11.450467, 46.086946 ], [ 11.449402, 46.087914 ], [ 11.449577, 46.089703 ], [ 11.448156, 46.089593 ], [ 11.447625, 46.089897 ], [ 11.445818, 46.089766 ], [ 11.444713, 46.090207 ], [ 11.443161, 46.091961 ], [ 11.440837, 46.092871 ], [ 11.438825, 46.093946 ], [ 11.438204, 46.094501 ], [ 11.436755, 46.097811 ], [ 11.435281, 46.099744 ], [ 11.435253, 46.101121 ], [ 11.43308, 46.100855 ], [ 11.431224, 46.101347 ], [ 11.430171, 46.102386 ], [ 11.430164, 46.103647 ], [ 11.429174, 46.105134 ], [ 11.428615, 46.105352 ], [ 11.427391, 46.107411 ], [ 11.427359, 46.109305 ], [ 11.42711, 46.110397 ], [ 11.427558, 46.11092 ], [ 11.427726, 46.112675 ], [ 11.427126, 46.113536 ], [ 11.427177, 46.114202 ], [ 11.426604, 46.115119 ], [ 11.425013, 46.115425 ], [ 11.421338, 46.118274 ], [ 11.42062, 46.119173 ], [ 11.421031, 46.119827 ], [ 11.42105, 46.120905 ], [ 11.420369, 46.121557 ], [ 11.42041, 46.122376 ], [ 11.419882, 46.12406 ], [ 11.41596, 46.124003 ], [ 11.41508, 46.124489 ], [ 11.411682, 46.124997 ], [ 11.410021, 46.124557 ], [ 11.407394, 46.124706 ], [ 11.40375, 46.125064 ], [ 11.403425, 46.125584 ], [ 11.399238, 46.125379 ], [ 11.398858, 46.123328 ], [ 11.399519, 46.121783 ], [ 11.39935, 46.120889 ], [ 11.397803, 46.119887 ], [ 11.396014, 46.119013 ], [ 11.393725, 46.116625 ], [ 11.393746, 46.115072 ], [ 11.392366, 46.11586 ], [ 11.390944, 46.116254 ], [ 11.389717, 46.11617 ], [ 11.387265, 46.114138 ], [ 11.385395, 46.113495 ], [ 11.384968, 46.112536 ], [ 11.385264, 46.110864 ], [ 11.383827, 46.109544 ], [ 11.383705, 46.10899 ], [ 11.382642, 46.108386 ], [ 11.38263, 46.107151 ], [ 11.380992, 46.106478 ], [ 11.380217, 46.10641 ], [ 11.37923, 46.105749 ], [ 11.377021, 46.105165 ], [ 11.375703, 46.105152 ], [ 11.37484, 46.102636 ], [ 11.372531, 46.100203 ], [ 11.371888, 46.098177 ], [ 11.371383, 46.098128 ], [ 11.370392, 46.095108 ] ] ] } },
{ "type": "Feature", "properties": { "com_altname": null, "com_area_code": "ITA", "com_capoluogo": "No", "com_code": "22048", "com_name": "Castello Tesino", "com_name_lower": "castello tesino", "com_name_upper": "CASTELLO TESINO", "com_type": "Comune", "geo_point_2d": { "lat": 46.121138190816836, "lon": 11.645878489126815 }, "prov_code": "22", "prov_name": "Trento", "reg_code": "4", "reg_name": "Trentino-Alto Adige", "rip_code": "2", "rip_name": "Nord-Est", "year": "2022" }, "geometry": { "type": "Polygon", "coordinates": [ [ [ 11.624247, 46.21575 ], [ 11.620281, 46.216108 ], [ 11.616817, 46.215609 ], [ 11.614535, 46.215554 ], [ 11.612502, 46.215885 ], [ 11.611481, 46.21529 ], [ 11.610035, 46.214834 ], [ 11.609236, 46.214299 ], [ 11.607553, 46.214378 ], [ 11.605831, 46.214012 ], [ 11.605032, 46.213489 ], [ 11.60357, 46.213291 ], [ 11.60269, 46.212464 ], [ 11.597273, 46.21089 ], [ 11.595967, 46.210729 ], [ 11.594256, 46.20988 ], [ 11.592696, 46.207926 ], [ 11.590278, 46.206653 ], [ 11.588665, 46.206137 ], [ 11.586932, 46.204782 ], [ 11.586009, 46.203329 ], [ 11.584234, 46.202495 ], [ 11.582327, 46.202061 ], [ 11.580805, 46.20063 ], [ 11.578977, 46.200177 ], [ 11.57871, 46.198675 ], [ 11.57781, 46.19844 ], [ 11.577371, 46.197377 ], [ 11.576172, 46.195747 ], [ 11.574763, 46.194565 ], [ 11.573636, 46.194147 ], [ 11.572444, 46.193197 ], [ 11.572254, 46.192673 ], [ 11.570782, 46.191899 ], [ 11.570247, 46.190923 ], [ 11.570028, 46.188865 ], [ 11.571178, 46.186947 ], [ 11.56935, 46.185848 ], [ 11.568594, 46.18501 ], [ 11.565735, 46.182565 ], [ 11.564624, 46.182012 ], [ 11.563422, 46.182031 ], [ 11.561535, 46.181078 ], [ 11.560531, 46.179518 ], [ 11.557685, 46.17849 ], [ 11.556169, 46.177541 ], [ 11.550468, 46.175089 ], [ 11.554746, 46.172103 ], [ 11.556387, 46.170493 ], [ 11.558336, 46.169758 ], [ 11.560452, 46.168712 ], [ 11.563597, 46.168388 ], [ 11.569345, 46.168295 ], [ 11.571343, 46.167956 ], [ 11.580475, 46.165318 ], [ 11.58232, 46.165279 ], [ 11.586358, 46.165888 ], [ 11.587293, 46.166975 ], [ 11.590122, 46.168819 ], [ 11.594518, 46.170721 ], [ 11.597309, 46.172367 ], [ 11.600016, 46.173735 ], [ 11.604325, 46.176172 ], [ 11.60524, 46.176555 ], [ 11.607637, 46.174271 ], [ 11.610595, 46.170752 ], [ 11.611282, 46.16923 ], [ 11.611366, 46.167553 ], [ 11.610448, 46.160746 ], [ 11.612435, 46.157956 ], [ 11.611798, 46.15613 ], [ 11.610442, 46.152873 ], [ 11.608713, 46.150368 ], [ 11.608322, 46.149391 ], [ 11.609762, 46.148603 ], [ 11.612646, 46.146217 ], [ 11.610412, 46.14583 ], [ 11.603955, 46.144902 ], [ 11.603978, 46.144142 ], [ 11.605301, 46.143131 ], [ 11.605905, 46.1405 ], [ 11.608467, 46.141359 ], [ 11.610818, 46.142363 ], [ 11.611325, 46.14066 ], [ 11.612517, 46.137574 ], [ 11.613228, 46.136216 ], [ 11.613498, 46.134854 ], [ 11.613737, 46.131228 ], [ 11.614293, 46.129128 ], [ 11.621514, 46.126128 ], [ 11.620971, 46.123949 ], [ 11.620994, 46.122778 ], [ 11.621748, 46.120632 ], [ 11.62126, 46.119931 ], [ 11.620285, 46.119398 ], [ 11.619964, 46.117416 ], [ 11.620504, 46.115811 ], [ 11.622857, 46.115921 ], [ 11.625704, 46.11627 ], [ 11.631186, 46.116511 ], [ 11.631795, 46.116615 ], [ 11.633725, 46.119025 ], [ 11.635411, 46.119109 ], [ 11.639179, 46.1208 ], [ 11.640924, 46.121777 ], [ 11.643367, 46.123413 ], [ 11.646873, 46.123511 ], [ 11.65017, 46.123738 ], [ 11.652699, 46.123681 ], [ 11.652701, 46.123377 ], [ 11.651076, 46.121756 ], [ 11.648809, 46.120014 ], [ 11.648852, 46.11879 ], [ 11.64808, 46.116953 ], [ 11.648541, 46.11506 ], [ 11.648348, 46.114343 ], [ 11.645778, 46.112442 ], [ 11.642791, 46.111521 ], [ 11.63939, 46.109454 ], [ 11.638557, 46.108224 ], [ 11.636586, 46.107307 ], [ 11.636187, 46.105524 ], [ 11.634834, 46.104881 ], [ 11.634568, 46.104325 ], [ 11.633014, 46.103062 ], [ 11.632882, 46.102468 ], [ 11.63079, 46.101638 ], [ 11.629797, 46.101839 ], [ 11.628014, 46.101251 ], [ 11.626533, 46.099882 ], [ 11.624628, 46.100294 ], [ 11.621966, 46.099536 ], [ 11.618511, 46.098838 ], [ 11.618939, 46.098199 ], [ 11.618493, 46.097315 ], [ 11.618991, 46.096655 ], [ 11.618793, 46.095469 ], [ 11.620987, 46.094409 ], [ 11.620318, 46.093857 ], [ 11.620596, 46.092115 ], [ 11.620199, 46.091018 ], [ 11.621245, 46.089379 ], [ 11.620917, 46.087363 ], [ 11.61981, 46.08546 ], [ 11.619847, 46.083601 ], [ 11.620717, 46.081778 ], [ 11.620175, 46.080636 ], [ 11.620793, 46.07952 ], [ 11.619911, 46.078717 ], [ 11.620502, 46.077701 ], [ 11.620344, 46.077189 ], [ 11.621077, 46.075713 ], [ 11.620808, 46.073884 ], [ 11.620197, 46.071522 ], [ 11.621091, 46.070294 ], [ 11.621318, 46.069023 ], [ 11.622023, 46.067769 ], [ 11.62155, 46.066776 ], [ 11.622196, 46.065671 ], [ 11.623821, 46.06355 ], [ 11.624288, 46.06252 ], [ 11.623775, 46.061152 ], [ 11.623931, 46.060355 ], [ 11.624933, 46.059009 ], [ 11.624174, 46.056991 ], [ 11.625088, 46.056124 ], [ 11.624153, 46.054379 ], [ 11.624537, 46.053106 ], [ 11.625779, 46.053166 ], [ 11.625839, 46.052474 ], [ 11.627103, 46.051748 ], [ 11.628709, 46.051624 ], [ 11.630434, 46.050911 ], [ 11.631997, 46.048867 ], [ 11.631442, 46.047731 ], [ 11.632012, 46.046725 ], [ 11.630938, 46.046125 ], [ 11.631552, 46.044857 ], [ 11.632252, 46.044229 ], [ 11.630593, 46.04244 ], [ 11.629788, 46.042264 ], [ 11.627993, 46.042809 ], [ 11.625817, 46.042636 ], [ 11.625867, 46.041768 ], [ 11.626824, 46.040605 ], [ 11.626047, 46.039647 ], [ 11.626034, 46.036811 ], [ 11.626621, 46.035569 ], [ 11.626935, 46.033788 ], [ 11.627601, 46.033265 ], [ 11.627748, 46.032016 ], [ 11.628635, 46.031182 ], [ 11.62903, 46.029349 ], [ 11.63083, 46.027095 ], [ 11.631943, 46.026064 ], [ 11.634379, 46.024307 ], [ 11.635681, 46.02283 ], [ 11.636444, 46.02264 ], [ 11.637537, 46.024485 ], [ 11.638593, 46.025833 ], [ 11.639808, 46.028692 ], [ 11.639892, 46.030083 ], [ 11.641037, 46.029482 ], [ 11.643272, 46.028698 ], [ 11.644526, 46.026993 ], [ 11.645525, 46.026657 ], [ 11.646758, 46.023829 ], [ 11.648646, 46.021963 ], [ 11.651267, 46.021105 ], [ 11.651644, 46.020749 ], [ 11.651958, 46.018075 ], [ 11.65601, 46.01541 ], [ 11.657438, 46.015549 ], [ 11.660902, 46.015262 ], [ 11.661354, 46.014492 ], [ 11.660774, 46.013901 ], [ 11.661275, 46.013048 ], [ 11.662026, 46.012917 ], [ 11.663766, 46.013255 ], [ 11.664313, 46.013985 ], [ 11.665476, 46.016249 ], [ 11.66665, 46.017099 ], [ 11.668662, 46.017602 ], [ 11.669175, 46.017709 ], [ 11.672414, 46.019773 ], [ 11.67314, 46.021043 ], [ 11.675856, 46.022863 ], [ 11.677468, 46.02358 ], [ 11.678856, 46.024686 ], [ 11.680591, 46.025566 ], [ 11.681869, 46.026691 ], [ 11.681931, 46.027945 ], [ 11.681603, 46.02847 ], [ 11.680145, 46.028184 ], [ 11.677868, 46.028649 ], [ 11.675854, 46.028631 ], [ 11.675041, 46.029053 ], [ 11.673448, 46.029286 ], [ 11.672276, 46.030127 ], [ 11.671846, 46.031271 ], [ 11.669814, 46.032489 ], [ 11.669133, 46.033734 ], [ 11.668075, 46.034187 ], [ 11.666609, 46.035346 ], [ 11.666144, 46.036158 ], [ 11.666824, 46.037168 ], [ 11.666902, 46.038062 ], [ 11.668632, 46.038953 ], [ 11.670124, 46.040106 ], [ 11.672693, 46.041038 ], [ 11.676712, 46.043444 ], [ 11.678832, 46.046045 ], [ 11.679871, 46.045884 ], [ 11.681998, 46.045096 ], [ 11.683597, 46.044161 ], [ 11.687312, 46.04414 ], [ 11.689151, 46.044341 ], [ 11.690016, 46.044792 ], [ 11.691797, 46.044287 ], [ 11.694041, 46.044674 ], [ 11.698923, 46.044866 ], [ 11.700874, 46.044518 ], [ 11.703789, 46.044889 ], [ 11.706076, 46.04556 ], [ 11.706441, 46.045993 ], [ 11.705234, 46.047009 ], [ 11.704114, 46.047446 ], [ 11.704437, 46.048754 ], [ 11.70369, 46.050192 ], [ 11.704569, 46.051154 ], [ 11.704141, 46.051888 ], [ 11.704654, 46.052917 ], [ 11.704334, 46.054558 ], [ 11.703888, 46.055128 ], [ 11.702731, 46.055306 ], [ 11.700977, 46.055124 ], [ 11.700117, 46.055619 ], [ 11.699469, 46.056876 ], [ 11.698582, 46.057545 ], [ 11.696591, 46.061018 ], [ 11.694822, 46.062151 ], [ 11.692898, 46.062046 ], [ 11.691926, 46.062519 ], [ 11.690089, 46.062699 ], [ 11.687691, 46.064288 ], [ 11.686389, 46.066259 ], [ 11.686479, 46.067048 ], [ 11.687453, 46.067939 ], [ 11.687389, 46.069216 ], [ 11.685388, 46.070695 ], [ 11.685416, 46.071524 ], [ 11.684476, 46.073945 ], [ 11.684379, 46.075948 ], [ 11.683497, 46.076282 ], [ 11.682391, 46.077563 ], [ 11.682427, 46.078741 ], [ 11.685197, 46.079804 ], [ 11.684944, 46.080536 ], [ 11.683732, 46.081275 ], [ 11.6835, 46.082491 ], [ 11.682055, 46.087156 ], [ 11.682506, 46.08787 ], [ 11.682156, 46.08863 ], [ 11.682346, 46.089987 ], [ 11.6832, 46.091475 ], [ 11.685289, 46.093569 ], [ 11.68722, 46.094214 ], [ 11.688159, 46.094789 ], [ 11.691682, 46.095042 ], [ 11.695097, 46.094457 ], [ 11.696749, 46.093308 ], [ 11.699076, 46.092105 ], [ 11.700377, 46.091852 ], [ 11.701196, 46.091214 ], [ 11.703456, 46.090494 ], [ 11.702597, 46.091806 ], [ 11.700233, 46.094743 ], [ 11.69881, 46.096313 ], [ 11.697356, 46.098287 ], [ 11.696914, 46.099265 ], [ 11.696753, 46.100587 ], [ 11.695248, 46.103782 ], [ 11.695803, 46.105764 ], [ 11.695909, 46.107343 ], [ 11.696454, 46.108748 ], [ 11.69656, 46.109829 ], [ 11.695566, 46.111271 ], [ 11.695377, 46.112952 ], [ 11.693742, 46.113712 ], [ 11.692149, 46.113778 ], [ 11.689406, 46.115208 ], [ 11.68831, 46.115571 ], [ 11.688623, 46.117985 ], [ 11.688541, 46.119711 ], [ 11.687802, 46.120755 ], [ 11.687596, 46.12311 ], [ 11.689299, 46.124593 ], [ 11.691511, 46.124542 ], [ 11.697139, 46.124769 ], [ 11.700475, 46.12523 ], [ 11.702099, 46.125609 ], [ 11.70482, 46.127087 ], [ 11.708899, 46.131134 ], [ 11.70925, 46.132382 ], [ 11.709176, 46.133726 ], [ 11.709731, 46.135011 ], [ 11.711223, 46.136891 ], [ 11.712603, 46.13757 ], [ 11.714195, 46.139233 ], [ 11.714378, 46.139771 ], [ 11.71345, 46.140183 ], [ 11.712945, 46.140922 ], [ 11.710955, 46.141695 ], [ 11.709583, 46.143041 ], [ 11.70662, 46.144042 ], [ 11.705454, 46.14496 ], [ 11.703997, 46.14524 ], [ 11.701208, 46.146457 ], [ 11.700511, 46.14804 ], [ 11.700874, 46.149116 ], [ 11.698864, 46.152931 ], [ 11.69605, 46.156847 ], [ 11.691725, 46.16263 ], [ 11.691854, 46.163712 ], [ 11.695918, 46.164892 ], [ 11.697338, 46.165693 ], [ 11.699618, 46.167301 ], [ 11.699152, 46.168158 ], [ 11.697384, 46.169275 ], [ 11.693946, 46.172714 ], [ 11.69275, 46.174086 ], [ 11.692006, 46.174144 ], [ 11.689501, 46.173103 ], [ 11.685819, 46.170938 ], [ 11.682972, 46.169744 ], [ 11.680999, 46.168468 ], [ 11.680036, 46.167379 ], [ 11.679984, 46.166274 ], [ 11.678364, 46.164869 ], [ 11.677337, 46.164394 ], [ 11.674363, 46.16245 ], [ 11.671839, 46.161682 ], [ 11.6709, 46.161154 ], [ 11.670576, 46.160508 ], [ 11.669269, 46.159746 ], [ 11.667616, 46.160354 ], [ 11.666813, 46.161388 ], [ 11.665976, 46.161849 ], [ 11.664021, 46.162425 ], [ 11.658686, 46.167572 ], [ 11.6561, 46.168494 ], [ 11.651966, 46.170262 ], [ 11.649518, 46.171777 ], [ 11.646501, 46.172403 ], [ 11.643932, 46.17349 ], [ 11.640793, 46.175585 ], [ 11.637541, 46.177129 ], [ 11.636353, 46.177814 ], [ 11.633066, 46.180057 ], [ 11.634165, 46.181112 ], [ 11.634861, 46.182683 ], [ 11.63462, 46.183698 ], [ 11.635228, 46.184553 ], [ 11.635121, 46.185304 ], [ 11.635461, 46.188264 ], [ 11.635495, 46.19003 ], [ 11.634884, 46.190709 ], [ 11.634965, 46.192042 ], [ 11.635326, 46.192861 ], [ 11.634986, 46.193707 ], [ 11.635806, 46.194707 ], [ 11.636456, 46.196958 ], [ 11.638216, 46.198999 ], [ 11.638953, 46.200111 ], [ 11.639128, 46.20134 ], [ 11.638985, 46.202946 ], [ 11.638284, 46.204564 ], [ 11.638323, 46.205094 ], [ 11.64042, 46.206387 ], [ 11.64231, 46.207945 ], [ 11.642751, 46.209843 ], [ 11.641871, 46.210412 ], [ 11.641323, 46.211433 ], [ 11.640702, 46.211726 ], [ 11.638096, 46.211183 ], [ 11.636324, 46.21126 ], [ 11.633947, 46.211981 ], [ 11.632939, 46.212598 ], [ 11.629954, 46.213612 ], [ 11.629002, 46.213778 ], [ 11.626724, 46.214659 ], [ 11.625045, 46.215615 ], [ 11.624247, 46.21575 ] ] ] } },
{ "type": "Feature", "properties": { "com_altname": null, "com_area_code": "ITA", "com_capoluogo": "No", "com_code": "22245", "com_name": "Primiero San Martino di Castrozza", "com_name_lower": "primiero san martino di castrozza", "com_name_upper": "PRIMIERO SAN MARTINO DI CASTROZZA", "com_type": "Comune", "geo_point_2d": { "lat": 46.24225930818735, "lon": 11.826620357704726 }, "prov_code": "22", "prov_name": "Trento", "reg_code": "4", "reg_name": "Trentino-Alto Adige", "rip_code": "2", "rip_name": "Nord-Est", "year": "2022" }, "geometry": { "type": "Polygon", "coordinates": [ [ [ 11.750071, 46.310379 ], [ 11.748992, 46.310125 ], [ 11.747746, 46.308974 ], [ 11.746548, 46.308578 ], [ 11.745846, 46.307538 ], [ 11.745907, 46.306726 ], [ 11.744216, 46.306089 ], [ 11.743247, 46.305377 ], [ 11.741281, 46.305109 ], [ 11.737296, 46.303529 ], [ 11.732019, 46.302002 ], [ 11.730695, 46.301807 ], [ 11.728783, 46.30002 ], [ 11.726607, 46.299612 ], [ 11.725196, 46.298957 ], [ 11.724414, 46.299361 ], [ 11.719814, 46.299215 ], [ 11.71586, 46.299524 ], [ 11.71438, 46.299335 ], [ 11.712749, 46.29982 ], [ 11.711823, 46.29693 ], [ 11.710181, 46.29536 ], [ 11.709328, 46.294907 ], [ 11.709118, 46.293965 ], [ 11.710728, 46.292524 ], [ 11.713595, 46.28953 ], [ 11.715156, 46.288089 ], [ 11.717958, 46.284613 ], [ 11.719008, 46.282919 ], [ 11.719772, 46.282178 ], [ 11.720525, 46.280921 ], [ 11.72141, 46.27891 ], [ 11.722021, 46.277017 ], [ 11.722733, 46.27549 ], [ 11.723237, 46.273197 ], [ 11.723802, 46.271578 ], [ 11.725111, 46.269438 ], [ 11.726944, 46.264795 ], [ 11.727845, 46.26476 ], [ 11.734253, 46.265086 ], [ 11.736199, 46.264956 ], [ 11.73735, 46.265095 ], [ 11.739528, 46.263916 ], [ 11.740346, 46.263257 ], [ 11.741082, 46.262022 ], [ 11.742198, 46.261465 ], [ 11.743611, 46.25992 ], [ 11.743325, 46.258997 ], [ 11.745086, 46.25724 ], [ 11.745471, 46.256437 ], [ 11.746253, 46.255999 ], [ 11.746293, 46.255212 ], [ 11.748252, 46.253387 ], [ 11.748915, 46.251377 ], [ 11.747178, 46.249519 ], [ 11.746478, 46.249116 ], [ 11.747038, 46.247117 ], [ 11.74616, 46.246648 ], [ 11.743747, 46.245989 ], [ 11.743165, 46.245452 ], [ 11.745171, 46.24416 ], [ 11.746318, 46.243755 ], [ 11.748632, 46.243381 ], [ 11.750569, 46.243488 ], [ 11.751729, 46.242569 ], [ 11.75329, 46.242378 ], [ 11.755016, 46.241626 ], [ 11.757625, 46.239853 ], [ 11.757514, 46.238937 ], [ 11.754628, 46.237513 ], [ 11.753892, 46.23628 ], [ 11.752972, 46.236041 ], [ 11.753679, 46.23462 ], [ 11.752682, 46.233519 ], [ 11.754245, 46.233742 ], [ 11.757019, 46.232937 ], [ 11.761362, 46.230825 ], [ 11.762945, 46.230337 ], [ 11.768784, 46.22962 ], [ 11.771474, 46.229464 ], [ 11.777906, 46.229704 ], [ 11.782004, 46.2296 ], [ 11.787219, 46.229703 ], [ 11.788608, 46.229468 ], [ 11.794129, 46.228181 ], [ 11.792083, 46.22535 ], [ 11.792532, 46.224432 ], [ 11.793634, 46.223665 ], [ 11.793781, 46.222918 ], [ 11.792843, 46.221616 ], [ 11.793369, 46.220841 ], [ 11.791042, 46.219096 ], [ 11.788927, 46.217732 ], [ 11.789427, 46.216653 ], [ 11.789152, 46.216106 ], [ 11.787486, 46.214269 ], [ 11.786723, 46.21382 ], [ 11.785658, 46.212654 ], [ 11.783206, 46.210948 ], [ 11.779767, 46.210167 ], [ 11.780907, 46.208502 ], [ 11.777578, 46.207274 ], [ 11.778376, 46.206574 ], [ 11.780177, 46.205537 ], [ 11.782027, 46.205201 ], [ 11.783228, 46.204452 ], [ 11.785181, 46.204179 ], [ 11.786725, 46.203247 ], [ 11.787709, 46.20228 ], [ 11.787842, 46.20163 ], [ 11.787256, 46.200685 ], [ 11.788949, 46.199437 ], [ 11.789657, 46.198544 ], [ 11.792459, 46.19618 ], [ 11.793063, 46.194209 ], [ 11.792629, 46.193506 ], [ 11.79263, 46.192289 ], [ 11.791747, 46.190979 ], [ 11.789083, 46.189092 ], [ 11.788632, 46.187879 ], [ 11.787627, 46.18742 ], [ 11.787441, 46.186282 ], [ 11.786824, 46.185564 ], [ 11.786051, 46.183063 ], [ 11.787657, 46.182873 ], [ 11.791676, 46.181867 ], [ 11.795378, 46.181165 ], [ 11.798104, 46.180427 ], [ 11.799706, 46.179054 ], [ 11.808344, 46.174778 ], [ 11.813153, 46.173141 ], [ 11.815365, 46.172276 ], [ 11.820725, 46.169671 ], [ 11.821847, 46.168471 ], [ 11.823955, 46.16716 ], [ 11.823444, 46.165779 ], [ 11.825449, 46.16439 ], [ 11.826737, 46.162833 ], [ 11.828255, 46.162351 ], [ 11.828495, 46.161699 ], [ 11.829404, 46.161158 ], [ 11.831557, 46.16042 ], [ 11.832996, 46.159486 ], [ 11.83383, 46.158014 ], [ 11.833288, 46.15639 ], [ 11.835288, 46.153598 ], [ 11.838972, 46.152344 ], [ 11.842597, 46.151437 ], [ 11.845043, 46.151648 ], [ 11.846323, 46.15135 ], [ 11.848426, 46.150347 ], [ 11.851205, 46.150602 ], [ 11.851814, 46.150187 ], [ 11.854277, 46.150327 ], [ 11.855471, 46.150818 ], [ 11.855815, 46.151613 ], [ 11.860481, 46.150941 ], [ 11.8626, 46.150297 ], [ 11.864321, 46.150417 ], [ 11.866151, 46.150784 ], [ 11.868262, 46.150742 ], [ 11.868642, 46.150154 ], [ 11.873165, 46.148929 ], [ 11.875901, 46.148023 ], [ 11.879153, 46.146794 ], [ 11.882751, 46.147242 ], [ 11.885558, 46.149117 ], [ 11.890222, 46.150557 ], [ 11.891405, 46.150231 ], [ 11.892222, 46.149116 ], [ 11.892273, 46.146303 ], [ 11.89175, 46.145873 ], [ 11.89162, 46.144798 ], [ 11.891872, 46.14329 ], [ 11.890621, 46.141014 ], [ 11.891809, 46.13888 ], [ 11.892648, 46.137887 ], [ 11.896868, 46.135917 ], [ 11.89997, 46.136016 ], [ 11.901243, 46.136629 ], [ 11.90221, 46.137759 ], [ 11.904549, 46.138673 ], [ 11.905483, 46.139649 ], [ 11.906682, 46.139704 ], [ 11.907545, 46.14031 ], [ 11.909279, 46.140538 ], [ 11.909883, 46.141436 ], [ 11.911885, 46.142127 ], [ 11.914155, 46.14508 ], [ 11.914552, 46.146408 ], [ 11.915232, 46.147137 ], [ 11.921767, 46.149341 ], [ 11.919825, 46.151712 ], [ 11.918323, 46.155271 ], [ 11.920459, 46.159274 ], [ 11.921856, 46.162293 ], [ 11.922965, 46.162779 ], [ 11.928333, 46.166571 ], [ 11.929557, 46.170815 ], [ 11.928335, 46.172844 ], [ 11.928626, 46.175801 ], [ 11.926287, 46.178185 ], [ 11.921176, 46.182431 ], [ 11.920569, 46.182493 ], [ 11.921634, 46.18469 ], [ 11.922276, 46.186827 ], [ 11.922804, 46.187589 ], [ 11.922595, 46.188374 ], [ 11.924086, 46.19059 ], [ 11.925847, 46.19267 ], [ 11.927489, 46.193824 ], [ 11.927389, 46.194941 ], [ 11.923909, 46.195409 ], [ 11.923411, 46.196095 ], [ 11.920364, 46.195893 ], [ 11.921141, 46.196508 ], [ 11.921529, 46.198784 ], [ 11.921304, 46.200077 ], [ 11.920079, 46.202428 ], [ 11.916947, 46.203049 ], [ 11.915661, 46.203991 ], [ 11.914009, 46.204693 ], [ 11.911888, 46.205198 ], [ 11.9097, 46.207587 ], [ 11.90754, 46.208365 ], [ 11.905512, 46.208834 ], [ 11.906644, 46.21008 ], [ 11.904628, 46.211973 ], [ 11.903223, 46.213614 ], [ 11.903064, 46.21415 ], [ 11.904412, 46.216864 ], [ 11.905797, 46.218594 ], [ 11.909569, 46.224428 ], [ 11.910622, 46.226017 ], [ 11.912541, 46.229488 ], [ 11.91353, 46.230786 ], [ 11.914385, 46.232364 ], [ 11.917362, 46.235809 ], [ 11.918182, 46.23897 ], [ 11.920754, 46.240496 ], [ 11.923341, 46.241583 ], [ 11.924815, 46.242952 ], [ 11.926195, 46.244697 ], [ 11.929099, 46.248833 ], [ 11.927917, 46.2486 ], [ 11.922225, 46.247821 ], [ 11.920837, 46.248113 ], [ 11.918593, 46.24945 ], [ 11.915657, 46.250751 ], [ 11.913642, 46.251928 ], [ 11.912091, 46.25316 ], [ 11.910613, 46.253923 ], [ 11.907877, 46.254849 ], [ 11.906181, 46.255166 ], [ 11.905632, 46.25577 ], [ 11.904434, 46.256172 ], [ 11.901656, 46.255551 ], [ 11.900326, 46.254317 ], [ 11.90031, 46.253703 ], [ 11.897441, 46.251877 ], [ 11.89603, 46.25157 ], [ 11.894747, 46.250936 ], [ 11.891228, 46.253165 ], [ 11.889511, 46.254833 ], [ 11.888232, 46.256344 ], [ 11.886262, 46.25819 ], [ 11.884942, 46.260734 ], [ 11.88486, 46.261485 ], [ 11.885996, 46.263287 ], [ 11.887199, 46.264076 ], [ 11.887483, 46.265179 ], [ 11.887999, 46.269159 ], [ 11.88801, 46.270598 ], [ 11.888359, 46.272512 ], [ 11.888292, 46.273639 ], [ 11.886544, 46.277043 ], [ 11.885248, 46.278809 ], [ 11.883579, 46.2789 ], [ 11.880167, 46.278279 ], [ 11.877791, 46.277507 ], [ 11.87591, 46.27656 ], [ 11.873236, 46.276242 ], [ 11.870887, 46.275296 ], [ 11.869222, 46.274997 ], [ 11.867947, 46.274506 ], [ 11.86633, 46.273565 ], [ 11.864828, 46.272437 ], [ 11.862217, 46.271267 ], [ 11.859356, 46.271469 ], [ 11.857266, 46.270622 ], [ 11.852742, 46.271133 ], [ 11.848477, 46.271241 ], [ 11.844716, 46.271759 ], [ 11.84347, 46.271623 ], [ 11.840847, 46.270078 ], [ 11.83883, 46.269993 ], [ 11.838022, 46.270348 ], [ 11.836483, 46.272245 ], [ 11.834371, 46.275303 ], [ 11.833507, 46.277174 ], [ 11.832934, 46.277845 ], [ 11.831636, 46.278449 ], [ 11.830765, 46.279177 ], [ 11.826261, 46.28497 ], [ 11.827429, 46.285673 ], [ 11.82931, 46.287427 ], [ 11.829789, 46.289089 ], [ 11.829744, 46.290985 ], [ 11.830608, 46.291973 ], [ 11.830083, 46.294212 ], [ 11.830428, 46.29431 ], [ 11.83292, 46.296514 ], [ 11.832563, 46.297666 ], [ 11.833682, 46.299243 ], [ 11.835938, 46.299682 ], [ 11.836506, 46.300118 ], [ 11.836304, 46.30096 ], [ 11.836768, 46.302668 ], [ 11.840147, 46.304231 ], [ 11.841446, 46.306341 ], [ 11.840588, 46.307469 ], [ 11.839365, 46.307555 ], [ 11.83678, 46.308185 ], [ 11.834378, 46.310206 ], [ 11.833467, 46.31193 ], [ 11.831662, 46.312938 ], [ 11.83298, 46.314318 ], [ 11.833933, 46.314675 ], [ 11.8319, 46.316298 ], [ 11.831411, 46.317129 ], [ 11.832065, 46.317968 ], [ 11.832567, 46.319405 ], [ 11.831823, 46.320845 ], [ 11.832347, 46.322247 ], [ 11.831335, 46.323962 ], [ 11.831851, 46.325147 ], [ 11.830022, 46.32647 ], [ 11.827671, 46.326987 ], [ 11.824682, 46.327475 ], [ 11.822897, 46.328122 ], [ 11.821501, 46.328256 ], [ 11.816927, 46.329017 ], [ 11.814782, 46.330257 ], [ 11.813342, 46.331562 ], [ 11.812125, 46.33215 ], [ 11.810349, 46.331717 ], [ 11.806273, 46.332555 ], [ 11.803705, 46.332897 ], [ 11.802812, 46.333225 ], [ 11.802885, 46.336427 ], [ 11.802202, 46.337299 ], [ 11.801877, 46.341366 ], [ 11.802343, 46.342867 ], [ 11.800418, 46.344102 ], [ 11.797333, 46.344762 ], [ 11.793365, 46.346209 ], [ 11.791368, 46.347068 ], [ 11.790429, 46.348027 ], [ 11.787514, 46.348962 ], [ 11.783239, 46.348995 ], [ 11.780465, 46.34985 ], [ 11.779311, 46.351947 ], [ 11.777234, 46.355152 ], [ 11.774379, 46.358242 ], [ 11.772115, 46.358279 ], [ 11.76892, 46.359183 ], [ 11.767193, 46.359513 ], [ 11.766307, 46.359921 ], [ 11.765406, 46.359562 ], [ 11.76611, 46.358729 ], [ 11.765375, 46.356675 ], [ 11.765147, 46.355316 ], [ 11.76617, 46.3541 ], [ 11.766656, 46.352968 ], [ 11.76494, 46.350894 ], [ 11.761912, 46.349146 ], [ 11.758839, 46.348186 ], [ 11.757527, 46.348714 ], [ 11.75675, 46.350478 ], [ 11.753016, 46.354138 ], [ 11.752235, 46.354107 ], [ 11.750095, 46.353342 ], [ 11.748216, 46.351772 ], [ 11.750509, 46.344692 ], [ 11.751271, 46.342963 ], [ 11.751471, 46.341942 ], [ 11.75103, 46.33978 ], [ 11.75144, 46.338031 ], [ 11.751794, 46.337488 ], [ 11.75191, 46.335977 ], [ 11.751015, 46.333875 ], [ 11.750675, 46.331903 ], [ 11.749962, 46.330979 ], [ 11.748407, 46.330035 ], [ 11.747855, 46.328842 ], [ 11.748306, 46.327775 ], [ 11.747768, 46.32618 ], [ 11.748517, 46.32515 ], [ 11.748591, 46.32434 ], [ 11.749421, 46.323629 ], [ 11.749955, 46.322542 ], [ 11.749842, 46.31986 ], [ 11.750833, 46.31862 ], [ 11.751427, 46.31624 ], [ 11.751459, 46.313871 ], [ 11.750801, 46.313015 ], [ 11.751251, 46.312397 ], [ 11.751226, 46.311179 ], [ 11.750731, 46.310344 ], [ 11.750071, 46.310379 ] ] ] } },
{ "type": "Feature", "properties": { "com_altname": null, "com_area_code": "ITA", "com_capoluogo": "No", "com_code": "22230", "com_name": "Predaia", "com_name_lower": "predaia", "com_name_upper": "PREDAIA", "com_type": "Comune", "geo_point_2d": { "lat": 46.327814617513, "lon": 11.119597680901864 }, "prov_code": "22", "prov_name": "Trento", "reg_code": "4", "reg_name": "Trentino-Alto Adige", "rip_code": "2", "rip_name": "Nord-Est", "year": "2022" }, "geometry": { "type": "Polygon", "coordinates": [ [ [ 11.083237, 46.369249 ], [ 11.081705, 46.367765 ], [ 11.079968, 46.36696 ], [ 11.080208, 46.366573 ], [ 11.078631, 46.364658 ], [ 11.075094, 46.362463 ], [ 11.073648, 46.35974 ], [ 11.073009, 46.359409 ], [ 11.071628, 46.359358 ], [ 11.068898, 46.35682 ], [ 11.068375, 46.354111 ], [ 11.065871, 46.354283 ], [ 11.063373, 46.354904 ], [ 11.061211, 46.355168 ], [ 11.058422, 46.356068 ], [ 11.057856, 46.355345 ], [ 11.059028, 46.352854 ], [ 11.058976, 46.351775 ], [ 11.060395, 46.349112 ], [ 11.061401, 46.348432 ], [ 11.061853, 46.347137 ], [ 11.061602, 46.346233 ], [ 11.060069, 46.343587 ], [ 11.058093, 46.342322 ], [ 11.058057, 46.341225 ], [ 11.058479, 46.340583 ], [ 11.058086, 46.339555 ], [ 11.057276, 46.338688 ], [ 11.05709, 46.337984 ], [ 11.057529, 46.337131 ], [ 11.058911, 46.336129 ], [ 11.059124, 46.334582 ], [ 11.058892, 46.332206 ], [ 11.060308, 46.331793 ], [ 11.060129, 46.330667 ], [ 11.059559, 46.32975 ], [ 11.058044, 46.328846 ], [ 11.058802, 46.327599 ], [ 11.057145, 46.326585 ], [ 11.056367, 46.324718 ], [ 11.057035, 46.324247 ], [ 11.058749, 46.324117 ], [ 11.058033, 46.321628 ], [ 11.058098, 46.320529 ], [ 11.059222, 46.320257 ], [ 11.059518, 46.318118 ], [ 11.060212, 46.316198 ], [ 11.06149, 46.315581 ], [ 11.06301, 46.314257 ], [ 11.064543, 46.313406 ], [ 11.063432, 46.312616 ], [ 11.063935, 46.311698 ], [ 11.063829, 46.311079 ], [ 11.064409, 46.309984 ], [ 11.065203, 46.309317 ], [ 11.06425, 46.306301 ], [ 11.064693, 46.304696 ], [ 11.064172, 46.303877 ], [ 11.064681, 46.30313 ], [ 11.064801, 46.301157 ], [ 11.064279, 46.300509 ], [ 11.063058, 46.299865 ], [ 11.061106, 46.299225 ], [ 11.061205, 46.298535 ], [ 11.062167, 46.296605 ], [ 11.063364, 46.296116 ], [ 11.064335, 46.294618 ], [ 11.064217, 46.293045 ], [ 11.062537, 46.292292 ], [ 11.061573, 46.29168 ], [ 11.062066, 46.290901 ], [ 11.061744, 46.289336 ], [ 11.060348, 46.288273 ], [ 11.06067, 46.287092 ], [ 11.059836, 46.285622 ], [ 11.060004, 46.284206 ], [ 11.058641, 46.282485 ], [ 11.056866, 46.277949 ], [ 11.059914, 46.276481 ], [ 11.060704, 46.275756 ], [ 11.061128, 46.274682 ], [ 11.060891, 46.271653 ], [ 11.062076, 46.270498 ], [ 11.063733, 46.271345 ], [ 11.066065, 46.271659 ], [ 11.06597, 46.272128 ], [ 11.067686, 46.272835 ], [ 11.068634, 46.273502 ], [ 11.06846, 46.274473 ], [ 11.070212, 46.275908 ], [ 11.070968, 46.277407 ], [ 11.070777, 46.2784 ], [ 11.070073, 46.278719 ], [ 11.070463, 46.280264 ], [ 11.071054, 46.280627 ], [ 11.073632, 46.28058 ], [ 11.074938, 46.280953 ], [ 11.075333, 46.281742 ], [ 11.076764, 46.281545 ], [ 11.077099, 46.281863 ], [ 11.078818, 46.282079 ], [ 11.080093, 46.281655 ], [ 11.082686, 46.281307 ], [ 11.084475, 46.280914 ], [ 11.085461, 46.281522 ], [ 11.086597, 46.281406 ], [ 11.087504, 46.282096 ], [ 11.089895, 46.282494 ], [ 11.091194, 46.283374 ], [ 11.092119, 46.284649 ], [ 11.094218, 46.285659 ], [ 11.095653, 46.285795 ], [ 11.097918, 46.28506 ], [ 11.099157, 46.286374 ], [ 11.104086, 46.284771 ], [ 11.105465, 46.285664 ], [ 11.107521, 46.286616 ], [ 11.109088, 46.287536 ], [ 11.109311, 46.288099 ], [ 11.112055, 46.289597 ], [ 11.112747, 46.288841 ], [ 11.113712, 46.289679 ], [ 11.114953, 46.290083 ], [ 11.116885, 46.289593 ], [ 11.117531, 46.288843 ], [ 11.120714, 46.287929 ], [ 11.122036, 46.286779 ], [ 11.12282, 46.286499 ], [ 11.123629, 46.287812 ], [ 11.124588, 46.287987 ], [ 11.12913, 46.28685 ], [ 11.130718, 46.285502 ], [ 11.134238, 46.284991 ], [ 11.138811, 46.28333 ], [ 11.139083, 46.283896 ], [ 11.14131, 46.286348 ], [ 11.142755, 46.287117 ], [ 11.143672, 46.288392 ], [ 11.145537, 46.288235 ], [ 11.145863, 46.287901 ], [ 11.14748, 46.288554 ], [ 11.149648, 46.288185 ], [ 11.15063, 46.288796 ], [ 11.152094, 46.2888 ], [ 11.15261, 46.289632 ], [ 11.154362, 46.289482 ], [ 11.156233, 46.289564 ], [ 11.157709, 46.28927 ], [ 11.15973, 46.28989 ], [ 11.160498, 46.291103 ], [ 11.161676, 46.29167 ], [ 11.162965, 46.290751 ], [ 11.162656, 46.292448 ], [ 11.16341, 46.295328 ], [ 11.163845, 46.296219 ], [ 11.165421, 46.297787 ], [ 11.167649, 46.29806 ], [ 11.167965, 46.298756 ], [ 11.169643, 46.299395 ], [ 11.172197, 46.29976 ], [ 11.176986, 46.302517 ], [ 11.177719, 46.303268 ], [ 11.177899, 46.305128 ], [ 11.177329, 46.305346 ], [ 11.179179, 46.30811 ], [ 11.179861, 46.310854 ], [ 11.181542, 46.312007 ], [ 11.183355, 46.313925 ], [ 11.183981, 46.314921 ], [ 11.184178, 46.316168 ], [ 11.186455, 46.318289 ], [ 11.186635, 46.319114 ], [ 11.186167, 46.32068 ], [ 11.188278, 46.320234 ], [ 11.189415, 46.32046 ], [ 11.190593, 46.321131 ], [ 11.190571, 46.322778 ], [ 11.189417, 46.323503 ], [ 11.188326, 46.325886 ], [ 11.188424, 46.326356 ], [ 11.190071, 46.32745 ], [ 11.192231, 46.327863 ], [ 11.193228, 46.32864 ], [ 11.194421, 46.32882 ], [ 11.195479, 46.329542 ], [ 11.197341, 46.331707 ], [ 11.197693, 46.333338 ], [ 11.199232, 46.335428 ], [ 11.199335, 46.336227 ], [ 11.200183, 46.337795 ], [ 11.201474, 46.338931 ], [ 11.202027, 46.339915 ], [ 11.203555, 46.341838 ], [ 11.203562, 46.342371 ], [ 11.202993, 46.344204 ], [ 11.202409, 46.345348 ], [ 11.202637, 46.346738 ], [ 11.201249, 46.348205 ], [ 11.20135, 46.350071 ], [ 11.198967, 46.349558 ], [ 11.198441, 46.34938 ], [ 11.196167, 46.34743 ], [ 11.193473, 46.344489 ], [ 11.189954, 46.341195 ], [ 11.188442, 46.340297 ], [ 11.184689, 46.338911 ], [ 11.182582, 46.338438 ], [ 11.180697, 46.338906 ], [ 11.177595, 46.339051 ], [ 11.173595, 46.338371 ], [ 11.171656, 46.337805 ], [ 11.167894, 46.338056 ], [ 11.16643, 46.338331 ], [ 11.162596, 46.340159 ], [ 11.161142, 46.34065 ], [ 11.160002, 46.340748 ], [ 11.156494, 46.341408 ], [ 11.155702, 46.341792 ], [ 11.151486, 46.342281 ], [ 11.149171, 46.342316 ], [ 11.148691, 46.341834 ], [ 11.147073, 46.342994 ], [ 11.14531, 46.343644 ], [ 11.143887, 46.344593 ], [ 11.14228, 46.345186 ], [ 11.140375, 46.345235 ], [ 11.139386, 46.34483 ], [ 11.137906, 46.344822 ], [ 11.136965, 46.34551 ], [ 11.134787, 46.345938 ], [ 11.130192, 46.346644 ], [ 11.126842, 46.347377 ], [ 11.125186, 46.34757 ], [ 11.123473, 46.348052 ], [ 11.123547, 46.347034 ], [ 11.128026, 46.3434 ], [ 11.130549, 46.341035 ], [ 11.132527, 46.338348 ], [ 11.134913, 46.335338 ], [ 11.135541, 46.334147 ], [ 11.136122, 46.330896 ], [ 11.136903, 46.329586 ], [ 11.138597, 46.328042 ], [ 11.13871, 46.327441 ], [ 11.139636, 46.326344 ], [ 11.139925, 46.325551 ], [ 11.13963, 46.324522 ], [ 11.140096, 46.323302 ], [ 11.139531, 46.322467 ], [ 11.136542, 46.321456 ], [ 11.135468, 46.32243 ], [ 11.134012, 46.322917 ], [ 11.13202, 46.322549 ], [ 11.130507, 46.322752 ], [ 11.128842, 46.323486 ], [ 11.126788, 46.323956 ], [ 11.125679, 46.324633 ], [ 11.12228, 46.325376 ], [ 11.121209, 46.326363 ], [ 11.121214, 46.327128 ], [ 11.120249, 46.328789 ], [ 11.118321, 46.329968 ], [ 11.116445, 46.330794 ], [ 11.115039, 46.331077 ], [ 11.112398, 46.332318 ], [ 11.111168, 46.332444 ], [ 11.108337, 46.332389 ], [ 11.106889, 46.332667 ], [ 11.107418, 46.334552 ], [ 11.107219, 46.335384 ], [ 11.107572, 46.336817 ], [ 11.108531, 46.337974 ], [ 11.10904, 46.339306 ], [ 11.110874, 46.340653 ], [ 11.111261, 46.341263 ], [ 11.11212, 46.341418 ], [ 11.114697, 46.342576 ], [ 11.11546, 46.343215 ], [ 11.115803, 46.344261 ], [ 11.118279, 46.343932 ], [ 11.119085, 46.344187 ], [ 11.12136, 46.344334 ], [ 11.123855, 46.343788 ], [ 11.123973, 46.344609 ], [ 11.122971, 46.346873 ], [ 11.122232, 46.348053 ], [ 11.121363, 46.348667 ], [ 11.1217, 46.35069 ], [ 11.123758, 46.352821 ], [ 11.126141, 46.354221 ], [ 11.127307, 46.354038 ], [ 11.127955, 46.354422 ], [ 11.131705, 46.352921 ], [ 11.134607, 46.354766 ], [ 11.136934, 46.356059 ], [ 11.138551, 46.354678 ], [ 11.140675, 46.350958 ], [ 11.141845, 46.349752 ], [ 11.142011, 46.34911 ], [ 11.144434, 46.34911 ], [ 11.144796, 46.349773 ], [ 11.147801, 46.352826 ], [ 11.1482, 46.353944 ], [ 11.149595, 46.355164 ], [ 11.150924, 46.354779 ], [ 11.15371, 46.355766 ], [ 11.154229, 46.354451 ], [ 11.153403, 46.354067 ], [ 11.152966, 46.353319 ], [ 11.150959, 46.352664 ], [ 11.151987, 46.351492 ], [ 11.151219, 46.35022 ], [ 11.151708, 46.34918 ], [ 11.153368, 46.349171 ], [ 11.154534, 46.349518 ], [ 11.155816, 46.34917 ], [ 11.155803, 46.349953 ], [ 11.157235, 46.351155 ], [ 11.158328, 46.351773 ], [ 11.160234, 46.353627 ], [ 11.161878, 46.355878 ], [ 11.162557, 46.356144 ], [ 11.164046, 46.354144 ], [ 11.165171, 46.353831 ], [ 11.167356, 46.356201 ], [ 11.168291, 46.356022 ], [ 11.169346, 46.356681 ], [ 11.169695, 46.357655 ], [ 11.171691, 46.357829 ], [ 11.172559, 46.358173 ], [ 11.174293, 46.357987 ], [ 11.175462, 46.357627 ], [ 11.178147, 46.357472 ], [ 11.178653, 46.356554 ], [ 11.179587, 46.35654 ], [ 11.182617, 46.358422 ], [ 11.184609, 46.359396 ], [ 11.188925, 46.359435 ], [ 11.18795, 46.359845 ], [ 11.179966, 46.362675 ], [ 11.178482, 46.361696 ], [ 11.172857, 46.364822 ], [ 11.170095, 46.366616 ], [ 11.169624, 46.365991 ], [ 11.168349, 46.366339 ], [ 11.167252, 46.365973 ], [ 11.166052, 46.366747 ], [ 11.164639, 46.36663 ], [ 11.164223, 46.369198 ], [ 11.163506, 46.371727 ], [ 11.163296, 46.373318 ], [ 11.162724, 46.373898 ], [ 11.159865, 46.374928 ], [ 11.156769, 46.375653 ], [ 11.15515, 46.376309 ], [ 11.152066, 46.378401 ], [ 11.147998, 46.382086 ], [ 11.14733, 46.382468 ], [ 11.141066, 46.384286 ], [ 11.139023, 46.384289 ], [ 11.13565, 46.38293 ], [ 11.132261, 46.38306 ], [ 11.130305, 46.383308 ], [ 11.127682, 46.382453 ], [ 11.125249, 46.382075 ], [ 11.124275, 46.381693 ], [ 11.12499, 46.380068 ], [ 11.124865, 46.377672 ], [ 11.12339, 46.376493 ], [ 11.123116, 46.375864 ], [ 11.123218, 46.374233 ], [ 11.122462, 46.373424 ], [ 11.120592, 46.372549 ], [ 11.119284, 46.372236 ], [ 11.114688, 46.371786 ], [ 11.1121, 46.369813 ], [ 11.109337, 46.37017 ], [ 11.107493, 46.369709 ], [ 11.1039, 46.369339 ], [ 11.102594, 46.368886 ], [ 11.10139, 46.368148 ], [ 11.099666, 46.368386 ], [ 11.098057, 46.369077 ], [ 11.096741, 46.369286 ], [ 11.095166, 46.36873 ], [ 11.092688, 46.368186 ], [ 11.091551, 46.36831 ], [ 11.090307, 46.368868 ], [ 11.086953, 46.368813 ], [ 11.084931, 46.368336 ], [ 11.083237, 46.369249 ] ] ] } },
{ "type": "Feature", "properties": { "com_altname": null, "com_area_code": "ITA", "com_capoluogo": "No", "com_code": "22095", "com_name": "Grigno", "com_name_lower": "grigno", "com_name_upper": "GRIGNO", "com_type": "Comune", "geo_point_2d": { "lat": 45.99386780230493, "lon": 11.63240908637325 }, "prov_code": "22", "prov_name": "Trento", "reg_code": "4", "reg_name": "Trentino-Alto Adige", "rip_code": "2", "rip_name": "Nord-Est", "year": "2022" }, "geometry": { "type": "Polygon", "coordinates": [ [ [ 11.63083, 46.027095 ], [ 11.629699, 46.025912 ], [ 11.628009, 46.024848 ], [ 11.62606, 46.024189 ], [ 11.625374, 46.02335 ], [ 11.626956, 46.021743 ], [ 11.626672, 46.021376 ], [ 11.624127, 46.020771 ], [ 11.622822, 46.02107 ], [ 11.621136, 46.020892 ], [ 11.619202, 46.021145 ], [ 11.610589, 46.023797 ], [ 11.608052, 46.024696 ], [ 11.605697, 46.026071 ], [ 11.604185, 46.027431 ], [ 11.600679, 46.029826 ], [ 11.600338, 46.030749 ], [ 11.599487, 46.031755 ], [ 11.595646, 46.027318 ], [ 11.593363, 46.024884 ], [ 11.593273, 46.024341 ], [ 11.592097, 46.022226 ], [ 11.589408, 46.016795 ], [ 11.587431, 46.013579 ], [ 11.586855, 46.01305 ], [ 11.584615, 46.009161 ], [ 11.580299, 46.008984 ], [ 11.57723, 46.00652 ], [ 11.579827, 46.000765 ], [ 11.581989, 45.99257 ], [ 11.587592, 45.968997 ], [ 11.591745, 45.969479 ], [ 11.594245, 45.971321 ], [ 11.597868, 45.972067 ], [ 11.598716, 45.971697 ], [ 11.602306, 45.970913 ], [ 11.602895, 45.970539 ], [ 11.60909, 45.969417 ], [ 11.610988, 45.967511 ], [ 11.611814, 45.966403 ], [ 11.614189, 45.966913 ], [ 11.615968, 45.969107 ], [ 11.616609, 45.969486 ], [ 11.618654, 45.971583 ], [ 11.620924, 45.971556 ], [ 11.623326, 45.969658 ], [ 11.630679, 45.969379 ], [ 11.627608, 45.960641 ], [ 11.635297, 45.961354 ], [ 11.638829, 45.962073 ], [ 11.642124, 45.963239 ], [ 11.644109, 45.963733 ], [ 11.645974, 45.963861 ], [ 11.649306, 45.964729 ], [ 11.650512, 45.964845 ], [ 11.652321, 45.965433 ], [ 11.655913, 45.964692 ], [ 11.657053, 45.964783 ], [ 11.659483, 45.964582 ], [ 11.662778, 45.964929 ], [ 11.664489, 45.964826 ], [ 11.666545, 45.964103 ], [ 11.667952, 45.963836 ], [ 11.671579, 45.964363 ], [ 11.67323, 45.964351 ], [ 11.674413, 45.964801 ], [ 11.679523, 45.967705 ], [ 11.682666, 45.968918 ], [ 11.685804, 45.969286 ], [ 11.685964, 45.970339 ], [ 11.685572, 45.971501 ], [ 11.684523, 45.972804 ], [ 11.683586, 45.974755 ], [ 11.682315, 45.975891 ], [ 11.685501, 45.977845 ], [ 11.685151, 45.979893 ], [ 11.683846, 45.980801 ], [ 11.683985, 45.983768 ], [ 11.684284, 45.984078 ], [ 11.687926, 45.987165 ], [ 11.690005, 45.988807 ], [ 11.688109, 45.990696 ], [ 11.687431, 45.992555 ], [ 11.686538, 45.994352 ], [ 11.685296, 45.99512 ], [ 11.684001, 45.996667 ], [ 11.681673, 45.999112 ], [ 11.678538, 46.002864 ], [ 11.677651, 46.002686 ], [ 11.676367, 46.001906 ], [ 11.676884, 46.003759 ], [ 11.677499, 46.004958 ], [ 11.675727, 46.006812 ], [ 11.674769, 46.010098 ], [ 11.671004, 46.01065 ], [ 11.671645, 46.012137 ], [ 11.673189, 46.013226 ], [ 11.673343, 46.01379 ], [ 11.671331, 46.0144 ], [ 11.668737, 46.015594 ], [ 11.66665, 46.017099 ], [ 11.665476, 46.016249 ], [ 11.664313, 46.013985 ], [ 11.663766, 46.013255 ], [ 11.662026, 46.012917 ], [ 11.661275, 46.013048 ], [ 11.660774, 46.013901 ], [ 11.661354, 46.014492 ], [ 11.660902, 46.015262 ], [ 11.657438, 46.015549 ], [ 11.65601, 46.01541 ], [ 11.651958, 46.018075 ], [ 11.651644, 46.020749 ], [ 11.651267, 46.021105 ], [ 11.648646, 46.021963 ], [ 11.646758, 46.023829 ], [ 11.645525, 46.026657 ], [ 11.644526, 46.026993 ], [ 11.643272, 46.028698 ], [ 11.641037, 46.029482 ], [ 11.639892, 46.030083 ], [ 11.639808, 46.028692 ], [ 11.638593, 46.025833 ], [ 11.637537, 46.024485 ], [ 11.636444, 46.02264 ], [ 11.635681, 46.02283 ], [ 11.634379, 46.024307 ], [ 11.631943, 46.026064 ], [ 11.63083, 46.027095 ] ] ] } },
{ "type": "Feature", "properties": { "com_altname": null, "com_area_code": "ITA", "com_capoluogo": "No", "com_code": "22071", "com_name": "Dambel", "com_name_lower": "dambel", "com_name_upper": "DAMBEL", "com_type": "Comune", "geo_point_2d": { "lat": 46.40249656673879, "lon": 11.096152594219454 }, "prov_code": "22", "prov_name": "Trento", "reg_code": "4", "reg_name": "Trentino-Alto Adige", "rip_code": "2", "rip_name": "Nord-Est", "year": "2022" }, "geometry": { "type": "Polygon", "coordinates": [ [ [ 11.121548, 46.406925 ], [ 11.117579, 46.408718 ], [ 11.114709, 46.410283 ], [ 11.11277, 46.410994 ], [ 11.110418, 46.411609 ], [ 11.108066, 46.412624 ], [ 11.106641, 46.413001 ], [ 11.105329, 46.413642 ], [ 11.101699, 46.414537 ], [ 11.10104, 46.415089 ], [ 11.099583, 46.41553 ], [ 11.098485, 46.414848 ], [ 11.097473, 46.4147 ], [ 11.09638, 46.413869 ], [ 11.094981, 46.412194 ], [ 11.093282, 46.411235 ], [ 11.091232, 46.410922 ], [ 11.090799, 46.409841 ], [ 11.088342, 46.408914 ], [ 11.088385, 46.407963 ], [ 11.087985, 46.407197 ], [ 11.086839, 46.406331 ], [ 11.085908, 46.405988 ], [ 11.085023, 46.406175 ], [ 11.08172, 46.4064 ], [ 11.080589, 46.405303 ], [ 11.079151, 46.404411 ], [ 11.078642, 46.403351 ], [ 11.077853, 46.402704 ], [ 11.077474, 46.401826 ], [ 11.077926, 46.401134 ], [ 11.077366, 46.400165 ], [ 11.07854, 46.4002 ], [ 11.077924, 46.398911 ], [ 11.078098, 46.397967 ], [ 11.078827, 46.39727 ], [ 11.078707, 46.396084 ], [ 11.078954, 46.394185 ], [ 11.078408, 46.393205 ], [ 11.079067, 46.392401 ], [ 11.080058, 46.391105 ], [ 11.082302, 46.389971 ], [ 11.083809, 46.390267 ], [ 11.084567, 46.392058 ], [ 11.086027, 46.392787 ], [ 11.089175, 46.391654 ], [ 11.090488, 46.39078 ], [ 11.092303, 46.390589 ], [ 11.093291, 46.391422 ], [ 11.096533, 46.39129 ], [ 11.098466, 46.391408 ], [ 11.099971, 46.392219 ], [ 11.10147, 46.393553 ], [ 11.102091, 46.394496 ], [ 11.102053, 46.395099 ], [ 11.102967, 46.39605 ], [ 11.107408, 46.398875 ], [ 11.110108, 46.402196 ], [ 11.112066, 46.403496 ], [ 11.115813, 46.405384 ], [ 11.116134, 46.405743 ], [ 11.117904, 46.40634 ], [ 11.121548, 46.406925 ] ] ] } },
{ "type": "Feature", "properties": { "com_altname": null, "com_area_code": "ITA", "com_capoluogo": "No", "com_code": "22226", "com_name": "Ziano di Fiemme", "com_name_lower": "ziano di fiemme", "com_name_upper": "ZIANO DI FIEMME", "com_type": "Comune", "geo_point_2d": { "lat": 46.269632990224856, "lon": 11.58272323480077 }, "prov_code": "22", "prov_name": "Trento", "reg_code": "4", "reg_name": "Trentino-Alto Adige", "rip_code": "2", "rip_name": "Nord-Est", "year": "2022" }, "geometry": { "type": "Polygon", "coordinates": [ [ [ 11.596175, 46.235221 ], [ 11.601345, 46.236768 ], [ 11.603863, 46.238718 ], [ 11.602598, 46.240502 ], [ 11.602514, 46.242007 ], [ 11.602081, 46.242448 ], [ 11.601717, 46.244077 ], [ 11.603154, 46.244845 ], [ 11.605611, 46.244951 ], [ 11.607611, 46.245544 ], [ 11.608016, 46.246156 ], [ 11.60896, 46.249121 ], [ 11.609663, 46.249971 ], [ 11.613536, 46.251475 ], [ 11.61359, 46.252608 ], [ 11.614046, 46.25321 ], [ 11.614394, 46.254786 ], [ 11.616592, 46.255716 ], [ 11.616941, 46.25677 ], [ 11.61682, 46.25779 ], [ 11.617356, 46.259227 ], [ 11.619367, 46.260306 ], [ 11.621417, 46.261114 ], [ 11.625196, 46.259821 ], [ 11.625004, 46.260445 ], [ 11.625365, 46.263235 ], [ 11.624677, 46.264569 ], [ 11.624366, 46.265805 ], [ 11.623929, 46.26606 ], [ 11.622556, 46.268375 ], [ 11.621699, 46.269462 ], [ 11.621131, 46.271698 ], [ 11.621306, 46.272915 ], [ 11.622191, 46.275591 ], [ 11.621666, 46.278202 ], [ 11.619707, 46.279129 ], [ 11.619074, 46.281529 ], [ 11.617784, 46.282336 ], [ 11.616267, 46.282764 ], [ 11.615869, 46.283554 ], [ 11.61417, 46.285316 ], [ 11.61442, 46.286225 ], [ 11.612815, 46.288904 ], [ 11.612536, 46.290148 ], [ 11.611469, 46.291545 ], [ 11.610537, 46.293347 ], [ 11.609127, 46.293771 ], [ 11.608511, 46.293495 ], [ 11.60621, 46.293908 ], [ 11.605321, 46.294939 ], [ 11.60359, 46.293932 ], [ 11.6022, 46.292323 ], [ 11.599545, 46.29067 ], [ 11.592654, 46.287922 ], [ 11.590352, 46.286721 ], [ 11.589702, 46.285575 ], [ 11.589065, 46.285984 ], [ 11.586867, 46.286431 ], [ 11.586333, 46.287165 ], [ 11.586718, 46.288502 ], [ 11.584852, 46.290779 ], [ 11.58555, 46.291513 ], [ 11.588523, 46.293691 ], [ 11.589351, 46.294439 ], [ 11.586389, 46.299293 ], [ 11.587357, 46.299829 ], [ 11.583588, 46.302228 ], [ 11.582159, 46.303265 ], [ 11.582824, 46.306819 ], [ 11.577081, 46.307403 ], [ 11.575139, 46.307816 ], [ 11.574091, 46.309 ], [ 11.571571, 46.310938 ], [ 11.570655, 46.311337 ], [ 11.569386, 46.313075 ], [ 11.567755, 46.314318 ], [ 11.567306, 46.314994 ], [ 11.566954, 46.316631 ], [ 11.567059, 46.318042 ], [ 11.566621, 46.318942 ], [ 11.563942, 46.3211 ], [ 11.563858, 46.321804 ], [ 11.560104, 46.325146 ], [ 11.560285, 46.3257 ], [ 11.5592, 46.326669 ], [ 11.557537, 46.32694 ], [ 11.556929, 46.325595 ], [ 11.557222, 46.321025 ], [ 11.557532, 46.319596 ], [ 11.557219, 46.319009 ], [ 11.557713, 46.3179 ], [ 11.557472, 46.316637 ], [ 11.557558, 46.314295 ], [ 11.558016, 46.313528 ], [ 11.55816, 46.31105 ], [ 11.557415, 46.308151 ], [ 11.556509, 46.306002 ], [ 11.554413, 46.305617 ], [ 11.552384, 46.303862 ], [ 11.5516, 46.302655 ], [ 11.55088, 46.299119 ], [ 11.550454, 46.297781 ], [ 11.550238, 46.295931 ], [ 11.550082, 46.291314 ], [ 11.549742, 46.288157 ], [ 11.550855, 46.288056 ], [ 11.551125, 46.287562 ], [ 11.553421, 46.287187 ], [ 11.552438, 46.284716 ], [ 11.553443, 46.282147 ], [ 11.552287, 46.281678 ], [ 11.552844, 46.280622 ], [ 11.551802, 46.279199 ], [ 11.550678, 46.279267 ], [ 11.548847, 46.279839 ], [ 11.548588, 46.27757 ], [ 11.549918, 46.274316 ], [ 11.552229, 46.271159 ], [ 11.554617, 46.265377 ], [ 11.558327, 46.262494 ], [ 11.559498, 46.261711 ], [ 11.563402, 46.257 ], [ 11.564665, 46.256685 ], [ 11.565772, 46.255273 ], [ 11.567688, 46.254558 ], [ 11.5688, 46.253738 ], [ 11.57145, 46.249734 ], [ 11.572035, 46.249119 ], [ 11.572866, 46.244069 ], [ 11.573226, 46.243509 ], [ 11.567312, 46.238172 ], [ 11.56677, 46.237512 ], [ 11.566709, 46.234565 ], [ 11.566201, 46.233148 ], [ 11.565098, 46.232559 ], [ 11.562852, 46.227362 ], [ 11.562489, 46.226266 ], [ 11.561421, 46.225868 ], [ 11.55848, 46.225382 ], [ 11.559114, 46.223772 ], [ 11.558803, 46.222055 ], [ 11.562616, 46.22049 ], [ 11.563945, 46.220168 ], [ 11.567332, 46.220071 ], [ 11.567728, 46.219817 ], [ 11.57173, 46.219169 ], [ 11.574578, 46.220456 ], [ 11.580032, 46.222624 ], [ 11.585804, 46.22502 ], [ 11.588634, 46.227727 ], [ 11.593921, 46.233061 ], [ 11.596175, 46.235221 ] ] ] } },
{ "type": "Feature", "properties": { "com_altname": null, "com_area_code": "ITA", "com_capoluogo": "No", "com_code": "22124", "com_name": "Nago-Torbole", "com_name_lower": "nago-torbole", "com_name_upper": "NAGO-TORBOLE", "com_type": "Comune", "geo_point_2d": { "lat": 45.8507791080826, "lon": 10.88126791789083 }, "prov_code": "22", "prov_name": "Trento", "reg_code": "4", "reg_name": "Trentino-Alto Adige", "rip_code": "2", "rip_name": "Nord-Est", "year": "2022" }, "geometry": { "type": "Polygon", "coordinates": [ [ [ 10.857957, 45.864379 ], [ 10.853207, 45.855386 ], [ 10.849882, 45.849088 ], [ 10.841273, 45.832377 ], [ 10.857059, 45.827073 ], [ 10.870062, 45.822135 ], [ 10.876534, 45.819519 ], [ 10.878975, 45.818461 ], [ 10.883404, 45.816972 ], [ 10.882511, 45.815137 ], [ 10.883028, 45.814695 ], [ 10.884736, 45.814468 ], [ 10.885821, 45.813694 ], [ 10.88726, 45.812239 ], [ 10.88757, 45.811164 ], [ 10.886697, 45.810036 ], [ 10.885488, 45.809146 ], [ 10.883251, 45.807949 ], [ 10.881073, 45.806167 ], [ 10.884455, 45.805732 ], [ 10.886651, 45.806066 ], [ 10.888503, 45.808229 ], [ 10.889072, 45.809911 ], [ 10.891978, 45.812205 ], [ 10.891676, 45.816341 ], [ 10.893367, 45.818218 ], [ 10.895848, 45.819206 ], [ 10.896687, 45.821859 ], [ 10.89858, 45.822817 ], [ 10.904156, 45.825313 ], [ 10.903596, 45.826635 ], [ 10.897829, 45.826459 ], [ 10.897029, 45.826992 ], [ 10.89651, 45.828404 ], [ 10.898272, 45.831648 ], [ 10.898783, 45.834101 ], [ 10.899212, 45.834741 ], [ 10.899293, 45.835805 ], [ 10.90018, 45.837429 ], [ 10.899895, 45.838239 ], [ 10.900873, 45.839108 ], [ 10.9016, 45.842513 ], [ 10.902026, 45.843048 ], [ 10.904512, 45.844155 ], [ 10.906095, 45.847331 ], [ 10.906812, 45.849941 ], [ 10.90797, 45.851715 ], [ 10.908864, 45.853543 ], [ 10.909791, 45.854248 ], [ 10.909925, 45.855912 ], [ 10.910379, 45.857304 ], [ 10.910477, 45.858889 ], [ 10.911862, 45.860364 ], [ 10.913553, 45.862522 ], [ 10.914439, 45.862953 ], [ 10.916336, 45.864823 ], [ 10.915389, 45.865793 ], [ 10.914924, 45.866802 ], [ 10.914991, 45.867675 ], [ 10.914117, 45.868278 ], [ 10.913135, 45.868296 ], [ 10.912647, 45.868946 ], [ 10.913189, 45.869432 ], [ 10.915641, 45.869115 ], [ 10.91622, 45.869536 ], [ 10.912165, 45.871739 ], [ 10.91215, 45.871057 ], [ 10.913316, 45.870736 ], [ 10.913118, 45.869604 ], [ 10.912377, 45.86969 ], [ 10.911251, 45.87079 ], [ 10.910435, 45.870337 ], [ 10.909027, 45.870087 ], [ 10.90988, 45.872361 ], [ 10.910998, 45.8727 ], [ 10.914448, 45.871277 ], [ 10.915891, 45.871033 ], [ 10.91706, 45.873129 ], [ 10.919342, 45.873901 ], [ 10.918167, 45.875169 ], [ 10.917061, 45.87571 ], [ 10.916721, 45.876488 ], [ 10.91564, 45.877113 ], [ 10.911919, 45.878016 ], [ 10.90731, 45.878842 ], [ 10.905128, 45.878753 ], [ 10.902289, 45.879794 ], [ 10.901348, 45.880317 ], [ 10.900079, 45.880086 ], [ 10.898446, 45.8803 ], [ 10.897723, 45.880723 ], [ 10.896111, 45.881016 ], [ 10.895604, 45.88192 ], [ 10.898106, 45.881714 ], [ 10.898992, 45.882172 ], [ 10.90041, 45.881923 ], [ 10.901745, 45.882004 ], [ 10.903919, 45.881831 ], [ 10.904606, 45.884037 ], [ 10.90258, 45.884466 ], [ 10.899198, 45.884785 ], [ 10.89813, 45.885665 ], [ 10.898186, 45.886122 ], [ 10.89557, 45.886443 ], [ 10.890695, 45.88687 ], [ 10.887105, 45.887636 ], [ 10.883966, 45.887598 ], [ 10.882291, 45.882971 ], [ 10.882288, 45.881293 ], [ 10.881132, 45.879644 ], [ 10.879887, 45.880388 ], [ 10.878762, 45.879447 ], [ 10.878022, 45.879354 ], [ 10.877562, 45.878517 ], [ 10.875767, 45.876959 ], [ 10.875001, 45.876821 ], [ 10.873414, 45.877373 ], [ 10.86969, 45.874151 ], [ 10.867246, 45.873853 ], [ 10.866995, 45.875058 ], [ 10.866013, 45.876381 ], [ 10.864637, 45.877024 ], [ 10.857957, 45.864379 ] ] ] } },
{ "type": "Feature", "properties": { "com_altname": null, "com_area_code": "ITA", "com_capoluogo": "No", "com_code": "22228", "com_name": "Comano Terme", "com_name_lower": "comano terme", "com_name_upper": "COMANO TERME", "com_type": "Comune", "geo_point_2d": { "lat": 46.04529040477632, "lon": 10.862395454108608 }, "prov_code": "22", "prov_name": "Trento", "reg_code": "4", "reg_name": "Trentino-Alto Adige", "rip_code": "2", "rip_name": "Nord-Est", "year": "2022" }, "geometry": { "type": "MultiPolygon", "coordinates": [ [ [ [ 10.814599, 46.053835 ], [ 10.81262, 46.054095 ], [ 10.810639, 46.053853 ], [ 10.80873, 46.054049 ], [ 10.807697, 46.054472 ], [ 10.806814, 46.052695 ], [ 10.804725, 46.0525 ], [ 10.803048, 46.051517 ], [ 10.803595, 46.049816 ], [ 10.803462, 46.045707 ], [ 10.803607, 46.044914 ], [ 10.805856, 46.044336 ], [ 10.808287, 46.044893 ], [ 10.810414, 46.045143 ], [ 10.81255, 46.04509 ], [ 10.814393, 46.044764 ], [ 10.820873, 46.043954 ], [ 10.824113, 46.044215 ], [ 10.826898, 46.044781 ], [ 10.828472, 46.044638 ], [ 10.831087, 46.044755 ], [ 10.832805, 46.045054 ], [ 10.833415, 46.04428 ], [ 10.833102, 46.042905 ], [ 10.832536, 46.041687 ], [ 10.832502, 46.040504 ], [ 10.831018, 46.038596 ], [ 10.830816, 46.037365 ], [ 10.830077, 46.035692 ], [ 10.830011, 46.034995 ], [ 10.829224, 46.034288 ], [ 10.8281, 46.034112 ], [ 10.826497, 46.033203 ], [ 10.829082, 46.032639 ], [ 10.830072, 46.031671 ], [ 10.830912, 46.031421 ], [ 10.833503, 46.031669 ], [ 10.835126, 46.031986 ], [ 10.835293, 46.029994 ], [ 10.834148, 46.02855 ], [ 10.83394, 46.027756 ], [ 10.835232, 46.027384 ], [ 10.839614, 46.025054 ], [ 10.841815, 46.024334 ], [ 10.844798, 46.024384 ], [ 10.844468, 46.023526 ], [ 10.844804, 46.022444 ], [ 10.844365, 46.021927 ], [ 10.844073, 46.020642 ], [ 10.84279, 46.020045 ], [ 10.84325, 46.018387 ], [ 10.845722, 46.018853 ], [ 10.846581, 46.018528 ], [ 10.84734, 46.019341 ], [ 10.850449, 46.020442 ], [ 10.851376, 46.020233 ], [ 10.851959, 46.020974 ], [ 10.852811, 46.02117 ], [ 10.855488, 46.021171 ], [ 10.856592, 46.021903 ], [ 10.858352, 46.022112 ], [ 10.858698, 46.021503 ], [ 10.858541, 46.020409 ], [ 10.856486, 46.017589 ], [ 10.855238, 46.016358 ], [ 10.855143, 46.015271 ], [ 10.853678, 46.013282 ], [ 10.852493, 46.012631 ], [ 10.851237, 46.011111 ], [ 10.852008, 46.009955 ], [ 10.853375, 46.008858 ], [ 10.85534, 46.007697 ], [ 10.856288, 46.007508 ], [ 10.857593, 46.008014 ], [ 10.857776, 46.008434 ], [ 10.859425, 46.008069 ], [ 10.861081, 46.007959 ], [ 10.860866, 46.003329 ], [ 10.861219, 46.001163 ], [ 10.861207, 45.999493 ], [ 10.859627, 45.998912 ], [ 10.859333, 45.998036 ], [ 10.858271, 45.997419 ], [ 10.857946, 45.995613 ], [ 10.857112, 45.99557 ], [ 10.856662, 45.994652 ], [ 10.856571, 45.993348 ], [ 10.856948, 45.99223 ], [ 10.856284, 45.991493 ], [ 10.856145, 45.990377 ], [ 10.854959, 45.988452 ], [ 10.8516, 45.988822 ], [ 10.850835, 45.989862 ], [ 10.849428, 45.988931 ], [ 10.847982, 45.987592 ], [ 10.847289, 45.986608 ], [ 10.844756, 45.985102 ], [ 10.842505, 45.982774 ], [ 10.840786, 45.981556 ], [ 10.839152, 45.978867 ], [ 10.838411, 45.979011 ], [ 10.837129, 45.978571 ], [ 10.835556, 45.977655 ], [ 10.835598, 45.977359 ], [ 10.833591, 45.975515 ], [ 10.833023, 45.97453 ], [ 10.832954, 45.973312 ], [ 10.83323, 45.972153 ], [ 10.834162, 45.971308 ], [ 10.835205, 45.969811 ], [ 10.835724, 45.967756 ], [ 10.835592, 45.962534 ], [ 10.836071, 45.961176 ], [ 10.837076, 45.958873 ], [ 10.839149, 45.957342 ], [ 10.841514, 45.955205 ], [ 10.849346, 45.953966 ], [ 10.852366, 45.95402 ], [ 10.854053, 45.953172 ], [ 10.85766, 45.953646 ], [ 10.859844, 45.95365 ], [ 10.862206, 45.957995 ], [ 10.863842, 45.962517 ], [ 10.864187, 45.963232 ], [ 10.86705, 45.965856 ], [ 10.868636, 45.968075 ], [ 10.869776, 45.969993 ], [ 10.870856, 45.972701 ], [ 10.872428, 45.9722 ], [ 10.872415, 45.971532 ], [ 10.87534, 45.972173 ], [ 10.880037, 45.975388 ], [ 10.882221, 45.976581 ], [ 10.883253, 45.977335 ], [ 10.884706, 45.976899 ], [ 10.885931, 45.97946 ], [ 10.887651, 45.983518 ], [ 10.888983, 45.985657 ], [ 10.89015, 45.985977 ], [ 10.891216, 45.988501 ], [ 10.892105, 45.989921 ], [ 10.895575, 45.988773 ], [ 10.898225, 45.988095 ], [ 10.898879, 45.988924 ], [ 10.899074, 45.989925 ], [ 10.8997, 45.990184 ], [ 10.899507, 45.991369 ], [ 10.901541, 45.993445 ], [ 10.902744, 45.994423 ], [ 10.903299, 45.995291 ], [ 10.904564, 45.995726 ], [ 10.905183, 45.997233 ], [ 10.906122, 45.998071 ], [ 10.907803, 45.998918 ], [ 10.908657, 45.999089 ], [ 10.908711, 46.000067 ], [ 10.909458, 46.000325 ], [ 10.910667, 46.001718 ], [ 10.910011, 46.003516 ], [ 10.911193, 46.00419 ], [ 10.911037, 46.005074 ], [ 10.912177, 46.006991 ], [ 10.911446, 46.007834 ], [ 10.912682, 46.008074 ], [ 10.913321, 46.0088 ], [ 10.913042, 46.009632 ], [ 10.913149, 46.01101 ], [ 10.911591, 46.012721 ], [ 10.911494, 46.015122 ], [ 10.912407, 46.017118 ], [ 10.912542, 46.017935 ], [ 10.913929, 46.020856 ], [ 10.914122, 46.022279 ], [ 10.915316, 46.023668 ], [ 10.91703, 46.023129 ], [ 10.917267, 46.023847 ], [ 10.918319, 46.024172 ], [ 10.920148, 46.023546 ], [ 10.920135, 46.025142 ], [ 10.923123, 46.025395 ], [ 10.924757, 46.026523 ], [ 10.926934, 46.026888 ], [ 10.927406, 46.027403 ], [ 10.928632, 46.030853 ], [ 10.928824, 46.032418 ], [ 10.93029, 46.033925 ], [ 10.931524, 46.034122 ], [ 10.932444, 46.034751 ], [ 10.934307, 46.034848 ], [ 10.935451, 46.035258 ], [ 10.936948, 46.034787 ], [ 10.938196, 46.035988 ], [ 10.939555, 46.035753 ], [ 10.940731, 46.036884 ], [ 10.94062, 46.037788 ], [ 10.938888, 46.039185 ], [ 10.938721, 46.040064 ], [ 10.937892, 46.041927 ], [ 10.937897, 46.043283 ], [ 10.936866, 46.044875 ], [ 10.936148, 46.048203 ], [ 10.934551, 46.048231 ], [ 10.932336, 46.049254 ], [ 10.92977, 46.050951 ], [ 10.929475, 46.050931 ], [ 10.926348, 46.052214 ], [ 10.926174, 46.054436 ], [ 10.923398, 46.05889 ], [ 10.922551, 46.059343 ], [ 10.921348, 46.059167 ], [ 10.921995, 46.060247 ], [ 10.920324, 46.062935 ], [ 10.920411, 46.06417 ], [ 10.918526, 46.064297 ], [ 10.916388, 46.063732 ], [ 10.915633, 46.063309 ], [ 10.913914, 46.063096 ], [ 10.912562, 46.062039 ], [ 10.911369, 46.062031 ], [ 10.909348, 46.060538 ], [ 10.908503, 46.05933 ], [ 10.905882, 46.057804 ], [ 10.904482, 46.05659 ], [ 10.9037, 46.055629 ], [ 10.903449, 46.054745 ], [ 10.900688, 46.052553 ], [ 10.899716, 46.050462 ], [ 10.897508, 46.048706 ], [ 10.89676, 46.047644 ], [ 10.895707, 46.046818 ], [ 10.893618, 46.04654 ], [ 10.891292, 46.04558 ], [ 10.890143, 46.044391 ], [ 10.888433, 46.044176 ], [ 10.886587, 46.042625 ], [ 10.884448, 46.041835 ], [ 10.878425, 46.042072 ], [ 10.877285, 46.041663 ], [ 10.876721, 46.040797 ], [ 10.876715, 46.039685 ], [ 10.875463, 46.037584 ], [ 10.873815, 46.037042 ], [ 10.872535, 46.037417 ], [ 10.869916, 46.037387 ], [ 10.867017, 46.03802 ], [ 10.865544, 46.037854 ], [ 10.862754, 46.037843 ], [ 10.860495, 46.038162 ], [ 10.857918, 46.038814 ], [ 10.854522, 46.039907 ], [ 10.851705, 46.041517 ], [ 10.850658, 46.042863 ], [ 10.850094, 46.044603 ], [ 10.848994, 46.045864 ], [ 10.849098, 46.046909 ], [ 10.848107, 46.04769 ], [ 10.847098, 46.049547 ], [ 10.846285, 46.05145 ], [ 10.841319, 46.052509 ], [ 10.840219, 46.05314 ], [ 10.837893, 46.053517 ], [ 10.836176, 46.053134 ], [ 10.834313, 46.053281 ], [ 10.8323, 46.053958 ], [ 10.830526, 46.053942 ], [ 10.828937, 46.054497 ], [ 10.827497, 46.054413 ], [ 10.824777, 46.053404 ], [ 10.823331, 46.053129 ], [ 10.821848, 46.053512 ], [ 10.820217, 46.053568 ], [ 10.817152, 46.053271 ], [ 10.814599, 46.053835 ] ] ], [ [ [ 10.847785, 46.113341 ], [ 10.848092, 46.114701 ], [ 10.846962, 46.118481 ], [ 10.846922, 46.11954 ], [ 10.847385, 46.120822 ], [ 10.847362, 46.122049 ], [ 10.84786, 46.1236 ], [ 10.847975, 46.125171 ], [ 10.847399, 46.129095 ], [ 10.846976, 46.129943 ], [ 10.845373, 46.130675 ], [ 10.84506, 46.131896 ], [ 10.84338, 46.135682 ], [ 10.844823, 46.136447 ], [ 10.847873, 46.13874 ], [ 10.849755, 46.139821 ], [ 10.853003, 46.142023 ], [ 10.862914, 46.146899 ], [ 10.85953, 46.146801 ], [ 10.858901, 46.146927 ], [ 10.856487, 46.14666 ], [ 10.853063, 46.147194 ], [ 10.847983, 46.147435 ], [ 10.846074, 46.14778 ], [ 10.842478, 46.149098 ], [ 10.839406, 46.149719 ], [ 10.836466, 46.150912 ], [ 10.833251, 46.151851 ], [ 10.829704, 46.153018 ], [ 10.825362, 46.156115 ], [ 10.818098, 46.155836 ], [ 10.815364, 46.157011 ], [ 10.814415, 46.157708 ], [ 10.814287, 46.156321 ], [ 10.813073, 46.154767 ], [ 10.808941, 46.153138 ], [ 10.805321, 46.149102 ], [ 10.803241, 46.148428 ], [ 10.801357, 46.144823 ], [ 10.802455, 46.144867 ], [ 10.800118, 46.14221 ], [ 10.798707, 46.139572 ], [ 10.79814, 46.137603 ], [ 10.799106, 46.136174 ], [ 10.798924, 46.135223 ], [ 10.797993, 46.134874 ], [ 10.795173, 46.131103 ], [ 10.793045, 46.130198 ], [ 10.791455, 46.123339 ], [ 10.791662, 46.122914 ], [ 10.791538, 46.121262 ], [ 10.792109, 46.120204 ], [ 10.792253, 46.119181 ], [ 10.79193, 46.118093 ], [ 10.790311, 46.116642 ], [ 10.790224, 46.115442 ], [ 10.789611, 46.113735 ], [ 10.788219, 46.112748 ], [ 10.787624, 46.111808 ], [ 10.788662, 46.111467 ], [ 10.794723, 46.110098 ], [ 10.796078, 46.109501 ], [ 10.797949, 46.109293 ], [ 10.800419, 46.109329 ], [ 10.803149, 46.110096 ], [ 10.804529, 46.109241 ], [ 10.806736, 46.108829 ], [ 10.809313, 46.107476 ], [ 10.809643, 46.10622 ], [ 10.810553, 46.10544 ], [ 10.811752, 46.105512 ], [ 10.811556, 46.106847 ], [ 10.810399, 46.107982 ], [ 10.809354, 46.110292 ], [ 10.808974, 46.111608 ], [ 10.809446, 46.113701 ], [ 10.808948, 46.114218 ], [ 10.809456, 46.116007 ], [ 10.809055, 46.116563 ], [ 10.809202, 46.118383 ], [ 10.813826, 46.118842 ], [ 10.820817, 46.117204 ], [ 10.823817, 46.116722 ], [ 10.827952, 46.115589 ], [ 10.83124, 46.114548 ], [ 10.833394, 46.11409 ], [ 10.837701, 46.113803 ], [ 10.83885, 46.113503 ], [ 10.841941, 46.113188 ], [ 10.844458, 46.113058 ], [ 10.847785, 46.113341 ] ] ] ] } },
{ "type": "Feature", "properties": { "com_altname": null, "com_area_code": "ITA", "com_capoluogo": "No", "com_code": "22253", "com_name": "Novella", "com_name_lower": "novella", "com_name_upper": "NOVELLA", "com_type": "Comune", "geo_point_2d": { "lat": 46.43070097597929, "lon": 11.070654620911723 }, "prov_code": "22", "prov_name": "Trento", "reg_code": "4", "reg_name": "Trentino-Alto Adige", "rip_code": "2", "rip_name": "Nord-Est", "year": "2022" }, "geometry": { "type": "Polygon", "coordinates": [ [ [ 11.028387, 46.390796 ], [ 11.030129, 46.389645 ], [ 11.034429, 46.389888 ], [ 11.035882, 46.389309 ], [ 11.036476, 46.387759 ], [ 11.03787, 46.387293 ], [ 11.03958, 46.387411 ], [ 11.040675, 46.385358 ], [ 11.041594, 46.384612 ], [ 11.043268, 46.384164 ], [ 11.04558, 46.382871 ], [ 11.045681, 46.381871 ], [ 11.047059, 46.376833 ], [ 11.046958, 46.373248 ], [ 11.046582, 46.371932 ], [ 11.047108, 46.370483 ], [ 11.048085, 46.368751 ], [ 11.049362, 46.367621 ], [ 11.051358, 46.366586 ], [ 11.053718, 46.366364 ], [ 11.053235, 46.367016 ], [ 11.052258, 46.371475 ], [ 11.053284, 46.375268 ], [ 11.053077, 46.376707 ], [ 11.055382, 46.377876 ], [ 11.057403, 46.378024 ], [ 11.057796, 46.378598 ], [ 11.059931, 46.379216 ], [ 11.061652, 46.380832 ], [ 11.062187, 46.382398 ], [ 11.064065, 46.385356 ], [ 11.065667, 46.386061 ], [ 11.067153, 46.385786 ], [ 11.068055, 46.38505 ], [ 11.06901, 46.385555 ], [ 11.0702, 46.385713 ], [ 11.072198, 46.387927 ], [ 11.074234, 46.388916 ], [ 11.077555, 46.390062 ], [ 11.079067, 46.392401 ], [ 11.078408, 46.393205 ], [ 11.078954, 46.394185 ], [ 11.078707, 46.396084 ], [ 11.078827, 46.39727 ], [ 11.078098, 46.397967 ], [ 11.077924, 46.398911 ], [ 11.07854, 46.4002 ], [ 11.077366, 46.400165 ], [ 11.077926, 46.401134 ], [ 11.077474, 46.401826 ], [ 11.077853, 46.402704 ], [ 11.078642, 46.403351 ], [ 11.079151, 46.404411 ], [ 11.080589, 46.405303 ], [ 11.08172, 46.4064 ], [ 11.085023, 46.406175 ], [ 11.085908, 46.405988 ], [ 11.086839, 46.406331 ], [ 11.087985, 46.407197 ], [ 11.088385, 46.407963 ], [ 11.088342, 46.408914 ], [ 11.090799, 46.409841 ], [ 11.091232, 46.410922 ], [ 11.093282, 46.411235 ], [ 11.094981, 46.412194 ], [ 11.09638, 46.413869 ], [ 11.097473, 46.4147 ], [ 11.098485, 46.414848 ], [ 11.099583, 46.41553 ], [ 11.100425, 46.416765 ], [ 11.101194, 46.418722 ], [ 11.104463, 46.418752 ], [ 11.107637, 46.420691 ], [ 11.107682, 46.421743 ], [ 11.108691, 46.423052 ], [ 11.109151, 46.423215 ], [ 11.111433, 46.423074 ], [ 11.111889, 46.42383 ], [ 11.110883, 46.425374 ], [ 11.110145, 46.426022 ], [ 11.110268, 46.426641 ], [ 11.111344, 46.427215 ], [ 11.112628, 46.427313 ], [ 11.11321, 46.428306 ], [ 11.114543, 46.428659 ], [ 11.115658, 46.43015 ], [ 11.116058, 46.431219 ], [ 11.115452, 46.432436 ], [ 11.114692, 46.432558 ], [ 11.11447, 46.43357 ], [ 11.115459, 46.434551 ], [ 11.115424, 46.435321 ], [ 11.116535, 46.436151 ], [ 11.11616, 46.437256 ], [ 11.114446, 46.438727 ], [ 11.113921, 46.439543 ], [ 11.112627, 46.44066 ], [ 11.112457, 46.441707 ], [ 11.111602, 46.442312 ], [ 11.112218, 46.442787 ], [ 11.111825, 46.444113 ], [ 11.112498, 46.4446 ], [ 11.112221, 46.445194 ], [ 11.110377, 46.446236 ], [ 11.110893, 46.447217 ], [ 11.109977, 46.448476 ], [ 11.11038, 46.450192 ], [ 11.109672, 46.451325 ], [ 11.110033, 46.452237 ], [ 11.109438, 46.453661 ], [ 11.110333, 46.455276 ], [ 11.109951, 46.457152 ], [ 11.106085, 46.459406 ], [ 11.104505, 46.460132 ], [ 11.103529, 46.462184 ], [ 11.103186, 46.464351 ], [ 11.102791, 46.465177 ], [ 11.102876, 46.466525 ], [ 11.102644, 46.467488 ], [ 11.102563, 46.470334 ], [ 11.102033, 46.4742 ], [ 11.101717, 46.474993 ], [ 11.098025, 46.476798 ], [ 11.094702, 46.477651 ], [ 11.092149, 46.478134 ], [ 11.090158, 46.479556 ], [ 11.088094, 46.480305 ], [ 11.086463, 46.480065 ], [ 11.081567, 46.481059 ], [ 11.078724, 46.484366 ], [ 11.078478, 46.48501 ], [ 11.076076, 46.487203 ], [ 11.074223, 46.488418 ], [ 11.071351, 46.48945 ], [ 11.069349, 46.49062 ], [ 11.067395, 46.491096 ], [ 11.064153, 46.492865 ], [ 11.063407, 46.495813 ], [ 11.062984, 46.498686 ], [ 11.061759, 46.49954 ], [ 11.060645, 46.499864 ], [ 11.058023, 46.50102 ], [ 11.056809, 46.502286 ], [ 11.052791, 46.504568 ], [ 11.049997, 46.506576 ], [ 11.049006, 46.507042 ], [ 11.049488, 46.504362 ], [ 11.050643, 46.502535 ], [ 11.052199, 46.501131 ], [ 11.053971, 46.496515 ], [ 11.055396, 46.493436 ], [ 11.056749, 46.491352 ], [ 11.058139, 46.489897 ], [ 11.061032, 46.489449 ], [ 11.06169, 46.487308 ], [ 11.06277, 46.483112 ], [ 11.06364, 46.480834 ], [ 11.065591, 46.477288 ], [ 11.066017, 46.473517 ], [ 11.066968, 46.472603 ], [ 11.066096, 46.471159 ], [ 11.067445, 46.465878 ], [ 11.07042, 46.463262 ], [ 11.070456, 46.462077 ], [ 11.070907, 46.460395 ], [ 11.071775, 46.459542 ], [ 11.071763, 46.459021 ], [ 11.070868, 46.457179 ], [ 11.072004, 46.456593 ], [ 11.072863, 46.455614 ], [ 11.074432, 46.455266 ], [ 11.074691, 46.454823 ], [ 11.074549, 46.452825 ], [ 11.074241, 46.451573 ], [ 11.07558, 46.448782 ], [ 11.076275, 46.44592 ], [ 11.074952, 46.442406 ], [ 11.072821, 46.441494 ], [ 11.067552, 46.443109 ], [ 11.065831, 46.444477 ], [ 11.065045, 46.446083 ], [ 11.061392, 46.447262 ], [ 11.05908, 46.447785 ], [ 11.05398, 46.449724 ], [ 11.051379, 46.448931 ], [ 11.049713, 46.449664 ], [ 11.048992, 46.449449 ], [ 11.048434, 46.447279 ], [ 11.047582, 46.446498 ], [ 11.04728, 46.444909 ], [ 11.04779, 46.443458 ], [ 11.046928, 46.441988 ], [ 11.04677, 46.441221 ], [ 11.045876, 46.440275 ], [ 11.044751, 46.439597 ], [ 11.043529, 46.438352 ], [ 11.043451, 46.437602 ], [ 11.040764, 46.437152 ], [ 11.039926, 46.436802 ], [ 11.038552, 46.434968 ], [ 11.037669, 46.434278 ], [ 11.037943, 46.4331 ], [ 11.035914, 46.429948 ], [ 11.033881, 46.428472 ], [ 11.033782, 46.427811 ], [ 11.033012, 46.427082 ], [ 11.03301, 46.426019 ], [ 11.031601, 46.424665 ], [ 11.028712, 46.42217 ], [ 11.028527, 46.421761 ], [ 11.029124, 46.421151 ], [ 11.029517, 46.419911 ], [ 11.028783, 46.41827 ], [ 11.027704, 46.417681 ], [ 11.027643, 46.416517 ], [ 11.028242, 46.415138 ], [ 11.027684, 46.414081 ], [ 11.027749, 46.412966 ], [ 11.027298, 46.411891 ], [ 11.02657, 46.411062 ], [ 11.027598, 46.410564 ], [ 11.0269, 46.40986 ], [ 11.027352, 46.407962 ], [ 11.027735, 46.407421 ], [ 11.02666, 46.40605 ], [ 11.026661, 46.405193 ], [ 11.027612, 46.404697 ], [ 11.029097, 46.403296 ], [ 11.029661, 46.402184 ], [ 11.031193, 46.401289 ], [ 11.031315, 46.399879 ], [ 11.032513, 46.399163 ], [ 11.032535, 46.398346 ], [ 11.033775, 46.397765 ], [ 11.035064, 46.396469 ], [ 11.035173, 46.396008 ], [ 11.031632, 46.39455 ], [ 11.029877, 46.392619 ], [ 11.028592, 46.391432 ], [ 11.028387, 46.390796 ] ] ] } },
{ "type": "Feature", "properties": { "com_altname": null, "com_area_code": "ITA", "com_capoluogo": "No", "com_code": "22159", "com_name": "Ronzone", "com_name_lower": "ronzone", "com_name_upper": "RONZONE", "com_type": "Comune", "geo_point_2d": { "lat": 46.44592617131158, "lon": 11.18567619935839 }, "prov_code": "22", "prov_name": "Trento", "reg_code": "4", "reg_name": "Trentino-Alto Adige", "rip_code": "2", "rip_name": "Nord-Est", "year": "2022" }, "geometry": { "type": "MultiPolygon", "coordinates": [ [ [ [ 11.21237, 46.455358 ], [ 11.214427, 46.455662 ], [ 11.21504, 46.457099 ], [ 11.216261, 46.456178 ], [ 11.21818, 46.456237 ], [ 11.21913, 46.457281 ], [ 11.219172, 46.458077 ], [ 11.220031, 46.45918 ], [ 11.220403, 46.460235 ], [ 11.220163, 46.461018 ], [ 11.220421, 46.462048 ], [ 11.21999, 46.462723 ], [ 11.219877, 46.464083 ], [ 11.219345, 46.46488 ], [ 11.219715, 46.467907 ], [ 11.21798, 46.470717 ], [ 11.217855, 46.472857 ], [ 11.216633, 46.475082 ], [ 11.214231, 46.478283 ], [ 11.21224, 46.477388 ], [ 11.209812, 46.476654 ], [ 11.207837, 46.476782 ], [ 11.206111, 46.476041 ], [ 11.207841, 46.471841 ], [ 11.206296, 46.47044 ], [ 11.205807, 46.46824 ], [ 11.202369, 46.464508 ], [ 11.199999, 46.461503 ], [ 11.197607, 46.460077 ], [ 11.195121, 46.459652 ], [ 11.194071, 46.458966 ], [ 11.194093, 46.458655 ], [ 11.192465, 46.457156 ], [ 11.192611, 46.456587 ], [ 11.195985, 46.457147 ], [ 11.198619, 46.457871 ], [ 11.205405, 46.457533 ], [ 11.206435, 46.457311 ], [ 11.209708, 46.456113 ], [ 11.21237, 46.455358 ] ] ], [ [ [ 11.14259, 46.427862 ], [ 11.143455, 46.426429 ], [ 11.143054, 46.425586 ], [ 11.143067, 46.424051 ], [ 11.143771, 46.423624 ], [ 11.144116, 46.422627 ], [ 11.143352, 46.421103 ], [ 11.144882, 46.4198 ], [ 11.146986, 46.418951 ], [ 11.149024, 46.418818 ], [ 11.150489, 46.419002 ], [ 11.152384, 46.418971 ], [ 11.1553, 46.419645 ], [ 11.164341, 46.418714 ], [ 11.165638, 46.418739 ], [ 11.170709, 46.418206 ], [ 11.171589, 46.418824 ], [ 11.171125, 46.420169 ], [ 11.170633, 46.420664 ], [ 11.168574, 46.420811 ], [ 11.167535, 46.420579 ], [ 11.16405, 46.422027 ], [ 11.162962, 46.423289 ], [ 11.162787, 46.424733 ], [ 11.163147, 46.425189 ], [ 11.167296, 46.425669 ], [ 11.17472, 46.426783 ], [ 11.175798, 46.426857 ], [ 11.176399, 46.428349 ], [ 11.174393, 46.432306 ], [ 11.169699, 46.432063 ], [ 11.162584, 46.432139 ], [ 11.162121, 46.431108 ], [ 11.156816, 46.430299 ], [ 11.152858, 46.429523 ], [ 11.152181, 46.428888 ], [ 11.150897, 46.428471 ], [ 11.14947, 46.428687 ], [ 11.145854, 46.42763 ], [ 11.144665, 46.428161 ], [ 11.14259, 46.427862 ] ] ] ] } },
{ "type": "Feature", "properties": { "com_altname": null, "com_area_code": "ITA", "com_capoluogo": "No", "com_code": "22053", "com_name": "Cavedine", "com_name_lower": "cavedine", "com_name_upper": "CAVEDINE", "com_type": "Comune", "geo_point_2d": { "lat": 45.98599731502384, "lon": 10.989071255863925 }, "prov_code": "22", "prov_name": "Trento", "reg_code": "4", "reg_name": "Trentino-Alto Adige", "rip_code": "2", "rip_name": "Nord-Est", "year": "2022" }, "geometry": { "type": "Polygon", "coordinates": [ [ [ 10.988229, 45.941521 ], [ 10.989627, 45.942379 ], [ 10.990969, 45.942494 ], [ 10.99283, 45.943201 ], [ 10.995195, 45.944631 ], [ 10.995903, 45.94485 ], [ 10.99897, 45.946768 ], [ 10.99996, 45.947748 ], [ 11.000613, 45.949085 ], [ 11.001024, 45.951791 ], [ 11.002731, 45.9518 ], [ 11.003939, 45.952699 ], [ 11.005748, 45.955982 ], [ 11.006251, 45.957141 ], [ 11.006924, 45.957596 ], [ 11.008748, 45.959542 ], [ 11.009788, 45.961485 ], [ 11.010602, 45.961851 ], [ 11.013364, 45.964062 ], [ 11.014036, 45.96487 ], [ 11.015358, 45.96548 ], [ 11.015508, 45.966342 ], [ 11.016835, 45.967968 ], [ 11.019508, 45.970032 ], [ 11.022437, 45.971408 ], [ 11.023, 45.972421 ], [ 11.023963, 45.973065 ], [ 11.023896, 45.973514 ], [ 11.025675, 45.975006 ], [ 11.029455, 45.977879 ], [ 11.031141, 45.978977 ], [ 11.033409, 45.978744 ], [ 11.034229, 45.979934 ], [ 11.035826, 45.981486 ], [ 11.035093, 45.982004 ], [ 11.032263, 45.985235 ], [ 11.031671, 45.98629 ], [ 11.031867, 45.987665 ], [ 11.031094, 45.989254 ], [ 11.032173, 45.991287 ], [ 11.032384, 45.994524 ], [ 11.032094, 45.997145 ], [ 11.031152, 45.99834 ], [ 11.031186, 45.999097 ], [ 11.029758, 46.001657 ], [ 11.028942, 46.002658 ], [ 11.028644, 46.004129 ], [ 11.027589, 46.005802 ], [ 11.027474, 46.007335 ], [ 11.027951, 46.009384 ], [ 11.026982, 46.009864 ], [ 11.028648, 46.012228 ], [ 11.027913, 46.014107 ], [ 11.027481, 46.014523 ], [ 11.02361, 46.016132 ], [ 11.015444, 46.014433 ], [ 11.011642, 46.013866 ], [ 11.008902, 46.013303 ], [ 11.008172, 46.01298 ], [ 11.005197, 46.012677 ], [ 11.003023, 46.012633 ], [ 10.996283, 46.01231 ], [ 10.993981, 46.012088 ], [ 10.992533, 46.012234 ], [ 10.985151, 46.011746 ], [ 10.981813, 46.011467 ], [ 10.975684, 46.012668 ], [ 10.966994, 46.015804 ], [ 10.965361, 46.016466 ], [ 10.960351, 46.018952 ], [ 10.959379, 46.020251 ], [ 10.957213, 46.020283 ], [ 10.952683, 46.020559 ], [ 10.952476, 46.019882 ], [ 10.953346, 46.019078 ], [ 10.954188, 46.018791 ], [ 10.955671, 46.01677 ], [ 10.955999, 46.01587 ], [ 10.953969, 46.011016 ], [ 10.954031, 46.010499 ], [ 10.952145, 46.007521 ], [ 10.951022, 46.006468 ], [ 10.949266, 46.004406 ], [ 10.949105, 46.00356 ], [ 10.948085, 46.001612 ], [ 10.946829, 45.999653 ], [ 10.946759, 45.998514 ], [ 10.945782, 45.997826 ], [ 10.944503, 45.995677 ], [ 10.943232, 45.99433 ], [ 10.943218, 45.993622 ], [ 10.942617, 45.992864 ], [ 10.94247, 45.991747 ], [ 10.943084, 45.991376 ], [ 10.944337, 45.989171 ], [ 10.946295, 45.985159 ], [ 10.94706, 45.984339 ], [ 10.94713, 45.982372 ], [ 10.948558, 45.981088 ], [ 10.951887, 45.978754 ], [ 10.947088, 45.975955 ], [ 10.946174, 45.975183 ], [ 10.947806, 45.974782 ], [ 10.94972, 45.973516 ], [ 10.951361, 45.972953 ], [ 10.953352, 45.971943 ], [ 10.957064, 45.96959 ], [ 10.958457, 45.968254 ], [ 10.960421, 45.967236 ], [ 10.961517, 45.965965 ], [ 10.964964, 45.965791 ], [ 10.96644, 45.967161 ], [ 10.967112, 45.966333 ], [ 10.970871, 45.962696 ], [ 10.974879, 45.958531 ], [ 10.976016, 45.956468 ], [ 10.981291, 45.950247 ], [ 10.982965, 45.94909 ], [ 10.983911, 45.948044 ], [ 10.988229, 45.941521 ] ] ] } },
{ "type": "Feature", "properties": { "com_altname": null, "com_area_code": "ITA", "com_capoluogo": "No", "com_code": "22135", "com_name": "Ronzo-Chienis", "com_name_lower": "ronzo-chienis", "com_name_upper": "RONZO-CHIENIS", "com_type": "Comune", "geo_point_2d": { "lat": 45.89859752442872, "lon": 10.957205034098473 }, "prov_code": "22", "prov_name": "Trento", "reg_code": "4", "reg_name": "Trentino-Alto Adige", "rip_code": "2", "rip_name": "Nord-Est", "year": "2022" }, "geometry": { "type": "Polygon", "coordinates": [ [ [ 10.982883, 45.920073 ], [ 10.980612, 45.919886 ], [ 10.977722, 45.921137 ], [ 10.975577, 45.922233 ], [ 10.974269, 45.923184 ], [ 10.971201, 45.922269 ], [ 10.969304, 45.921055 ], [ 10.968033, 45.920611 ], [ 10.966234, 45.920754 ], [ 10.963429, 45.920177 ], [ 10.963797, 45.919207 ], [ 10.96235, 45.918575 ], [ 10.962606, 45.917504 ], [ 10.962384, 45.916462 ], [ 10.961736, 45.91585 ], [ 10.960321, 45.915409 ], [ 10.960113, 45.914776 ], [ 10.958817, 45.914121 ], [ 10.95557, 45.913737 ], [ 10.950828, 45.911507 ], [ 10.948219, 45.91006 ], [ 10.943405, 45.907181 ], [ 10.940431, 45.904302 ], [ 10.938852, 45.904696 ], [ 10.936961, 45.903722 ], [ 10.93301, 45.902591 ], [ 10.932325, 45.902196 ], [ 10.931138, 45.902392 ], [ 10.930424, 45.901177 ], [ 10.928482, 45.899513 ], [ 10.926241, 45.897103 ], [ 10.924986, 45.896399 ], [ 10.925589, 45.894902 ], [ 10.927381, 45.89261 ], [ 10.924086, 45.889475 ], [ 10.926389, 45.887127 ], [ 10.928865, 45.886995 ], [ 10.929511, 45.886225 ], [ 10.931733, 45.887419 ], [ 10.934072, 45.889338 ], [ 10.935827, 45.888251 ], [ 10.938399, 45.887083 ], [ 10.940383, 45.885857 ], [ 10.941064, 45.884253 ], [ 10.943086, 45.88317 ], [ 10.944277, 45.88154 ], [ 10.943942, 45.8804 ], [ 10.942961, 45.879318 ], [ 10.942457, 45.878224 ], [ 10.942889, 45.876875 ], [ 10.943768, 45.876734 ], [ 10.945435, 45.877826 ], [ 10.94541, 45.879549 ], [ 10.946023, 45.880213 ], [ 10.947645, 45.879776 ], [ 10.952237, 45.877914 ], [ 10.95492, 45.87859 ], [ 10.955254, 45.87888 ], [ 10.957348, 45.879154 ], [ 10.961122, 45.880107 ], [ 10.962523, 45.881161 ], [ 10.964619, 45.881907 ], [ 10.965585, 45.881888 ], [ 10.967105, 45.882516 ], [ 10.970701, 45.882437 ], [ 10.971154, 45.884695 ], [ 10.972063, 45.885333 ], [ 10.972618, 45.886536 ], [ 10.973642, 45.888 ], [ 10.975183, 45.889569 ], [ 10.975586, 45.89044 ], [ 10.976873, 45.891186 ], [ 10.977915, 45.89298 ], [ 10.979045, 45.893943 ], [ 10.980281, 45.89459 ], [ 10.981893, 45.896157 ], [ 10.983663, 45.898534 ], [ 10.982515, 45.900511 ], [ 10.980865, 45.901201 ], [ 10.979602, 45.902249 ], [ 10.978546, 45.902628 ], [ 10.978067, 45.903851 ], [ 10.978828, 45.9047 ], [ 10.980312, 45.905776 ], [ 10.978401, 45.907774 ], [ 10.978182, 45.908524 ], [ 10.978949, 45.909524 ], [ 10.979161, 45.910999 ], [ 10.977673, 45.912264 ], [ 10.978018, 45.91397 ], [ 10.979099, 45.914876 ], [ 10.980199, 45.915115 ], [ 10.980801, 45.916247 ], [ 10.980555, 45.916839 ], [ 10.982485, 45.919087 ], [ 10.982883, 45.920073 ] ] ] } },
{ "type": "Feature", "properties": { "com_altname": null, "com_area_code": "ITA", "com_capoluogo": "No", "com_code": "22249", "com_name": "Ville d'Anaunia", "com_name_lower": "ville d'anaunia", "com_name_upper": "VILLE D'ANAUNIA", "com_type": "Comune", "geo_point_2d": { "lat": 46.276958010422156, "lon": 10.961830163130815 }, "prov_code": "22", "prov_name": "Trento", "reg_code": "4", "reg_name": "Trentino-Alto Adige", "rip_code": "2", "rip_name": "Nord-Est", "year": "2022" }, "geometry": { "type": "Polygon", "coordinates": [ [ [ 10.930385, 46.189587 ], [ 10.932347, 46.192281 ], [ 10.933059, 46.192203 ], [ 10.934568, 46.19336 ], [ 10.93376, 46.194502 ], [ 10.933253, 46.196771 ], [ 10.936353, 46.19825 ], [ 10.938198, 46.199699 ], [ 10.939869, 46.200391 ], [ 10.946076, 46.201644 ], [ 10.94849, 46.202705 ], [ 10.952126, 46.203961 ], [ 10.952153, 46.205963 ], [ 10.952507, 46.207849 ], [ 10.951732, 46.209048 ], [ 10.950648, 46.212126 ], [ 10.950766, 46.212765 ], [ 10.949239, 46.214706 ], [ 10.947238, 46.216481 ], [ 10.946888, 46.219386 ], [ 10.945963, 46.221025 ], [ 10.946085, 46.22365 ], [ 10.949527, 46.22638 ], [ 10.948497, 46.228387 ], [ 10.950002, 46.228403 ], [ 10.953408, 46.228752 ], [ 10.955432, 46.229705 ], [ 10.952475, 46.231619 ], [ 10.953192, 46.232958 ], [ 10.954951, 46.233195 ], [ 10.958803, 46.233266 ], [ 10.96135, 46.233973 ], [ 10.962969, 46.234901 ], [ 10.963501, 46.236156 ], [ 10.964794, 46.236949 ], [ 10.966656, 46.237227 ], [ 10.966611, 46.239132 ], [ 10.967022, 46.24049 ], [ 10.968351, 46.241664 ], [ 10.965622, 46.241921 ], [ 10.964082, 46.242239 ], [ 10.960337, 46.244364 ], [ 10.959692, 46.245112 ], [ 10.96033, 46.246527 ], [ 10.961866, 46.247546 ], [ 10.963754, 46.24959 ], [ 10.964591, 46.251517 ], [ 10.964944, 46.253384 ], [ 10.96611, 46.256056 ], [ 10.966314, 46.257784 ], [ 10.96728, 46.258143 ], [ 10.969437, 46.261593 ], [ 10.96994, 46.261867 ], [ 10.970377, 46.264222 ], [ 10.971312, 46.265835 ], [ 10.971865, 46.266016 ], [ 10.97245, 46.268578 ], [ 10.973225, 46.269722 ], [ 10.973097, 46.270616 ], [ 10.974999, 46.271862 ], [ 10.975512, 46.273218 ], [ 10.975592, 46.274952 ], [ 10.977115, 46.275638 ], [ 10.97845, 46.275869 ], [ 10.979185, 46.276845 ], [ 10.979836, 46.278025 ], [ 10.981737, 46.280017 ], [ 10.980375, 46.281107 ], [ 10.983713, 46.282758 ], [ 10.983348, 46.28401 ], [ 10.981804, 46.285675 ], [ 10.982197, 46.286715 ], [ 10.982951, 46.290952 ], [ 10.985829, 46.29097 ], [ 10.985857, 46.292985 ], [ 10.987798, 46.294891 ], [ 10.991707, 46.299491 ], [ 10.99241, 46.300548 ], [ 10.996457, 46.304387 ], [ 10.995927, 46.306102 ], [ 10.999848, 46.308895 ], [ 11.001315, 46.31017 ], [ 11.002971, 46.314227 ], [ 11.003047, 46.316183 ], [ 11.004804, 46.319339 ], [ 11.005328, 46.321136 ], [ 11.004936, 46.322315 ], [ 11.005263, 46.322921 ], [ 11.007671, 46.323176 ], [ 11.009423, 46.322776 ], [ 11.011074, 46.321559 ], [ 11.012753, 46.321224 ], [ 11.014398, 46.319818 ], [ 11.016553, 46.318587 ], [ 11.016984, 46.317882 ], [ 11.018107, 46.31757 ], [ 11.019283, 46.31669 ], [ 11.021557, 46.316892 ], [ 11.023897, 46.315245 ], [ 11.026309, 46.315823 ], [ 11.027111, 46.315399 ], [ 11.028051, 46.315639 ], [ 11.029132, 46.315125 ], [ 11.031943, 46.314953 ], [ 11.033018, 46.314511 ], [ 11.034758, 46.312968 ], [ 11.036713, 46.312033 ], [ 11.036932, 46.311309 ], [ 11.038914, 46.310298 ], [ 11.039631, 46.309245 ], [ 11.040955, 46.308749 ], [ 11.041163, 46.307481 ], [ 11.042324, 46.306187 ], [ 11.043714, 46.305847 ], [ 11.04592, 46.306005 ], [ 11.047116, 46.305313 ], [ 11.048511, 46.305666 ], [ 11.049391, 46.304994 ], [ 11.050506, 46.304816 ], [ 11.05148, 46.303624 ], [ 11.051056, 46.302975 ], [ 11.051288, 46.301976 ], [ 11.052209, 46.301379 ], [ 11.053314, 46.299663 ], [ 11.055832, 46.299257 ], [ 11.057322, 46.297953 ], [ 11.058291, 46.297436 ], [ 11.05859, 46.29667 ], [ 11.060043, 46.295388 ], [ 11.060662, 46.293892 ], [ 11.062537, 46.292292 ], [ 11.064217, 46.293045 ], [ 11.064335, 46.294618 ], [ 11.063364, 46.296116 ], [ 11.062167, 46.296605 ], [ 11.061205, 46.298535 ], [ 11.061106, 46.299225 ], [ 11.063058, 46.299865 ], [ 11.064279, 46.300509 ], [ 11.064801, 46.301157 ], [ 11.064681, 46.30313 ], [ 11.064172, 46.303877 ], [ 11.064693, 46.304696 ], [ 11.06425, 46.306301 ], [ 11.065203, 46.309317 ], [ 11.064409, 46.309984 ], [ 11.063829, 46.311079 ], [ 11.063935, 46.311698 ], [ 11.063432, 46.312616 ], [ 11.064543, 46.313406 ], [ 11.06301, 46.314257 ], [ 11.06149, 46.315581 ], [ 11.060212, 46.316198 ], [ 11.059518, 46.318118 ], [ 11.059222, 46.320257 ], [ 11.058098, 46.320529 ], [ 11.058033, 46.321628 ], [ 11.058749, 46.324117 ], [ 11.057035, 46.324247 ], [ 11.056367, 46.324718 ], [ 11.057145, 46.326585 ], [ 11.058802, 46.327599 ], [ 11.058044, 46.328846 ], [ 11.059559, 46.32975 ], [ 11.060129, 46.330667 ], [ 11.060308, 46.331793 ], [ 11.058892, 46.332206 ], [ 11.059124, 46.334582 ], [ 11.058911, 46.336129 ], [ 11.057529, 46.337131 ], [ 11.05709, 46.337984 ], [ 11.057276, 46.338688 ], [ 11.058086, 46.339555 ], [ 11.058479, 46.340583 ], [ 11.058057, 46.341225 ], [ 11.058093, 46.342322 ], [ 11.060069, 46.343587 ], [ 11.061602, 46.346233 ], [ 11.061853, 46.347137 ], [ 11.061401, 46.348432 ], [ 11.060395, 46.349112 ], [ 11.058976, 46.351775 ], [ 11.059028, 46.352854 ], [ 11.057856, 46.355345 ], [ 11.058422, 46.356068 ], [ 11.056503, 46.358006 ], [ 11.053259, 46.356413 ], [ 11.052411, 46.354219 ], [ 11.053204, 46.353705 ], [ 11.052551, 46.351062 ], [ 11.050651, 46.350201 ], [ 11.0495, 46.35032 ], [ 11.048548, 46.351156 ], [ 11.045882, 46.351551 ], [ 11.045079, 46.349819 ], [ 11.044684, 46.349552 ], [ 11.042927, 46.349853 ], [ 11.042722, 46.349371 ], [ 11.041196, 46.349443 ], [ 11.039433, 46.349114 ], [ 11.03955, 46.347947 ], [ 11.038683, 46.347076 ], [ 11.038428, 46.343894 ], [ 11.031467, 46.343744 ], [ 11.03071, 46.34183 ], [ 11.029844, 46.341833 ], [ 11.026554, 46.342332 ], [ 11.026499, 46.340983 ], [ 11.026895, 46.338537 ], [ 11.026854, 46.336968 ], [ 11.024034, 46.337517 ], [ 11.020498, 46.337656 ], [ 11.019014, 46.337849 ], [ 11.018537, 46.338613 ], [ 11.017106, 46.339134 ], [ 11.015266, 46.340125 ], [ 11.012977, 46.339989 ], [ 11.011294, 46.340289 ], [ 11.00944, 46.342837 ], [ 11.009253, 46.347003 ], [ 11.001189, 46.347185 ], [ 10.999152, 46.347401 ], [ 10.996681, 46.345988 ], [ 10.995479, 46.344745 ], [ 10.994685, 46.344673 ], [ 10.993991, 46.343571 ], [ 10.991593, 46.34277 ], [ 10.991821, 46.342062 ], [ 10.990748, 46.341552 ], [ 10.988237, 46.340935 ], [ 10.985415, 46.341561 ], [ 10.985536, 46.341942 ], [ 10.983755, 46.342288 ], [ 10.984665, 46.343501 ], [ 10.984123, 46.344214 ], [ 10.982834, 46.344607 ], [ 10.981755, 46.346717 ], [ 10.980763, 46.347064 ], [ 10.979468, 46.346503 ], [ 10.975561, 46.343793 ], [ 10.971529, 46.340755 ], [ 10.969549, 46.33859 ], [ 10.969046, 46.336567 ], [ 10.967493, 46.335175 ], [ 10.966142, 46.332298 ], [ 10.965413, 46.328745 ], [ 10.966233, 46.326632 ], [ 10.965906, 46.32319 ], [ 10.964182, 46.323127 ], [ 10.963595, 46.32241 ], [ 10.962708, 46.322323 ], [ 10.962094, 46.321572 ], [ 10.961689, 46.319687 ], [ 10.960576, 46.318684 ], [ 10.955801, 46.318682 ], [ 10.952589, 46.31503 ], [ 10.950535, 46.315728 ], [ 10.948559, 46.31589 ], [ 10.946047, 46.317652 ], [ 10.945284, 46.315371 ], [ 10.944753, 46.315096 ], [ 10.942528, 46.315101 ], [ 10.941673, 46.314894 ], [ 10.940227, 46.312952 ], [ 10.938559, 46.311047 ], [ 10.935451, 46.309618 ], [ 10.933841, 46.308309 ], [ 10.935555, 46.303623 ], [ 10.936624, 46.302423 ], [ 10.938015, 46.299108 ], [ 10.938693, 46.29797 ], [ 10.937981, 46.295979 ], [ 10.938259, 46.294563 ], [ 10.939745, 46.293234 ], [ 10.939251, 46.291463 ], [ 10.937213, 46.290548 ], [ 10.933938, 46.286814 ], [ 10.929304, 46.286533 ], [ 10.926522, 46.285915 ], [ 10.924498, 46.28518 ], [ 10.92165, 46.284366 ], [ 10.920806, 46.283487 ], [ 10.920794, 46.28194 ], [ 10.921102, 46.279749 ], [ 10.919393, 46.2786 ], [ 10.91782, 46.27901 ], [ 10.916524, 46.279052 ], [ 10.916088, 46.279576 ], [ 10.913985, 46.278903 ], [ 10.911234, 46.278321 ], [ 10.909562, 46.278826 ], [ 10.906716, 46.2767 ], [ 10.90325, 46.276904 ], [ 10.903122, 46.273331 ], [ 10.903693, 46.271929 ], [ 10.904941, 46.270174 ], [ 10.905165, 46.269367 ], [ 10.906577, 46.268381 ], [ 10.905896, 46.267004 ], [ 10.905852, 46.264688 ], [ 10.904334, 46.263246 ], [ 10.901498, 46.263121 ], [ 10.899, 46.262704 ], [ 10.897491, 46.262096 ], [ 10.89661, 46.261103 ], [ 10.894196, 46.259671 ], [ 10.894384, 46.258479 ], [ 10.895551, 46.257186 ], [ 10.894797, 46.25539 ], [ 10.893406, 46.254074 ], [ 10.892141, 46.253717 ], [ 10.892166, 46.25295 ], [ 10.891056, 46.252341 ], [ 10.891178, 46.25155 ], [ 10.890507, 46.250566 ], [ 10.889908, 46.248892 ], [ 10.889645, 46.247276 ], [ 10.888949, 46.247113 ], [ 10.88698, 46.244378 ], [ 10.886185, 46.23999 ], [ 10.888752, 46.238946 ], [ 10.889374, 46.238241 ], [ 10.891241, 46.237498 ], [ 10.89226, 46.237432 ], [ 10.89314, 46.236438 ], [ 10.892929, 46.234529 ], [ 10.89375, 46.232749 ], [ 10.896019, 46.231575 ], [ 10.897049, 46.229633 ], [ 10.898187, 46.228676 ], [ 10.899591, 46.227032 ], [ 10.899013, 46.225058 ], [ 10.899187, 46.224357 ], [ 10.897785, 46.221501 ], [ 10.897855, 46.22067 ], [ 10.900087, 46.218658 ], [ 10.900481, 46.217841 ], [ 10.90251, 46.215331 ], [ 10.902641, 46.213687 ], [ 10.903618, 46.209148 ], [ 10.903925, 46.206478 ], [ 10.900119, 46.204543 ], [ 10.900798, 46.200712 ], [ 10.900497, 46.200035 ], [ 10.898606, 46.19928 ], [ 10.902323, 46.195872 ], [ 10.901514, 46.193846 ], [ 10.901962, 46.191173 ], [ 10.901038, 46.189817 ], [ 10.903629, 46.187755 ], [ 10.905656, 46.188071 ], [ 10.909909, 46.188194 ], [ 10.918198, 46.187987 ], [ 10.919276, 46.188086 ], [ 10.925719, 46.189164 ], [ 10.929043, 46.189585 ], [ 10.930385, 46.189587 ] ] ] } },
{ "type": "Feature", "properties": { "com_altname": null, "com_area_code": "ITA", "com_capoluogo": "No", "com_code": "22134", "com_name": "Panchià", "com_name_lower": "panchià", "com_name_upper": "PANCHIÀ", "com_type": "Comune", "geo_point_2d": { "lat": 46.26675497522025, "lon": 11.548517289542511 }, "prov_code": "22", "prov_name": "Trento", "reg_code": "4", "reg_name": "Trentino-Alto Adige", "rip_code": "2", "rip_name": "Nord-Est", "year": "2022" }, "geometry": { "type": "Polygon", "coordinates": [ [ [ 11.558803, 46.222055 ], [ 11.559114, 46.223772 ], [ 11.55848, 46.225382 ], [ 11.561421, 46.225868 ], [ 11.562489, 46.226266 ], [ 11.562852, 46.227362 ], [ 11.565098, 46.232559 ], [ 11.566201, 46.233148 ], [ 11.566709, 46.234565 ], [ 11.56677, 46.237512 ], [ 11.567312, 46.238172 ], [ 11.573226, 46.243509 ], [ 11.572866, 46.244069 ], [ 11.572035, 46.249119 ], [ 11.57145, 46.249734 ], [ 11.5688, 46.253738 ], [ 11.567688, 46.254558 ], [ 11.565772, 46.255273 ], [ 11.564665, 46.256685 ], [ 11.563402, 46.257 ], [ 11.559498, 46.261711 ], [ 11.558327, 46.262494 ], [ 11.554617, 46.265377 ], [ 11.552229, 46.271159 ], [ 11.549918, 46.274316 ], [ 11.548588, 46.27757 ], [ 11.548847, 46.279839 ], [ 11.550678, 46.279267 ], [ 11.551802, 46.279199 ], [ 11.552844, 46.280622 ], [ 11.552287, 46.281678 ], [ 11.553443, 46.282147 ], [ 11.552438, 46.284716 ], [ 11.553421, 46.287187 ], [ 11.551125, 46.287562 ], [ 11.550855, 46.288056 ], [ 11.549742, 46.288157 ], [ 11.550082, 46.291314 ], [ 11.550238, 46.295931 ], [ 11.550454, 46.297781 ], [ 11.55088, 46.299119 ], [ 11.5516, 46.302655 ], [ 11.552384, 46.303862 ], [ 11.554413, 46.305617 ], [ 11.556509, 46.306002 ], [ 11.557415, 46.308151 ], [ 11.55816, 46.31105 ], [ 11.558016, 46.313528 ], [ 11.557558, 46.314295 ], [ 11.557472, 46.316637 ], [ 11.557713, 46.3179 ], [ 11.557219, 46.319009 ], [ 11.557532, 46.319596 ], [ 11.557222, 46.321025 ], [ 11.556929, 46.325595 ], [ 11.557537, 46.32694 ], [ 11.555711, 46.329287 ], [ 11.553142, 46.330765 ], [ 11.551189, 46.33124 ], [ 11.549195, 46.33223 ], [ 11.546902, 46.331813 ], [ 11.544469, 46.332011 ], [ 11.54436, 46.329385 ], [ 11.545035, 46.325455 ], [ 11.544743, 46.323914 ], [ 11.545011, 46.322135 ], [ 11.54467, 46.319829 ], [ 11.542989, 46.31831 ], [ 11.542815, 46.317072 ], [ 11.543066, 46.316328 ], [ 11.542257, 46.314843 ], [ 11.54171, 46.310616 ], [ 11.54222, 46.308733 ], [ 11.54157, 46.308153 ], [ 11.541468, 46.307075 ], [ 11.540462, 46.306099 ], [ 11.539637, 46.303993 ], [ 11.538965, 46.301245 ], [ 11.537595, 46.30168 ], [ 11.533657, 46.305251 ], [ 11.532533, 46.306779 ], [ 11.52953, 46.30617 ], [ 11.524865, 46.306669 ], [ 11.527591, 46.304377 ], [ 11.530907, 46.301388 ], [ 11.534065, 46.299473 ], [ 11.536044, 46.298524 ], [ 11.534802, 46.29606 ], [ 11.535089, 46.294652 ], [ 11.53469, 46.29357 ], [ 11.533146, 46.292274 ], [ 11.531919, 46.292453 ], [ 11.531033, 46.293561 ], [ 11.528558, 46.294182 ], [ 11.528511, 46.291763 ], [ 11.528026, 46.288797 ], [ 11.528276, 46.286621 ], [ 11.531009, 46.286513 ], [ 11.531917, 46.285544 ], [ 11.533122, 46.285709 ], [ 11.535515, 46.285507 ], [ 11.536287, 46.285249 ], [ 11.536698, 46.284316 ], [ 11.536445, 46.28265 ], [ 11.537758, 46.281931 ], [ 11.536273, 46.280972 ], [ 11.5363, 46.280362 ], [ 11.537332, 46.280317 ], [ 11.537268, 46.278898 ], [ 11.538283, 46.278636 ], [ 11.538496, 46.27255 ], [ 11.539151, 46.26945 ], [ 11.5411, 46.269207 ], [ 11.541436, 46.267742 ], [ 11.538126, 46.266562 ], [ 11.539131, 46.264596 ], [ 11.539099, 46.264098 ], [ 11.536196, 46.260109 ], [ 11.53625, 46.259357 ], [ 11.53495, 46.257626 ], [ 11.532441, 46.255 ], [ 11.534336, 46.254578 ], [ 11.537883, 46.252889 ], [ 11.533231, 46.249716 ], [ 11.530095, 46.246365 ], [ 11.533172, 46.243487 ], [ 11.534212, 46.243332 ], [ 11.535082, 46.242413 ], [ 11.534735, 46.236977 ], [ 11.535453, 46.235505 ], [ 11.537077, 46.234024 ], [ 11.540382, 46.231272 ], [ 11.540408, 46.230294 ], [ 11.538016, 46.226251 ], [ 11.538627, 46.223963 ], [ 11.541454, 46.219101 ], [ 11.544957, 46.216887 ], [ 11.547673, 46.218461 ], [ 11.55219, 46.218986 ], [ 11.553166, 46.218974 ], [ 11.556469, 46.220461 ], [ 11.558803, 46.222055 ] ] ] } },
{ "type": "Feature", "properties": { "com_altname": null, "com_area_code": "ITA", "com_capoluogo": "No", "com_code": "22117", "com_name": "Mezzolombardo", "com_name_lower": "mezzolombardo", "com_name_upper": "MEZZOLOMBARDO", "com_type": "Comune", "geo_point_2d": { "lat": 46.206431575466844, "lon": 11.090671353356585 }, "prov_code": "22", "prov_name": "Trento", "reg_code": "4", "reg_name": "Trentino-Alto Adige", "rip_code": "2", "rip_name": "Nord-Est", "year": "2022" }, "geometry": { "type": "Polygon", "coordinates": [ [ [ 11.102772, 46.180459 ], [ 11.103374, 46.182597 ], [ 11.105732, 46.182013 ], [ 11.106019, 46.184718 ], [ 11.106952, 46.184717 ], [ 11.107222, 46.18552 ], [ 11.107079, 46.187323 ], [ 11.107203, 46.188515 ], [ 11.109692, 46.189089 ], [ 11.111766, 46.188795 ], [ 11.112777, 46.188989 ], [ 11.113519, 46.189559 ], [ 11.11479, 46.189627 ], [ 11.114558, 46.190468 ], [ 11.114673, 46.193209 ], [ 11.115185, 46.195242 ], [ 11.115223, 46.196864 ], [ 11.114945, 46.198723 ], [ 11.116369, 46.198683 ], [ 11.116598, 46.200884 ], [ 11.118754, 46.204856 ], [ 11.109952, 46.211136 ], [ 11.108993, 46.212329 ], [ 11.107882, 46.213231 ], [ 11.105843, 46.215505 ], [ 11.100665, 46.219921 ], [ 11.099277, 46.221328 ], [ 11.094527, 46.225127 ], [ 11.092846, 46.226225 ], [ 11.090936, 46.226818 ], [ 11.0868, 46.227307 ], [ 11.084364, 46.22741 ], [ 11.081118, 46.227825 ], [ 11.078784, 46.229055 ], [ 11.075838, 46.229041 ], [ 11.073355, 46.229784 ], [ 11.070878, 46.230985 ], [ 11.069071, 46.231135 ], [ 11.067126, 46.230491 ], [ 11.062845, 46.22623 ], [ 11.064166, 46.224496 ], [ 11.06518, 46.21631 ], [ 11.067377, 46.211582 ], [ 11.070134, 46.21065 ], [ 11.070934, 46.20897 ], [ 11.071425, 46.207287 ], [ 11.072974, 46.204689 ], [ 11.073852, 46.203558 ], [ 11.073301, 46.203036 ], [ 11.071356, 46.202784 ], [ 11.070037, 46.202337 ], [ 11.068172, 46.201255 ], [ 11.068198, 46.200328 ], [ 11.069895, 46.197665 ], [ 11.07133, 46.196311 ], [ 11.072978, 46.196491 ], [ 11.075877, 46.19651 ], [ 11.08094, 46.196767 ], [ 11.081723, 46.198878 ], [ 11.081705, 46.199974 ], [ 11.082675, 46.200688 ], [ 11.087348, 46.199873 ], [ 11.089071, 46.199655 ], [ 11.090246, 46.199779 ], [ 11.090303, 46.197893 ], [ 11.091179, 46.195398 ], [ 11.090813, 46.194886 ], [ 11.090674, 46.193275 ], [ 11.089668, 46.192658 ], [ 11.089604, 46.191078 ], [ 11.088727, 46.19014 ], [ 11.08755, 46.189874 ], [ 11.086203, 46.187423 ], [ 11.086628, 46.186692 ], [ 11.086985, 46.185021 ], [ 11.085704, 46.183724 ], [ 11.087065, 46.183116 ], [ 11.08632, 46.182058 ], [ 11.085049, 46.181567 ], [ 11.08393, 46.181799 ], [ 11.086757, 46.180406 ], [ 11.088666, 46.178779 ], [ 11.091054, 46.177971 ], [ 11.092745, 46.177712 ], [ 11.094807, 46.181051 ], [ 11.095766, 46.180735 ], [ 11.098167, 46.180578 ], [ 11.102772, 46.180459 ] ] ] } },
{ "type": "Feature", "properties": { "com_altname": null, "com_area_code": "ITA", "com_capoluogo": "No", "com_code": "22160", "com_name": "Roverè della Luna", "com_name_lower": "roverè della luna", "com_name_upper": "ROVERÈ DELLA LUNA", "com_type": "Comune", "geo_point_2d": { "lat": 46.25840045829699, "lon": 11.16202000349422 }, "prov_code": "22", "prov_name": "Trento", "reg_code": "4", "reg_name": "Trentino-Alto Adige", "rip_code": "2", "rip_name": "Nord-Est", "year": "2022" }, "geometry": { "type": "Polygon", "coordinates": [ [ [ 11.152774, 46.27563 ], [ 11.151089, 46.277682 ], [ 11.150669, 46.279038 ], [ 11.149664, 46.279978 ], [ 11.147253, 46.2808 ], [ 11.146431, 46.281549 ], [ 11.143412, 46.282065 ], [ 11.141131, 46.282725 ], [ 11.139639, 46.282865 ], [ 11.138852, 46.283316 ], [ 11.138712, 46.282342 ], [ 11.137376, 46.281233 ], [ 11.137514, 46.279916 ], [ 11.136987, 46.279094 ], [ 11.137783, 46.276568 ], [ 11.136245, 46.275179 ], [ 11.136757, 46.273383 ], [ 11.136022, 46.271574 ], [ 11.135688, 46.269821 ], [ 11.135771, 46.267925 ], [ 11.135263, 46.266197 ], [ 11.135274, 46.264991 ], [ 11.134094, 46.264122 ], [ 11.133216, 46.262599 ], [ 11.133344, 46.261521 ], [ 11.134103, 46.260018 ], [ 11.133073, 46.258831 ], [ 11.133889, 46.25864 ], [ 11.13886, 46.256959 ], [ 11.144413, 46.255289 ], [ 11.144566, 46.255875 ], [ 11.145777, 46.257108 ], [ 11.146141, 46.258465 ], [ 11.146763, 46.258458 ], [ 11.148781, 46.257241 ], [ 11.149825, 46.257694 ], [ 11.150752, 46.257096 ], [ 11.152401, 46.255382 ], [ 11.153791, 46.255585 ], [ 11.155614, 46.256266 ], [ 11.156278, 46.255974 ], [ 11.15665, 46.255045 ], [ 11.156417, 46.253992 ], [ 11.155157, 46.252904 ], [ 11.151305, 46.250223 ], [ 11.155138, 46.247972 ], [ 11.15785, 46.247039 ], [ 11.159293, 46.246395 ], [ 11.158603, 46.244608 ], [ 11.157384, 46.243326 ], [ 11.156269, 46.242947 ], [ 11.155687, 46.242346 ], [ 11.163004, 46.237685 ], [ 11.165631, 46.240709 ], [ 11.166847, 46.241932 ], [ 11.169238, 46.243817 ], [ 11.171006, 46.244243 ], [ 11.174605, 46.245497 ], [ 11.176557, 46.246513 ], [ 11.178645, 46.247851 ], [ 11.180292, 46.248161 ], [ 11.179673, 46.246575 ], [ 11.177583, 46.244622 ], [ 11.17607, 46.243553 ], [ 11.17506, 46.242402 ], [ 11.172648, 46.24099 ], [ 11.17063, 46.240258 ], [ 11.16841, 46.238924 ], [ 11.169311, 46.236976 ], [ 11.16995, 46.236253 ], [ 11.17165, 46.23501 ], [ 11.170855, 46.234085 ], [ 11.172319, 46.233224 ], [ 11.172905, 46.233371 ], [ 11.174638, 46.232667 ], [ 11.175533, 46.233541 ], [ 11.175407, 46.234777 ], [ 11.17388, 46.235098 ], [ 11.172653, 46.23707 ], [ 11.172331, 46.2382 ], [ 11.173026, 46.239335 ], [ 11.174243, 46.239383 ], [ 11.176171, 46.238556 ], [ 11.178436, 46.24105 ], [ 11.18132, 46.243808 ], [ 11.182055, 46.249113 ], [ 11.183588, 46.251289 ], [ 11.186133, 46.252721 ], [ 11.188241, 46.252757 ], [ 11.189312, 46.251926 ], [ 11.189839, 46.250292 ], [ 11.189543, 46.248106 ], [ 11.18991, 46.247062 ], [ 11.19099, 46.246008 ], [ 11.192043, 46.245457 ], [ 11.193629, 46.245017 ], [ 11.194918, 46.24506 ], [ 11.196943, 46.245889 ], [ 11.197469, 46.246586 ], [ 11.19632, 46.249605 ], [ 11.196477, 46.250302 ], [ 11.197338, 46.251484 ], [ 11.198388, 46.252351 ], [ 11.198831, 46.253296 ], [ 11.200441, 46.254206 ], [ 11.202378, 46.255605 ], [ 11.20125, 46.256517 ], [ 11.199079, 46.257661 ], [ 11.197911, 46.25965 ], [ 11.194157, 46.257719 ], [ 11.190951, 46.257475 ], [ 11.189175, 46.258009 ], [ 11.185669, 46.258419 ], [ 11.183564, 46.259328 ], [ 11.181738, 46.259843 ], [ 11.177932, 46.259816 ], [ 11.176223, 46.259269 ], [ 11.174624, 46.259255 ], [ 11.173348, 46.259956 ], [ 11.171531, 46.260463 ], [ 11.170007, 46.262653 ], [ 11.167347, 46.262119 ], [ 11.166329, 46.262539 ], [ 11.164757, 46.264312 ], [ 11.163283, 46.265448 ], [ 11.161876, 46.266804 ], [ 11.161365, 46.267799 ], [ 11.160396, 46.267958 ], [ 11.15817, 46.268777 ], [ 11.157664, 46.26961 ], [ 11.156586, 46.270441 ], [ 11.155784, 46.271441 ], [ 11.156054, 46.272314 ], [ 11.155126, 46.272939 ], [ 11.15486, 46.274055 ], [ 11.152774, 46.27563 ] ] ] } },
{ "type": "Feature", "properties": { "com_altname": null, "com_area_code": "ITA", "com_capoluogo": "No", "com_code": "22246", "com_name": "Sella Giudicarie", "com_name_lower": "sella giudicarie", "com_name_upper": "SELLA GIUDICARIE", "com_type": "Comune", "geo_point_2d": { "lat": 46.013040373846295, "lon": 10.63670365364566 }, "prov_code": "22", "prov_name": "Trento", "reg_code": "4", "reg_name": "Trentino-Alto Adige", "rip_code": "2", "rip_name": "Nord-Est", "year": "2022" }, "geometry": { "type": "Polygon", "coordinates": [ [ [ 10.715145, 46.021153 ], [ 10.711587, 46.02281 ], [ 10.710168, 46.023065 ], [ 10.706488, 46.024654 ], [ 10.702644, 46.025387 ], [ 10.701727, 46.023666 ], [ 10.699939, 46.021508 ], [ 10.698238, 46.020298 ], [ 10.697439, 46.019238 ], [ 10.695465, 46.017929 ], [ 10.69328, 46.016081 ], [ 10.691824, 46.015383 ], [ 10.689934, 46.016735 ], [ 10.687002, 46.019518 ], [ 10.68505, 46.016661 ], [ 10.682222, 46.016569 ], [ 10.680431, 46.016232 ], [ 10.679626, 46.016394 ], [ 10.677008, 46.017852 ], [ 10.677763, 46.018964 ], [ 10.677298, 46.021273 ], [ 10.67389, 46.027226 ], [ 10.672822, 46.029522 ], [ 10.672514, 46.031709 ], [ 10.670452, 46.036061 ], [ 10.668919, 46.037836 ], [ 10.667426, 46.039192 ], [ 10.66563, 46.040151 ], [ 10.665439, 46.040843 ], [ 10.663553, 46.041455 ], [ 10.662018, 46.042336 ], [ 10.660595, 46.043655 ], [ 10.660301, 46.044286 ], [ 10.659082, 46.044936 ], [ 10.655335, 46.04588 ], [ 10.65486, 46.046344 ], [ 10.653061, 46.046905 ], [ 10.651389, 46.047952 ], [ 10.650158, 46.049458 ], [ 10.647306, 46.051235 ], [ 10.645232, 46.05314 ], [ 10.645104, 46.053605 ], [ 10.643823, 46.054655 ], [ 10.641396, 46.055775 ], [ 10.640033, 46.056743 ], [ 10.638163, 46.057199 ], [ 10.637628, 46.059525 ], [ 10.636622, 46.062821 ], [ 10.635303, 46.062371 ], [ 10.63205, 46.062653 ], [ 10.628698, 46.062242 ], [ 10.627153, 46.061713 ], [ 10.62491, 46.061855 ], [ 10.622285, 46.061683 ], [ 10.620595, 46.061079 ], [ 10.618136, 46.060854 ], [ 10.614367, 46.061196 ], [ 10.613249, 46.061535 ], [ 10.608502, 46.064162 ], [ 10.604714, 46.065732 ], [ 10.600909, 46.066655 ], [ 10.598532, 46.06707 ], [ 10.597343, 46.066903 ], [ 10.596091, 46.067196 ], [ 10.591993, 46.067598 ], [ 10.587907, 46.068573 ], [ 10.584868, 46.068633 ], [ 10.582805, 46.067478 ], [ 10.579413, 46.066478 ], [ 10.577822, 46.065635 ], [ 10.576648, 46.064342 ], [ 10.574131, 46.062283 ], [ 10.573746, 46.06152 ], [ 10.574107, 46.059406 ], [ 10.574506, 46.058308 ], [ 10.574867, 46.055996 ], [ 10.574066, 46.055028 ], [ 10.571734, 46.053392 ], [ 10.568349, 46.052014 ], [ 10.567463, 46.050974 ], [ 10.567634, 46.049535 ], [ 10.566784, 46.048266 ], [ 10.564803, 46.04679 ], [ 10.565855, 46.044476 ], [ 10.5682, 46.04146 ], [ 10.570438, 46.041378 ], [ 10.571106, 46.041135 ], [ 10.571127, 46.039824 ], [ 10.570801, 46.038977 ], [ 10.571051, 46.036624 ], [ 10.571394, 46.035441 ], [ 10.570662, 46.033896 ], [ 10.571391, 46.032945 ], [ 10.571419, 46.030997 ], [ 10.572211, 46.030466 ], [ 10.572808, 46.028972 ], [ 10.571637, 46.026685 ], [ 10.571733, 46.025347 ], [ 10.571226, 46.024114 ], [ 10.573573, 46.021678 ], [ 10.574167, 46.020885 ], [ 10.574537, 46.019724 ], [ 10.577502, 46.017499 ], [ 10.578153, 46.017167 ], [ 10.578749, 46.015924 ], [ 10.578155, 46.014784 ], [ 10.578475, 46.013889 ], [ 10.577242, 46.011145 ], [ 10.578924, 46.009641 ], [ 10.579405, 46.008888 ], [ 10.581252, 46.008131 ], [ 10.58297, 46.006345 ], [ 10.58374, 46.005872 ], [ 10.58377, 46.005007 ], [ 10.583334, 46.003715 ], [ 10.583661, 46.0011 ], [ 10.585327, 45.998777 ], [ 10.587544, 45.997927 ], [ 10.588353, 45.997158 ], [ 10.58798, 45.996319 ], [ 10.58682, 45.995081 ], [ 10.58688, 45.993613 ], [ 10.587747, 45.992484 ], [ 10.587787, 45.991626 ], [ 10.587134, 45.990638 ], [ 10.587019, 45.988305 ], [ 10.587339, 45.985952 ], [ 10.587634, 45.985592 ], [ 10.59228, 45.983495 ], [ 10.595674, 45.982957 ], [ 10.597052, 45.982221 ], [ 10.597822, 45.980999 ], [ 10.599259, 45.980202 ], [ 10.600539, 45.97911 ], [ 10.60117, 45.976832 ], [ 10.602315, 45.975451 ], [ 10.60327, 45.975027 ], [ 10.605756, 45.974599 ], [ 10.609255, 45.975147 ], [ 10.613064, 45.973597 ], [ 10.614258, 45.972528 ], [ 10.616804, 45.971253 ], [ 10.61952, 45.970514 ], [ 10.621053, 45.969751 ], [ 10.622717, 45.967931 ], [ 10.624163, 45.966944 ], [ 10.626659, 45.966527 ], [ 10.62822, 45.966045 ], [ 10.629388, 45.966555 ], [ 10.629336, 45.967106 ], [ 10.626882, 45.968493 ], [ 10.62605, 45.970034 ], [ 10.6261, 45.970614 ], [ 10.628054, 45.970296 ], [ 10.629035, 45.971013 ], [ 10.629423, 45.972631 ], [ 10.628482, 45.973944 ], [ 10.627706, 45.974522 ], [ 10.629469, 45.974754 ], [ 10.630636, 45.975205 ], [ 10.630908, 45.975864 ], [ 10.631908, 45.976162 ], [ 10.633061, 45.976984 ], [ 10.633903, 45.9766 ], [ 10.636163, 45.97615 ], [ 10.638569, 45.976021 ], [ 10.639394, 45.975462 ], [ 10.641257, 45.975315 ], [ 10.643211, 45.974843 ], [ 10.64393, 45.976422 ], [ 10.643508, 45.977617 ], [ 10.643636, 45.979381 ], [ 10.644773, 45.980506 ], [ 10.644728, 45.981653 ], [ 10.64567, 45.98215 ], [ 10.646704, 45.98405 ], [ 10.649946, 45.984437 ], [ 10.649856, 45.98589 ], [ 10.651287, 45.986412 ], [ 10.652578, 45.984326 ], [ 10.652738, 45.982685 ], [ 10.654879, 45.982239 ], [ 10.655467, 45.979087 ], [ 10.653708, 45.977278 ], [ 10.654595, 45.973718 ], [ 10.655029, 45.972455 ], [ 10.654425, 45.970617 ], [ 10.655077, 45.967323 ], [ 10.6545, 45.965752 ], [ 10.653979, 45.965376 ], [ 10.654404, 45.964621 ], [ 10.65597, 45.964112 ], [ 10.65728, 45.964056 ], [ 10.658531, 45.962612 ], [ 10.659143, 45.962576 ], [ 10.660076, 45.96356 ], [ 10.660398, 45.9646 ], [ 10.661437, 45.965115 ], [ 10.66371, 45.964214 ], [ 10.666587, 45.963393 ], [ 10.667944, 45.962484 ], [ 10.670878, 45.962064 ], [ 10.673263, 45.962648 ], [ 10.675697, 45.963746 ], [ 10.676852, 45.963813 ], [ 10.680052, 45.963119 ], [ 10.681757, 45.964137 ], [ 10.684129, 45.963671 ], [ 10.685147, 45.963077 ], [ 10.686017, 45.962077 ], [ 10.687431, 45.961574 ], [ 10.690661, 45.960779 ], [ 10.69196, 45.96033 ], [ 10.694218, 45.96018 ], [ 10.695417, 45.960375 ], [ 10.696462, 45.960151 ], [ 10.697965, 45.959363 ], [ 10.700026, 45.959158 ], [ 10.70293, 45.958474 ], [ 10.704265, 45.95851 ], [ 10.704772, 45.959935 ], [ 10.704263, 45.961611 ], [ 10.704932, 45.963463 ], [ 10.704367, 45.964336 ], [ 10.704869, 45.965502 ], [ 10.705642, 45.966395 ], [ 10.70598, 45.968336 ], [ 10.703953, 45.969374 ], [ 10.703368, 45.971398 ], [ 10.701385, 45.972201 ], [ 10.698767, 45.974245 ], [ 10.699689, 45.974684 ], [ 10.699481, 45.976185 ], [ 10.700154, 45.978607 ], [ 10.699434, 45.979616 ], [ 10.699659, 45.981885 ], [ 10.699438, 45.983982 ], [ 10.697285, 45.987494 ], [ 10.693996, 45.988727 ], [ 10.692771, 45.989725 ], [ 10.692246, 45.990607 ], [ 10.695921, 45.99125 ], [ 10.698015, 45.991757 ], [ 10.698366, 45.991114 ], [ 10.70068, 45.99082 ], [ 10.701651, 45.992111 ], [ 10.703726, 45.991283 ], [ 10.704003, 45.990363 ], [ 10.705479, 45.988969 ], [ 10.708098, 45.988201 ], [ 10.709624, 45.988089 ], [ 10.711787, 45.987488 ], [ 10.715316, 45.986503 ], [ 10.716111, 45.986119 ], [ 10.716935, 45.987234 ], [ 10.717793, 45.987884 ], [ 10.718391, 45.989194 ], [ 10.719414, 45.989747 ], [ 10.721829, 45.992884 ], [ 10.721686, 45.993186 ], [ 10.722825, 45.994554 ], [ 10.721865, 45.995495 ], [ 10.719092, 45.995345 ], [ 10.718508, 45.995897 ], [ 10.716827, 45.996017 ], [ 10.720165, 45.997726 ], [ 10.715186, 45.998612 ], [ 10.714737, 45.998825 ], [ 10.711422, 45.999387 ], [ 10.709793, 45.999203 ], [ 10.707824, 46.000064 ], [ 10.704219, 46.000131 ], [ 10.701166, 46.00124 ], [ 10.699751, 46.001428 ], [ 10.699097, 46.001882 ], [ 10.701437, 46.003134 ], [ 10.703922, 46.005279 ], [ 10.70588, 46.007555 ], [ 10.706004, 46.008201 ], [ 10.709357, 46.011268 ], [ 10.710135, 46.011673 ], [ 10.711518, 46.013625 ], [ 10.712251, 46.013738 ], [ 10.711539, 46.015125 ], [ 10.710926, 46.015284 ], [ 10.710686, 46.016708 ], [ 10.711793, 46.016905 ], [ 10.713444, 46.018258 ], [ 10.714244, 46.01929 ], [ 10.715145, 46.021153 ] ] ] } },
{ "type": "Feature", "properties": { "com_altname": null, "com_area_code": "ITA", "com_capoluogo": "No", "com_code": "22123", "com_name": "Mori", "com_name_lower": "mori", "com_name_upper": "MORI", "com_type": "Comune", "geo_point_2d": { "lat": 45.85985898671279, "lon": 10.957537066730973 }, "prov_code": "22", "prov_name": "Trento", "reg_code": "4", "reg_name": "Trentino-Alto Adige", "rip_code": "2", "rip_name": "Nord-Est", "year": "2022" }, "geometry": { "type": "Polygon", "coordinates": [ [ [ 10.983663, 45.898534 ], [ 10.981893, 45.896157 ], [ 10.980281, 45.89459 ], [ 10.979045, 45.893943 ], [ 10.977915, 45.89298 ], [ 10.976873, 45.891186 ], [ 10.975586, 45.89044 ], [ 10.975183, 45.889569 ], [ 10.973642, 45.888 ], [ 10.972618, 45.886536 ], [ 10.972063, 45.885333 ], [ 10.971154, 45.884695 ], [ 10.970701, 45.882437 ], [ 10.967105, 45.882516 ], [ 10.965585, 45.881888 ], [ 10.964619, 45.881907 ], [ 10.962523, 45.881161 ], [ 10.961122, 45.880107 ], [ 10.957348, 45.879154 ], [ 10.955254, 45.87888 ], [ 10.95492, 45.87859 ], [ 10.952237, 45.877914 ], [ 10.947645, 45.879776 ], [ 10.946023, 45.880213 ], [ 10.94541, 45.879549 ], [ 10.945435, 45.877826 ], [ 10.943768, 45.876734 ], [ 10.942889, 45.876875 ], [ 10.942457, 45.878224 ], [ 10.942961, 45.879318 ], [ 10.943942, 45.8804 ], [ 10.944277, 45.88154 ], [ 10.943086, 45.88317 ], [ 10.941064, 45.884253 ], [ 10.940383, 45.885857 ], [ 10.938399, 45.887083 ], [ 10.935827, 45.888251 ], [ 10.934072, 45.889338 ], [ 10.931733, 45.887419 ], [ 10.929511, 45.886225 ], [ 10.928865, 45.886995 ], [ 10.926389, 45.887127 ], [ 10.924086, 45.889475 ], [ 10.927381, 45.89261 ], [ 10.925589, 45.894902 ], [ 10.924986, 45.896399 ], [ 10.923005, 45.894673 ], [ 10.922335, 45.894498 ], [ 10.921032, 45.895007 ], [ 10.920011, 45.894186 ], [ 10.918994, 45.894093 ], [ 10.917456, 45.892837 ], [ 10.916187, 45.89241 ], [ 10.91503, 45.890934 ], [ 10.914952, 45.889825 ], [ 10.914122, 45.887691 ], [ 10.909408, 45.885605 ], [ 10.908137, 45.884821 ], [ 10.903536, 45.885265 ], [ 10.89813, 45.885665 ], [ 10.899198, 45.884785 ], [ 10.90258, 45.884466 ], [ 10.904606, 45.884037 ], [ 10.903919, 45.881831 ], [ 10.901745, 45.882004 ], [ 10.90041, 45.881923 ], [ 10.898992, 45.882172 ], [ 10.898106, 45.881714 ], [ 10.895604, 45.88192 ], [ 10.896111, 45.881016 ], [ 10.897723, 45.880723 ], [ 10.898446, 45.8803 ], [ 10.900079, 45.880086 ], [ 10.901348, 45.880317 ], [ 10.902289, 45.879794 ], [ 10.905128, 45.878753 ], [ 10.90731, 45.878842 ], [ 10.911919, 45.878016 ], [ 10.91564, 45.877113 ], [ 10.916721, 45.876488 ], [ 10.917061, 45.87571 ], [ 10.918167, 45.875169 ], [ 10.919342, 45.873901 ], [ 10.91706, 45.873129 ], [ 10.915891, 45.871033 ], [ 10.914448, 45.871277 ], [ 10.910998, 45.8727 ], [ 10.90988, 45.872361 ], [ 10.909027, 45.870087 ], [ 10.910435, 45.870337 ], [ 10.911251, 45.87079 ], [ 10.912377, 45.86969 ], [ 10.913118, 45.869604 ], [ 10.913316, 45.870736 ], [ 10.91215, 45.871057 ], [ 10.912165, 45.871739 ], [ 10.91622, 45.869536 ], [ 10.915641, 45.869115 ], [ 10.913189, 45.869432 ], [ 10.912647, 45.868946 ], [ 10.913135, 45.868296 ], [ 10.914117, 45.868278 ], [ 10.914991, 45.867675 ], [ 10.914924, 45.866802 ], [ 10.915389, 45.865793 ], [ 10.916336, 45.864823 ], [ 10.914439, 45.862953 ], [ 10.913553, 45.862522 ], [ 10.911862, 45.860364 ], [ 10.910477, 45.858889 ], [ 10.910379, 45.857304 ], [ 10.909925, 45.855912 ], [ 10.909791, 45.854248 ], [ 10.908864, 45.853543 ], [ 10.91145, 45.852173 ], [ 10.912786, 45.850909 ], [ 10.912914, 45.84986 ], [ 10.914446, 45.849347 ], [ 10.914066, 45.847844 ], [ 10.915194, 45.847969 ], [ 10.915916, 45.8464 ], [ 10.916974, 45.84529 ], [ 10.917779, 45.845147 ], [ 10.919171, 45.846973 ], [ 10.920083, 45.847444 ], [ 10.92149, 45.8486 ], [ 10.923244, 45.848804 ], [ 10.924668, 45.84845 ], [ 10.926408, 45.847602 ], [ 10.927615, 45.847758 ], [ 10.928989, 45.848528 ], [ 10.930185, 45.848736 ], [ 10.931878, 45.848449 ], [ 10.932799, 45.850219 ], [ 10.934678, 45.849088 ], [ 10.93689, 45.848705 ], [ 10.939283, 45.84765 ], [ 10.940246, 45.847057 ], [ 10.941543, 45.846995 ], [ 10.940817, 45.846059 ], [ 10.941293, 45.845624 ], [ 10.941375, 45.844339 ], [ 10.945911, 45.841108 ], [ 10.947112, 45.841058 ], [ 10.948475, 45.841742 ], [ 10.950046, 45.842017 ], [ 10.952308, 45.841774 ], [ 10.954781, 45.841085 ], [ 10.95771, 45.842279 ], [ 10.960402, 45.844568 ], [ 10.961971, 45.84567 ], [ 10.962573, 45.844688 ], [ 10.963909, 45.843424 ], [ 10.964515, 45.841771 ], [ 10.964706, 45.839321 ], [ 10.962971, 45.834387 ], [ 10.96347, 45.831243 ], [ 10.96408, 45.829081 ], [ 10.964467, 45.826136 ], [ 10.96724, 45.823713 ], [ 10.971922, 45.825271 ], [ 10.973975, 45.825492 ], [ 10.975312, 45.826195 ], [ 10.984155, 45.827184 ], [ 10.986757, 45.826524 ], [ 10.988633, 45.826832 ], [ 10.990901, 45.825689 ], [ 10.990967, 45.825022 ], [ 10.992435, 45.826166 ], [ 10.99253, 45.827357 ], [ 10.995733, 45.828535 ], [ 10.998975, 45.826986 ], [ 11.000661, 45.826922 ], [ 11.000187, 45.828808 ], [ 11.00028, 45.831205 ], [ 11.001822, 45.834812 ], [ 11.00313, 45.835203 ], [ 11.007196, 45.836717 ], [ 11.009002, 45.838222 ], [ 11.009003, 45.839514 ], [ 11.007259, 45.84022 ], [ 11.002374, 45.841533 ], [ 10.998976, 45.843235 ], [ 10.99721, 45.84533 ], [ 10.996497, 45.845445 ], [ 10.996457, 45.846251 ], [ 10.997337, 45.847946 ], [ 10.999034, 45.850211 ], [ 10.999869, 45.851673 ], [ 11.000345, 45.853284 ], [ 11.00036, 45.855475 ], [ 10.999451, 45.856617 ], [ 10.997894, 45.85722 ], [ 10.996807, 45.858513 ], [ 10.997256, 45.860378 ], [ 10.999965, 45.863948 ], [ 11.001478, 45.865654 ], [ 11.003161, 45.866832 ], [ 11.002954, 45.868205 ], [ 11.001591, 45.868855 ], [ 10.998626, 45.870619 ], [ 10.996532, 45.872005 ], [ 10.995538, 45.87298 ], [ 10.993738, 45.871849 ], [ 10.993561, 45.870562 ], [ 10.991906, 45.869396 ], [ 10.991091, 45.868478 ], [ 10.989229, 45.868324 ], [ 10.987045, 45.867843 ], [ 10.984688, 45.867592 ], [ 10.982967, 45.868515 ], [ 10.981103, 45.871185 ], [ 10.981116, 45.872028 ], [ 10.982352, 45.873743 ], [ 10.982088, 45.874713 ], [ 10.982251, 45.876633 ], [ 10.982023, 45.877285 ], [ 10.979045, 45.879722 ], [ 10.978848, 45.880228 ], [ 10.979773, 45.88159 ], [ 10.980676, 45.883697 ], [ 10.981695, 45.884247 ], [ 10.980928, 45.884637 ], [ 10.979466, 45.884728 ], [ 10.979368, 45.885326 ], [ 10.98077, 45.887807 ], [ 10.982794, 45.89287 ], [ 10.984246, 45.896037 ], [ 10.984108, 45.897248 ], [ 10.984416, 45.898268 ], [ 10.983663, 45.898534 ] ] ] } },
{ "type": "Feature", "properties": { "com_altname": null, "com_area_code": "ITA", "com_capoluogo": "No", "com_code": "22128", "com_name": "Nomi", "com_name_lower": "nomi", "com_name_upper": "NOMI", "com_type": "Comune", "geo_point_2d": { "lat": 45.940077399440824, "lon": 11.08513684348628 }, "prov_code": "22", "prov_name": "Trento", "reg_code": "4", "reg_name": "Trentino-Alto Adige", "rip_code": "2", "rip_name": "Nord-Est", "year": "2022" }, "geometry": { "type": "Polygon", "coordinates": [ [ [ 11.062299, 45.928693 ], [ 11.063395, 45.928598 ], [ 11.066062, 45.927522 ], [ 11.069931, 45.926305 ], [ 11.073035, 45.925791 ], [ 11.075311, 45.925774 ], [ 11.07804, 45.925105 ], [ 11.081678, 45.923764 ], [ 11.083752, 45.921856 ], [ 11.085085, 45.920887 ], [ 11.087393, 45.920447 ], [ 11.089694, 45.921475 ], [ 11.091126, 45.92297 ], [ 11.091921, 45.923967 ], [ 11.092177, 45.926425 ], [ 11.092029, 45.927828 ], [ 11.090852, 45.929212 ], [ 11.089423, 45.92995 ], [ 11.088356, 45.930919 ], [ 11.087545, 45.932128 ], [ 11.086456, 45.932658 ], [ 11.089332, 45.935566 ], [ 11.091105, 45.937039 ], [ 11.094644, 45.938437 ], [ 11.096653, 45.939348 ], [ 11.097705, 45.9403 ], [ 11.098091, 45.941232 ], [ 11.097779, 45.942341 ], [ 11.096311, 45.944353 ], [ 11.094844, 45.946757 ], [ 11.094042, 45.948686 ], [ 11.094327, 45.949506 ], [ 11.095703, 45.950398 ], [ 11.099881, 45.950535 ], [ 11.103966, 45.951405 ], [ 11.10592, 45.952433 ], [ 11.107446, 45.954046 ], [ 11.108265, 45.955451 ], [ 11.108729, 45.956936 ], [ 11.108904, 45.95835 ], [ 11.108062, 45.962009 ], [ 11.107706, 45.964611 ], [ 11.107536, 45.967289 ], [ 11.106395, 45.967062 ], [ 11.105406, 45.964565 ], [ 11.105485, 45.963097 ], [ 11.103824, 45.961569 ], [ 11.104121, 45.960825 ], [ 11.10348, 45.959658 ], [ 11.102314, 45.958737 ], [ 11.101665, 45.958631 ], [ 11.100065, 45.957658 ], [ 11.099941, 45.957053 ], [ 11.09841, 45.955436 ], [ 11.097501, 45.954896 ], [ 11.096065, 45.95494 ], [ 11.094503, 45.953919 ], [ 11.093215, 45.953492 ], [ 11.092964, 45.954056 ], [ 11.087352, 45.954758 ], [ 11.087313, 45.953318 ], [ 11.082309, 45.954211 ], [ 11.079997, 45.95402 ], [ 11.078482, 45.953677 ], [ 11.081027, 45.950824 ], [ 11.08127, 45.950273 ], [ 11.082603, 45.950089 ], [ 11.081955, 45.949294 ], [ 11.080877, 45.949388 ], [ 11.080156, 45.947894 ], [ 11.078797, 45.947512 ], [ 11.077646, 45.94832 ], [ 11.076216, 45.948272 ], [ 11.075943, 45.944903 ], [ 11.077138, 45.944125 ], [ 11.077172, 45.943286 ], [ 11.075997, 45.942442 ], [ 11.076072, 45.940842 ], [ 11.074842, 45.93926 ], [ 11.07282, 45.939416 ], [ 11.071109, 45.939794 ], [ 11.069403, 45.939246 ], [ 11.069813, 45.938733 ], [ 11.06922, 45.93639 ], [ 11.062835, 45.933439 ], [ 11.062862, 45.932196 ], [ 11.061875, 45.930646 ], [ 11.062299, 45.928693 ] ] ] } },
{ "type": "Feature", "properties": { "com_altname": null, "com_area_code": "ITA", "com_capoluogo": "No", "com_code": "22022", "com_name": "Borgo Valsugana", "com_name_lower": "borgo valsugana", "com_name_upper": "BORGO VALSUGANA", "com_type": "Comune", "geo_point_2d": { "lat": 46.014991107228106, "lon": 11.43453606968474 }, "prov_code": "22", "prov_name": "Trento", "reg_code": "4", "reg_name": "Trentino-Alto Adige", "rip_code": "2", "rip_name": "Nord-Est", "year": "2022" }, "geometry": { "type": "Polygon", "coordinates": [ [ [ 11.475871, 46.05632 ], [ 11.474564, 46.057718 ], [ 11.471969, 46.059979 ], [ 11.470811, 46.061404 ], [ 11.470627, 46.062533 ], [ 11.469682, 46.06276 ], [ 11.467174, 46.062033 ], [ 11.464656, 46.060366 ], [ 11.460395, 46.059489 ], [ 11.459742, 46.05985 ], [ 11.45964, 46.062252 ], [ 11.459638, 46.065772 ], [ 11.456436, 46.065244 ], [ 11.45348, 46.0641 ], [ 11.450792, 46.064056 ], [ 11.448414, 46.064521 ], [ 11.447955, 46.063742 ], [ 11.446178, 46.064299 ], [ 11.442477, 46.062401 ], [ 11.440294, 46.062929 ], [ 11.438432, 46.063084 ], [ 11.434554, 46.06276 ], [ 11.432952, 46.061266 ], [ 11.430705, 46.060248 ], [ 11.428824, 46.058733 ], [ 11.426999, 46.057485 ], [ 11.426949, 46.053955 ], [ 11.428479, 46.050566 ], [ 11.429316, 46.048028 ], [ 11.430439, 46.043846 ], [ 11.428575, 46.043721 ], [ 11.425413, 46.042945 ], [ 11.422425, 46.042339 ], [ 11.423951, 46.037684 ], [ 11.424398, 46.033386 ], [ 11.421748, 46.032493 ], [ 11.421237, 46.032011 ], [ 11.418134, 46.031711 ], [ 11.419119, 46.030579 ], [ 11.41824, 46.02883 ], [ 11.42028, 46.027366 ], [ 11.41786, 46.026568 ], [ 11.416754, 46.02654 ], [ 11.414937, 46.025517 ], [ 11.415917, 46.024825 ], [ 11.420568, 46.019823 ], [ 11.417177, 46.018417 ], [ 11.416115, 46.018243 ], [ 11.415284, 46.017721 ], [ 11.415145, 46.017062 ], [ 11.412944, 46.01704 ], [ 11.410696, 46.015925 ], [ 11.409706, 46.015119 ], [ 11.408279, 46.014976 ], [ 11.406373, 46.015559 ], [ 11.405093, 46.015661 ], [ 11.402432, 46.015519 ], [ 11.399515, 46.014001 ], [ 11.39737, 46.013822 ], [ 11.395464, 46.014379 ], [ 11.392386, 46.013814 ], [ 11.385844, 46.012482 ], [ 11.383824, 46.011764 ], [ 11.380598, 46.011444 ], [ 11.379762, 46.010873 ], [ 11.377503, 46.010785 ], [ 11.375607, 46.011015 ], [ 11.374173, 46.010516 ], [ 11.370803, 46.009888 ], [ 11.370112, 46.009101 ], [ 11.369366, 46.00931 ], [ 11.368084, 46.008985 ], [ 11.366155, 46.008096 ], [ 11.366255, 46.00663 ], [ 11.363645, 46.006103 ], [ 11.362973, 46.006399 ], [ 11.361484, 46.006227 ], [ 11.360432, 46.005711 ], [ 11.361202, 46.004279 ], [ 11.360871, 46.003699 ], [ 11.360856, 46.001791 ], [ 11.361085, 46.000865 ], [ 11.360547, 46.000654 ], [ 11.361071, 45.999435 ], [ 11.362102, 45.997786 ], [ 11.363684, 45.995701 ], [ 11.365626, 45.995362 ], [ 11.367032, 45.99368 ], [ 11.367302, 45.992368 ], [ 11.368217, 45.991564 ], [ 11.369987, 45.988271 ], [ 11.370525, 45.987626 ], [ 11.372045, 45.984605 ], [ 11.372221, 45.98294 ], [ 11.373376, 45.983214 ], [ 11.37746, 45.984274 ], [ 11.37819, 45.984247 ], [ 11.379719, 45.983473 ], [ 11.381223, 45.983516 ], [ 11.383013, 45.982887 ], [ 11.384335, 45.982197 ], [ 11.385498, 45.982592 ], [ 11.387316, 45.982662 ], [ 11.388076, 45.982209 ], [ 11.390961, 45.981796 ], [ 11.393771, 45.980596 ], [ 11.396852, 45.98054 ], [ 11.400873, 45.980114 ], [ 11.402558, 45.980732 ], [ 11.404343, 45.98085 ], [ 11.405435, 45.981769 ], [ 11.406633, 45.981876 ], [ 11.407392, 45.981559 ], [ 11.409235, 45.982237 ], [ 11.412047, 45.981953 ], [ 11.413488, 45.980883 ], [ 11.414981, 45.980639 ], [ 11.417965, 45.980492 ], [ 11.419853, 45.981614 ], [ 11.422014, 45.980472 ], [ 11.422834, 45.980334 ], [ 11.427003, 45.980676 ], [ 11.4295, 45.980665 ], [ 11.43098, 45.981367 ], [ 11.434503, 45.980862 ], [ 11.436324, 45.981603 ], [ 11.439627, 45.982279 ], [ 11.441926, 45.981973 ], [ 11.446782, 45.980893 ], [ 11.44803, 45.981773 ], [ 11.449033, 45.981646 ], [ 11.44903, 45.982459 ], [ 11.449852, 45.983168 ], [ 11.450316, 45.984253 ], [ 11.452347, 45.983801 ], [ 11.453821, 45.984383 ], [ 11.455875, 45.986406 ], [ 11.456441, 45.988544 ], [ 11.4575, 45.98918 ], [ 11.459072, 45.989617 ], [ 11.459269, 45.99011 ], [ 11.462025, 45.991314 ], [ 11.462329, 45.993116 ], [ 11.462945, 45.993557 ], [ 11.466634, 45.995087 ], [ 11.467293, 45.995773 ], [ 11.468045, 45.997556 ], [ 11.477629, 45.998001 ], [ 11.48259, 45.998173 ], [ 11.483116, 45.999111 ], [ 11.483329, 46.000411 ], [ 11.485098, 46.002569 ], [ 11.485239, 46.003421 ], [ 11.486454, 46.004055 ], [ 11.487982, 46.006177 ], [ 11.48905, 46.007295 ], [ 11.488861, 46.008205 ], [ 11.490813, 46.007482 ], [ 11.491201, 46.00855 ], [ 11.491956, 46.011443 ], [ 11.492907, 46.01434 ], [ 11.491144, 46.01678 ], [ 11.490258, 46.018554 ], [ 11.489121, 46.020173 ], [ 11.487915, 46.022735 ], [ 11.487066, 46.023936 ], [ 11.485399, 46.024718 ], [ 11.484851, 46.026475 ], [ 11.484136, 46.027699 ], [ 11.484383, 46.028894 ], [ 11.482432, 46.030753 ], [ 11.480855, 46.031064 ], [ 11.479286, 46.032194 ], [ 11.477025, 46.032641 ], [ 11.474967, 46.034368 ], [ 11.473094, 46.035317 ], [ 11.471597, 46.039588 ], [ 11.469851, 46.042432 ], [ 11.468842, 46.0445 ], [ 11.46843, 46.046089 ], [ 11.467635, 46.047103 ], [ 11.46828, 46.048244 ], [ 11.469571, 46.049421 ], [ 11.470656, 46.049997 ], [ 11.470959, 46.05067 ], [ 11.472485, 46.052208 ], [ 11.474689, 46.052205 ], [ 11.475414, 46.051867 ], [ 11.475871, 46.05632 ] ] ] } },
{ "type": "Feature", "properties": { "com_altname": null, "com_area_code": "ITA", "com_capoluogo": "No", "com_code": "22017", "com_name": "Bleggio Superiore", "com_name_lower": "bleggio superiore", "com_name_upper": "BLEGGIO SUPERIORE", "com_type": "Comune", "geo_point_2d": { "lat": 46.009415602453046, "lon": 10.793358051698448 }, "prov_code": "22", "prov_name": "Trento", "reg_code": "4", "reg_name": "Trentino-Alto Adige", "rip_code": "2", "rip_name": "Nord-Est", "year": "2022" }, "geometry": { "type": "Polygon", "coordinates": [ [ [ 10.751688, 45.969835 ], [ 10.753734, 45.968741 ], [ 10.758157, 45.967051 ], [ 10.759728, 45.966069 ], [ 10.762837, 45.966071 ], [ 10.763896, 45.96645 ], [ 10.763713, 45.966881 ], [ 10.764432, 45.968828 ], [ 10.767142, 45.970135 ], [ 10.769378, 45.972731 ], [ 10.771465, 45.971997 ], [ 10.774241, 45.971664 ], [ 10.776861, 45.971605 ], [ 10.777404, 45.971931 ], [ 10.778344, 45.973432 ], [ 10.779527, 45.973927 ], [ 10.782357, 45.974352 ], [ 10.782033, 45.975199 ], [ 10.782344, 45.976921 ], [ 10.78378, 45.977499 ], [ 10.786152, 45.979007 ], [ 10.790298, 45.982365 ], [ 10.790648, 45.9837 ], [ 10.794859, 45.986946 ], [ 10.794837, 45.988105 ], [ 10.795187, 45.98869 ], [ 10.794912, 45.990257 ], [ 10.795913, 45.990483 ], [ 10.797914, 45.991477 ], [ 10.798796, 45.992677 ], [ 10.799183, 45.994189 ], [ 10.799684, 45.994868 ], [ 10.801615, 45.996409 ], [ 10.803752, 45.996507 ], [ 10.806184, 45.996357 ], [ 10.807529, 45.996991 ], [ 10.80768, 45.99839 ], [ 10.808896, 45.99776 ], [ 10.809881, 45.998008 ], [ 10.81092, 45.997276 ], [ 10.809989, 45.996481 ], [ 10.809456, 45.994437 ], [ 10.811555, 45.993353 ], [ 10.813164, 45.992775 ], [ 10.813885, 45.991001 ], [ 10.814078, 45.989704 ], [ 10.815187, 45.99018 ], [ 10.817076, 45.990559 ], [ 10.817479, 45.991594 ], [ 10.819056, 45.993619 ], [ 10.820832, 45.997914 ], [ 10.820989, 45.99954 ], [ 10.82225, 46.003956 ], [ 10.823154, 46.006039 ], [ 10.823925, 46.010146 ], [ 10.82481, 46.01057 ], [ 10.826027, 46.012204 ], [ 10.827774, 46.012759 ], [ 10.829322, 46.014285 ], [ 10.830121, 46.015623 ], [ 10.832846, 46.01783 ], [ 10.835074, 46.018457 ], [ 10.835746, 46.018963 ], [ 10.83758, 46.01879 ], [ 10.838761, 46.018973 ], [ 10.839772, 46.018006 ], [ 10.841297, 46.018142 ], [ 10.84192, 46.017692 ], [ 10.84325, 46.018387 ], [ 10.84279, 46.020045 ], [ 10.844073, 46.020642 ], [ 10.844365, 46.021927 ], [ 10.844804, 46.022444 ], [ 10.844468, 46.023526 ], [ 10.844798, 46.024384 ], [ 10.841815, 46.024334 ], [ 10.839614, 46.025054 ], [ 10.835232, 46.027384 ], [ 10.83394, 46.027756 ], [ 10.834148, 46.02855 ], [ 10.835293, 46.029994 ], [ 10.835126, 46.031986 ], [ 10.833503, 46.031669 ], [ 10.830912, 46.031421 ], [ 10.830072, 46.031671 ], [ 10.829082, 46.032639 ], [ 10.826497, 46.033203 ], [ 10.8281, 46.034112 ], [ 10.829224, 46.034288 ], [ 10.830011, 46.034995 ], [ 10.830077, 46.035692 ], [ 10.830816, 46.037365 ], [ 10.831018, 46.038596 ], [ 10.832502, 46.040504 ], [ 10.832536, 46.041687 ], [ 10.833102, 46.042905 ], [ 10.833415, 46.04428 ], [ 10.832805, 46.045054 ], [ 10.831087, 46.044755 ], [ 10.828472, 46.044638 ], [ 10.826898, 46.044781 ], [ 10.824113, 46.044215 ], [ 10.820873, 46.043954 ], [ 10.814393, 46.044764 ], [ 10.81255, 46.04509 ], [ 10.810414, 46.045143 ], [ 10.808287, 46.044893 ], [ 10.805856, 46.044336 ], [ 10.803607, 46.044914 ], [ 10.801639, 46.04497 ], [ 10.800292, 46.044701 ], [ 10.796639, 46.046065 ], [ 10.79531, 46.045744 ], [ 10.794968, 46.045286 ], [ 10.789249, 46.044289 ], [ 10.789397, 46.04045 ], [ 10.788886, 46.039892 ], [ 10.789108, 46.03872 ], [ 10.788623, 46.038369 ], [ 10.788694, 46.037209 ], [ 10.787475, 46.03605 ], [ 10.785876, 46.036144 ], [ 10.784089, 46.036591 ], [ 10.782395, 46.036593 ], [ 10.777505, 46.035765 ], [ 10.77509, 46.034697 ], [ 10.776402, 46.03357 ], [ 10.774633, 46.032478 ], [ 10.774125, 46.031273 ], [ 10.774887, 46.029666 ], [ 10.776009, 46.028765 ], [ 10.778687, 46.027982 ], [ 10.776257, 46.026903 ], [ 10.775844, 46.026314 ], [ 10.774721, 46.025935 ], [ 10.774521, 46.024277 ], [ 10.775033, 46.021289 ], [ 10.776147, 46.020477 ], [ 10.776442, 46.017527 ], [ 10.77549, 46.016641 ], [ 10.776113, 46.015898 ], [ 10.781199, 46.013786 ], [ 10.780472, 46.011788 ], [ 10.778629, 46.010845 ], [ 10.775042, 46.010775 ], [ 10.77372, 46.010592 ], [ 10.772198, 46.009343 ], [ 10.771825, 46.007907 ], [ 10.769863, 46.006468 ], [ 10.769135, 46.005462 ], [ 10.766352, 46.005074 ], [ 10.765516, 46.004651 ], [ 10.76379, 46.003005 ], [ 10.762229, 46.002571 ], [ 10.759597, 46.003294 ], [ 10.75673, 46.00101 ], [ 10.755883, 45.999845 ], [ 10.754455, 45.999089 ], [ 10.752638, 45.997527 ], [ 10.751303, 45.997207 ], [ 10.750923, 45.996011 ], [ 10.751796, 45.99486 ], [ 10.751673, 45.994199 ], [ 10.752653, 45.992906 ], [ 10.752414, 45.990348 ], [ 10.752065, 45.989729 ], [ 10.748964, 45.988462 ], [ 10.74816, 45.987737 ], [ 10.748019, 45.987087 ], [ 10.748473, 45.985589 ], [ 10.749429, 45.984094 ], [ 10.74934, 45.9819 ], [ 10.749698, 45.980133 ], [ 10.748575, 45.978457 ], [ 10.749772, 45.975857 ], [ 10.749897, 45.974635 ], [ 10.749533, 45.973896 ], [ 10.75151, 45.970877 ], [ 10.751688, 45.969835 ] ] ] } },
{ "type": "Feature", "properties": { "com_altname": null, "com_area_code": "ITA", "com_capoluogo": "No", "com_code": "22188", "com_name": "Telve", "com_name_lower": "telve", "com_name_upper": "TELVE", "com_type": "Comune", "geo_point_2d": { "lat": 46.13868076450316, "lon": 11.462932813736092 }, "prov_code": "22", "prov_name": "Trento", "reg_code": "4", "reg_name": "Trentino-Alto Adige", "rip_code": "2", "rip_name": "Nord-Est", "year": "2022" }, "geometry": { "type": "Polygon", "coordinates": [ [ [ 11.481176, 46.057125 ], [ 11.484204, 46.058215 ], [ 11.486307, 46.058669 ], [ 11.487103, 46.05926 ], [ 11.486907, 46.060161 ], [ 11.489052, 46.060252 ], [ 11.489853, 46.060869 ], [ 11.489888, 46.061809 ], [ 11.490864, 46.062108 ], [ 11.491572, 46.063519 ], [ 11.490134, 46.063853 ], [ 11.490401, 46.064685 ], [ 11.489537, 46.065108 ], [ 11.491065, 46.066922 ], [ 11.489639, 46.067755 ], [ 11.489696, 46.068595 ], [ 11.490246, 46.06925 ], [ 11.488475, 46.06981 ], [ 11.489109, 46.070825 ], [ 11.488546, 46.072425 ], [ 11.490095, 46.073015 ], [ 11.490506, 46.074659 ], [ 11.491526, 46.076056 ], [ 11.492691, 46.076985 ], [ 11.492363, 46.077635 ], [ 11.491083, 46.078236 ], [ 11.490998, 46.079392 ], [ 11.489102, 46.079792 ], [ 11.488827, 46.081198 ], [ 11.48828, 46.082248 ], [ 11.489037, 46.082356 ], [ 11.490009, 46.083262 ], [ 11.489483, 46.083742 ], [ 11.49167, 46.083897 ], [ 11.492652, 46.082344 ], [ 11.493555, 46.083003 ], [ 11.493363, 46.083451 ], [ 11.494483, 46.085188 ], [ 11.496567, 46.086918 ], [ 11.49843, 46.087322 ], [ 11.499334, 46.087826 ], [ 11.499564, 46.089356 ], [ 11.502177, 46.090875 ], [ 11.503034, 46.093388 ], [ 11.5048, 46.095304 ], [ 11.504749, 46.096109 ], [ 11.503682, 46.097717 ], [ 11.503487, 46.098792 ], [ 11.504185, 46.099463 ], [ 11.503659, 46.100729 ], [ 11.504601, 46.101849 ], [ 11.504327, 46.103043 ], [ 11.504782, 46.103722 ], [ 11.503973, 46.104166 ], [ 11.50322, 46.10526 ], [ 11.503784, 46.10717 ], [ 11.501624, 46.108447 ], [ 11.501181, 46.11012 ], [ 11.500184, 46.110837 ], [ 11.499843, 46.111507 ], [ 11.497605, 46.113863 ], [ 11.497497, 46.114952 ], [ 11.496668, 46.115964 ], [ 11.495357, 46.116386 ], [ 11.494667, 46.117244 ], [ 11.494152, 46.118678 ], [ 11.492706, 46.120073 ], [ 11.493791, 46.120972 ], [ 11.494809, 46.122268 ], [ 11.495992, 46.125606 ], [ 11.496971, 46.126902 ], [ 11.497871, 46.12718 ], [ 11.498923, 46.128865 ], [ 11.498735, 46.130092 ], [ 11.498987, 46.130881 ], [ 11.500013, 46.131877 ], [ 11.500688, 46.133334 ], [ 11.500908, 46.135196 ], [ 11.501622, 46.136979 ], [ 11.501658, 46.137745 ], [ 11.50296, 46.138838 ], [ 11.505029, 46.141391 ], [ 11.506953, 46.142856 ], [ 11.507206, 46.143996 ], [ 11.508133, 46.145183 ], [ 11.509439, 46.145861 ], [ 11.511749, 46.146135 ], [ 11.512368, 46.147136 ], [ 11.513361, 46.147724 ], [ 11.514339, 46.149472 ], [ 11.513279, 46.151238 ], [ 11.514545, 46.152339 ], [ 11.515612, 46.1526 ], [ 11.516802, 46.152383 ], [ 11.517734, 46.152794 ], [ 11.519603, 46.152794 ], [ 11.522254, 46.15447 ], [ 11.523665, 46.154769 ], [ 11.524414, 46.156015 ], [ 11.525902, 46.157194 ], [ 11.527309, 46.159409 ], [ 11.52661, 46.160846 ], [ 11.525221, 46.161936 ], [ 11.523358, 46.163632 ], [ 11.522917, 46.164624 ], [ 11.523074, 46.165391 ], [ 11.522422, 46.166185 ], [ 11.521244, 46.168734 ], [ 11.521239, 46.16967 ], [ 11.520691, 46.171096 ], [ 11.517362, 46.171599 ], [ 11.514211, 46.1727 ], [ 11.512385, 46.174168 ], [ 11.510047, 46.175598 ], [ 11.508825, 46.176803 ], [ 11.507176, 46.177563 ], [ 11.502743, 46.180405 ], [ 11.499936, 46.181798 ], [ 11.498985, 46.183404 ], [ 11.498229, 46.184133 ], [ 11.498434, 46.185785 ], [ 11.497333, 46.185108 ], [ 11.495525, 46.184475 ], [ 11.494726, 46.183807 ], [ 11.492013, 46.182779 ], [ 11.489749, 46.182428 ], [ 11.486844, 46.181241 ], [ 11.485812, 46.181077 ], [ 11.482311, 46.181342 ], [ 11.478388, 46.180957 ], [ 11.476269, 46.180618 ], [ 11.473694, 46.17977 ], [ 11.47244, 46.178912 ], [ 11.472771, 46.176803 ], [ 11.471668, 46.176238 ], [ 11.470289, 46.176274 ], [ 11.465542, 46.177433 ], [ 11.463931, 46.177422 ], [ 11.463468, 46.176191 ], [ 11.46221, 46.174446 ], [ 11.460247, 46.173778 ], [ 11.458678, 46.172363 ], [ 11.455292, 46.17179 ], [ 11.452794, 46.172739 ], [ 11.45185, 46.173268 ], [ 11.449165, 46.173755 ], [ 11.446376, 46.174024 ], [ 11.4438, 46.1752 ], [ 11.441587, 46.175406 ], [ 11.439951, 46.175294 ], [ 11.440842, 46.173245 ], [ 11.438324, 46.173373 ], [ 11.437093, 46.173238 ], [ 11.433984, 46.171738 ], [ 11.433211, 46.171523 ], [ 11.430856, 46.171585 ], [ 11.427773, 46.171309 ], [ 11.426361, 46.170962 ], [ 11.42516, 46.169808 ], [ 11.422053, 46.168944 ], [ 11.420124, 46.166748 ], [ 11.419407, 46.164935 ], [ 11.415651, 46.163868 ], [ 11.414607, 46.163918 ], [ 11.413025, 46.163561 ], [ 11.4104, 46.163692 ], [ 11.407637, 46.163428 ], [ 11.405685, 46.162562 ], [ 11.405003, 46.162484 ], [ 11.402585, 46.163207 ], [ 11.401817, 46.163858 ], [ 11.399279, 46.165099 ], [ 11.395208, 46.166959 ], [ 11.392116, 46.168226 ], [ 11.388137, 46.167403 ], [ 11.38818, 46.165932 ], [ 11.384247, 46.163261 ], [ 11.38219, 46.162255 ], [ 11.381265, 46.161168 ], [ 11.378996, 46.160268 ], [ 11.377709, 46.160255 ], [ 11.376229, 46.158993 ], [ 11.374315, 46.158097 ], [ 11.371605, 46.157425 ], [ 11.37455, 46.15548 ], [ 11.375261, 46.153736 ], [ 11.378219, 46.151432 ], [ 11.379094, 46.151311 ], [ 11.380228, 46.15014 ], [ 11.38093, 46.148404 ], [ 11.381086, 46.146881 ], [ 11.384231, 46.146696 ], [ 11.385287, 46.144853 ], [ 11.38614, 46.14268 ], [ 11.387949, 46.141029 ], [ 11.388717, 46.138212 ], [ 11.388815, 46.136465 ], [ 11.390382, 46.13631 ], [ 11.395623, 46.135189 ], [ 11.396877, 46.135097 ], [ 11.398001, 46.133875 ], [ 11.400797, 46.133056 ], [ 11.402774, 46.132333 ], [ 11.404939, 46.13371 ], [ 11.408304, 46.135429 ], [ 11.409254, 46.136253 ], [ 11.411261, 46.136597 ], [ 11.412013, 46.137095 ], [ 11.413971, 46.137502 ], [ 11.417547, 46.137404 ], [ 11.419006, 46.137484 ], [ 11.420489, 46.138309 ], [ 11.423641, 46.134578 ], [ 11.426922, 46.134243 ], [ 11.432289, 46.134896 ], [ 11.433977, 46.134407 ], [ 11.435416, 46.134809 ], [ 11.436791, 46.135629 ], [ 11.437997, 46.135912 ], [ 11.438937, 46.135409 ], [ 11.440493, 46.135649 ], [ 11.441789, 46.135494 ], [ 11.442047, 46.133858 ], [ 11.443451, 46.132352 ], [ 11.44613, 46.132085 ], [ 11.449617, 46.13224 ], [ 11.451317, 46.131919 ], [ 11.452542, 46.128684 ], [ 11.452971, 46.126861 ], [ 11.454229, 46.126657 ], [ 11.455037, 46.126869 ], [ 11.458592, 46.126608 ], [ 11.462941, 46.125795 ], [ 11.46558, 46.125056 ], [ 11.466611, 46.124489 ], [ 11.466012, 46.123997 ], [ 11.461502, 46.122457 ], [ 11.456527, 46.119941 ], [ 11.452126, 46.118389 ], [ 11.449336, 46.116165 ], [ 11.446291, 46.113275 ], [ 11.448266, 46.112186 ], [ 11.449711, 46.11163 ], [ 11.452491, 46.109792 ], [ 11.453512, 46.109543 ], [ 11.456083, 46.10965 ], [ 11.459795, 46.108517 ], [ 11.461064, 46.108279 ], [ 11.462942, 46.10862 ], [ 11.465172, 46.108189 ], [ 11.466587, 46.106791 ], [ 11.469582, 46.105502 ], [ 11.47081, 46.104519 ], [ 11.468704, 46.101253 ], [ 11.4686, 46.100771 ], [ 11.470637, 46.09911 ], [ 11.472662, 46.097662 ], [ 11.473101, 46.093611 ], [ 11.472149, 46.092286 ], [ 11.4695, 46.0901 ], [ 11.468244, 46.088609 ], [ 11.468325, 46.0824 ], [ 11.468489, 46.081522 ], [ 11.469364, 46.080522 ], [ 11.469292, 46.079485 ], [ 11.468765, 46.078903 ], [ 11.466526, 46.078519 ], [ 11.464589, 46.077998 ], [ 11.460027, 46.077544 ], [ 11.460664, 46.07672 ], [ 11.46528, 46.075905 ], [ 11.46713, 46.075236 ], [ 11.468558, 46.074939 ], [ 11.471521, 46.075486 ], [ 11.47362, 46.074713 ], [ 11.475092, 46.073072 ], [ 11.475357, 46.072198 ], [ 11.475083, 46.070947 ], [ 11.474621, 46.070312 ], [ 11.475833, 46.069427 ], [ 11.476394, 46.067999 ], [ 11.476472, 46.067068 ], [ 11.47369, 46.064803 ], [ 11.472552, 46.064038 ], [ 11.470811, 46.061404 ], [ 11.471969, 46.059979 ], [ 11.474564, 46.057718 ], [ 11.475871, 46.05632 ], [ 11.477032, 46.056314 ], [ 11.478028, 46.056786 ], [ 11.481176, 46.057125 ] ] ] } },
{ "type": "Feature", "properties": { "com_altname": null, "com_area_code": "ITA", "com_capoluogo": "No", "com_code": "22074", "com_name": "Denno", "com_name_lower": "denno", "com_name_upper": "DENNO", "com_type": "Comune", "geo_point_2d": { "lat": 46.27321483446863, "lon": 11.02073289483514 }, "prov_code": "22", "prov_name": "Trento", "reg_code": "4", "reg_name": "Trentino-Alto Adige", "rip_code": "2", "rip_name": "Nord-Est", "year": "2022" }, "geometry": { "type": "Polygon", "coordinates": [ [ [ 10.979185, 46.276845 ], [ 10.97845, 46.275869 ], [ 10.977115, 46.275638 ], [ 10.975592, 46.274952 ], [ 10.975512, 46.273218 ], [ 10.974999, 46.271862 ], [ 10.973097, 46.270616 ], [ 10.973225, 46.269722 ], [ 10.97245, 46.268578 ], [ 10.971865, 46.266016 ], [ 10.971312, 46.265835 ], [ 10.970377, 46.264222 ], [ 10.96994, 46.261867 ], [ 10.969437, 46.261593 ], [ 10.96728, 46.258143 ], [ 10.966314, 46.257784 ], [ 10.96611, 46.256056 ], [ 10.967181, 46.255933 ], [ 10.968013, 46.256554 ], [ 10.976386, 46.259476 ], [ 10.981127, 46.260767 ], [ 10.984755, 46.261109 ], [ 10.988354, 46.2622 ], [ 10.990184, 46.263573 ], [ 10.992434, 46.264373 ], [ 10.994463, 46.263695 ], [ 10.998961, 46.26419 ], [ 11.002174, 46.264156 ], [ 11.005744, 46.264413 ], [ 11.007904, 46.26482 ], [ 11.012786, 46.264363 ], [ 11.012635, 46.265831 ], [ 11.013124, 46.266434 ], [ 11.016578, 46.26654 ], [ 11.017737, 46.266983 ], [ 11.019788, 46.26736 ], [ 11.021336, 46.268301 ], [ 11.022111, 46.269484 ], [ 11.02335, 46.270096 ], [ 11.024841, 46.273085 ], [ 11.028268, 46.273753 ], [ 11.032789, 46.27446 ], [ 11.037166, 46.274823 ], [ 11.037072, 46.273662 ], [ 11.040261, 46.273819 ], [ 11.040494, 46.27338 ], [ 11.040069, 46.271912 ], [ 11.04045, 46.270832 ], [ 11.040247, 46.269613 ], [ 11.041711, 46.269351 ], [ 11.041887, 46.268418 ], [ 11.044376, 46.26655 ], [ 11.045556, 46.266097 ], [ 11.044952, 46.265343 ], [ 11.045841, 46.264606 ], [ 11.048879, 46.2655 ], [ 11.049747, 46.265954 ], [ 11.051512, 46.265908 ], [ 11.053767, 46.264772 ], [ 11.05608, 46.264033 ], [ 11.057373, 46.262561 ], [ 11.056593, 46.260644 ], [ 11.056954, 46.259275 ], [ 11.058171, 46.257673 ], [ 11.061617, 46.257611 ], [ 11.061806, 46.257911 ], [ 11.061358, 46.26102 ], [ 11.061921, 46.262612 ], [ 11.062311, 46.264659 ], [ 11.061963, 46.266335 ], [ 11.062538, 46.266786 ], [ 11.064885, 46.266811 ], [ 11.065741, 46.267908 ], [ 11.062897, 46.269511 ], [ 11.062076, 46.270498 ], [ 11.060891, 46.271653 ], [ 11.061128, 46.274682 ], [ 11.060704, 46.275756 ], [ 11.059914, 46.276481 ], [ 11.056866, 46.277949 ], [ 11.058641, 46.282485 ], [ 11.060004, 46.284206 ], [ 11.059836, 46.285622 ], [ 11.06067, 46.287092 ], [ 11.060348, 46.288273 ], [ 11.061744, 46.289336 ], [ 11.062066, 46.290901 ], [ 11.061573, 46.29168 ], [ 11.062537, 46.292292 ], [ 11.060662, 46.293892 ], [ 11.060043, 46.295388 ], [ 11.05859, 46.29667 ], [ 11.058291, 46.297436 ], [ 11.057322, 46.297953 ], [ 11.055832, 46.299257 ], [ 11.053314, 46.299663 ], [ 11.050462, 46.297014 ], [ 11.051677, 46.293662 ], [ 11.051338, 46.292734 ], [ 11.048897, 46.292381 ], [ 11.049301, 46.28929 ], [ 11.049235, 46.287523 ], [ 11.049531, 46.286052 ], [ 11.047904, 46.283353 ], [ 11.047011, 46.283072 ], [ 11.045893, 46.283348 ], [ 11.045696, 46.282609 ], [ 11.043497, 46.282703 ], [ 11.042062, 46.281428 ], [ 11.041024, 46.281397 ], [ 11.040553, 46.279974 ], [ 11.040513, 46.278953 ], [ 11.039087, 46.279244 ], [ 11.038466, 46.277118 ], [ 11.037942, 46.276506 ], [ 11.035217, 46.276055 ], [ 11.034168, 46.275678 ], [ 11.030859, 46.275417 ], [ 11.027955, 46.274956 ], [ 11.02338, 46.274069 ], [ 11.01801, 46.275442 ], [ 11.007673, 46.276056 ], [ 10.99984, 46.27704 ], [ 10.994151, 46.276989 ], [ 10.993165, 46.277247 ], [ 10.989659, 46.277625 ], [ 10.985922, 46.277668 ], [ 10.979185, 46.276845 ] ] ] } },
{ "type": "Feature", "properties": { "com_altname": null, "com_area_code": "ITA", "com_capoluogo": "No", "com_code": "22168", "com_name": "Sant'Orsola Terme", "com_name_lower": "sant'orsola terme", "com_name_upper": "SANT'ORSOLA TERME", "com_type": "Comune", "geo_point_2d": { "lat": 46.114191334556544, "lon": 11.29671348610338 }, "prov_code": "22", "prov_name": "Trento", "reg_code": "4", "reg_name": "Trentino-Alto Adige", "rip_code": "2", "rip_name": "Nord-Est", "year": "2022" }, "geometry": { "type": "Polygon", "coordinates": [ [ [ 11.33546, 46.125413 ], [ 11.332485, 46.127483 ], [ 11.32883, 46.131097 ], [ 11.325735, 46.133752 ], [ 11.324784, 46.13519 ], [ 11.32344, 46.135785 ], [ 11.321465, 46.134001 ], [ 11.319355, 46.133033 ], [ 11.317678, 46.134427 ], [ 11.316002, 46.134669 ], [ 11.311094, 46.136147 ], [ 11.305948, 46.136935 ], [ 11.305022, 46.136966 ], [ 11.303468, 46.137489 ], [ 11.30135, 46.137927 ], [ 11.29721, 46.137906 ], [ 11.293299, 46.135165 ], [ 11.289774, 46.131977 ], [ 11.288708, 46.129541 ], [ 11.286588, 46.126416 ], [ 11.282785, 46.124622 ], [ 11.280032, 46.12111 ], [ 11.275391, 46.114605 ], [ 11.275198, 46.113747 ], [ 11.273709, 46.109902 ], [ 11.273606, 46.109236 ], [ 11.272254, 46.107128 ], [ 11.27124, 46.10675 ], [ 11.267419, 46.104731 ], [ 11.266764, 46.104497 ], [ 11.266552, 46.103276 ], [ 11.265792, 46.10282 ], [ 11.266785, 46.101608 ], [ 11.266179, 46.101377 ], [ 11.267002, 46.099962 ], [ 11.267202, 46.099105 ], [ 11.268168, 46.09775 ], [ 11.269603, 46.096728 ], [ 11.268239, 46.094727 ], [ 11.268221, 46.093151 ], [ 11.268801, 46.092661 ], [ 11.269697, 46.091006 ], [ 11.271665, 46.090627 ], [ 11.277637, 46.088759 ], [ 11.277124, 46.087386 ], [ 11.278026, 46.086566 ], [ 11.279335, 46.087803 ], [ 11.280782, 46.088124 ], [ 11.282576, 46.086513 ], [ 11.283638, 46.085001 ], [ 11.285235, 46.084663 ], [ 11.2854, 46.085447 ], [ 11.287038, 46.087327 ], [ 11.288962, 46.089108 ], [ 11.289825, 46.090323 ], [ 11.29048, 46.090433 ], [ 11.291392, 46.091596 ], [ 11.291895, 46.092779 ], [ 11.293728, 46.093204 ], [ 11.297563, 46.093536 ], [ 11.298536, 46.094655 ], [ 11.299124, 46.096265 ], [ 11.299978, 46.097398 ], [ 11.300191, 46.098941 ], [ 11.30215, 46.100219 ], [ 11.302564, 46.101081 ], [ 11.303632, 46.102241 ], [ 11.305222, 46.101872 ], [ 11.306185, 46.102593 ], [ 11.305412, 46.103186 ], [ 11.305731, 46.104568 ], [ 11.307243, 46.10787 ], [ 11.308348, 46.109119 ], [ 11.311165, 46.110348 ], [ 11.312048, 46.112742 ], [ 11.312787, 46.114036 ], [ 11.315314, 46.115241 ], [ 11.317241, 46.115939 ], [ 11.319611, 46.117357 ], [ 11.320932, 46.11779 ], [ 11.321867, 46.11852 ], [ 11.323053, 46.118701 ], [ 11.323523, 46.119223 ], [ 11.326406, 46.120159 ], [ 11.328103, 46.119831 ], [ 11.328558, 46.120262 ], [ 11.333837, 46.123628 ], [ 11.334725, 46.123641 ], [ 11.335608, 46.124724 ], [ 11.33546, 46.125413 ] ] ] } },
{ "type": "Feature", "properties": { "com_altname": null, "com_area_code": "ITA", "com_capoluogo": "No", "com_code": "22209", "com_name": "Valfloriana", "com_name_lower": "valfloriana", "com_name_upper": "VALFLORIANA", "com_type": "Comune", "geo_point_2d": { "lat": 46.21769334725736, "lon": 11.384047172082516 }, "prov_code": "22", "prov_name": "Trento", "reg_code": "4", "reg_name": "Trentino-Alto Adige", "rip_code": "2", "rip_name": "Nord-Est", "year": "2022" }, "geometry": { "type": "Polygon", "coordinates": [ [ [ 11.381388, 46.185055 ], [ 11.381831, 46.184771 ], [ 11.381246, 46.181412 ], [ 11.382319, 46.177139 ], [ 11.38356, 46.175082 ], [ 11.384955, 46.174592 ], [ 11.388611, 46.171928 ], [ 11.390144, 46.171008 ], [ 11.392458, 46.169363 ], [ 11.392116, 46.168226 ], [ 11.395208, 46.166959 ], [ 11.399279, 46.165099 ], [ 11.403658, 46.167469 ], [ 11.409826, 46.170975 ], [ 11.411378, 46.171448 ], [ 11.412431, 46.172057 ], [ 11.413461, 46.173527 ], [ 11.414886, 46.17496 ], [ 11.415648, 46.176337 ], [ 11.41703, 46.177491 ], [ 11.418892, 46.17838 ], [ 11.419886, 46.180779 ], [ 11.42088, 46.182108 ], [ 11.420985, 46.183766 ], [ 11.420026, 46.184797 ], [ 11.420624, 46.185924 ], [ 11.420411, 46.187633 ], [ 11.420052, 46.18821 ], [ 11.420125, 46.189476 ], [ 11.419758, 46.190638 ], [ 11.41992, 46.191354 ], [ 11.420824, 46.192157 ], [ 11.419753, 46.193868 ], [ 11.419442, 46.195243 ], [ 11.419781, 46.19605 ], [ 11.419142, 46.196592 ], [ 11.419592, 46.197123 ], [ 11.418718, 46.197914 ], [ 11.418226, 46.199794 ], [ 11.418748, 46.200152 ], [ 11.418549, 46.202128 ], [ 11.418886, 46.203002 ], [ 11.418723, 46.204032 ], [ 11.419678, 46.205407 ], [ 11.420408, 46.207551 ], [ 11.422466, 46.208966 ], [ 11.42405, 46.211083 ], [ 11.423653, 46.211776 ], [ 11.42272, 46.212371 ], [ 11.422448, 46.213268 ], [ 11.420939, 46.214929 ], [ 11.420833, 46.216057 ], [ 11.420163, 46.21644 ], [ 11.419961, 46.218046 ], [ 11.41947, 46.219245 ], [ 11.418472, 46.220139 ], [ 11.418236, 46.220981 ], [ 11.419319, 46.223199 ], [ 11.418948, 46.224485 ], [ 11.418755, 46.226586 ], [ 11.418285, 46.2271 ], [ 11.418716, 46.22836 ], [ 11.418196, 46.229217 ], [ 11.418792, 46.230392 ], [ 11.418542, 46.232666 ], [ 11.419215, 46.2341 ], [ 11.419152, 46.235326 ], [ 11.418703, 46.236028 ], [ 11.41844, 46.238014 ], [ 11.418788, 46.239429 ], [ 11.417934, 46.240365 ], [ 11.417133, 46.240742 ], [ 11.417664, 46.242197 ], [ 11.415478, 46.24471 ], [ 11.414737, 46.246138 ], [ 11.414337, 46.247677 ], [ 11.412666, 46.247424 ], [ 11.411595, 46.24697 ], [ 11.409286, 46.246964 ], [ 11.408405, 46.246695 ], [ 11.407946, 46.245706 ], [ 11.406265, 46.244643 ], [ 11.40582, 46.243356 ], [ 11.404811, 46.242244 ], [ 11.402891, 46.241348 ], [ 11.403048, 46.23869 ], [ 11.402645, 46.23778 ], [ 11.401499, 46.237381 ], [ 11.399365, 46.237237 ], [ 11.397625, 46.236004 ], [ 11.396753, 46.235024 ], [ 11.396063, 46.234975 ], [ 11.393946, 46.233418 ], [ 11.393235, 46.233162 ], [ 11.392711, 46.232165 ], [ 11.390762, 46.234168 ], [ 11.389018, 46.23641 ], [ 11.385313, 46.237423 ], [ 11.384331, 46.238992 ], [ 11.378354, 46.24115 ], [ 11.377839, 46.243951 ], [ 11.374626, 46.245251 ], [ 11.372732, 46.245551 ], [ 11.372296, 46.245065 ], [ 11.369497, 46.244529 ], [ 11.367452, 46.245544 ], [ 11.367082, 46.245975 ], [ 11.366491, 46.25064 ], [ 11.367748, 46.251802 ], [ 11.369214, 46.253608 ], [ 11.36977, 46.253866 ], [ 11.370321, 46.254926 ], [ 11.371529, 46.256458 ], [ 11.372572, 46.25839 ], [ 11.372337, 46.259443 ], [ 11.372734, 46.260535 ], [ 11.372037, 46.261549 ], [ 11.370232, 46.262453 ], [ 11.368852, 46.262372 ], [ 11.367153, 46.263901 ], [ 11.365686, 46.264796 ], [ 11.361301, 46.265121 ], [ 11.358781, 46.265668 ], [ 11.355943, 46.265159 ], [ 11.353191, 46.264074 ], [ 11.352158, 46.26295 ], [ 11.35025, 46.260389 ], [ 11.349086, 46.259585 ], [ 11.34394, 46.256964 ], [ 11.342596, 46.256469 ], [ 11.34222, 46.255865 ], [ 11.339398, 46.254204 ], [ 11.336896, 46.253031 ], [ 11.33598, 46.252852 ], [ 11.332306, 46.25139 ], [ 11.330563, 46.251136 ], [ 11.331821, 46.249301 ], [ 11.333077, 46.248627 ], [ 11.333645, 46.247958 ], [ 11.335573, 46.244175 ], [ 11.33653, 46.241662 ], [ 11.336391, 46.23991 ], [ 11.337226, 46.236059 ], [ 11.338866, 46.233442 ], [ 11.3392, 46.232157 ], [ 11.341423, 46.229844 ], [ 11.343087, 46.2272 ], [ 11.343959, 46.22513 ], [ 11.345159, 46.223467 ], [ 11.346547, 46.222574 ], [ 11.347842, 46.220406 ], [ 11.349065, 46.222316 ], [ 11.349613, 46.224528 ], [ 11.356169, 46.222277 ], [ 11.357726, 46.219887 ], [ 11.359464, 46.216881 ], [ 11.361727, 46.211902 ], [ 11.363115, 46.201334 ], [ 11.367733, 46.199601 ], [ 11.372046, 46.199116 ], [ 11.38022, 46.196209 ], [ 11.383098, 46.195659 ], [ 11.384776, 46.194849 ], [ 11.384778, 46.192978 ], [ 11.382316, 46.190973 ], [ 11.382749, 46.18691 ], [ 11.381388, 46.185055 ] ] ] } },
{ "type": "Feature", "properties": { "com_altname": null, "com_area_code": "ITA", "com_capoluogo": "No", "com_code": "22062", "com_name": "Cles", "com_name_lower": "cles", "com_name_upper": "CLES", "com_type": "Comune", "geo_point_2d": { "lat": 46.34720384055016, "lon": 10.989178434594884 }, "prov_code": "22", "prov_name": "Trento", "reg_code": "4", "reg_name": "Trentino-Alto Adige", "rip_code": "2", "rip_name": "Nord-Est", "year": "2022" }, "geometry": { "type": "Polygon", "coordinates": [ [ [ 11.00235, 46.392176 ], [ 11.002273, 46.390037 ], [ 11.000042, 46.388515 ], [ 10.998958, 46.388277 ], [ 10.997071, 46.387223 ], [ 10.992629, 46.386044 ], [ 10.992604, 46.385595 ], [ 10.993417, 46.383364 ], [ 10.992876, 46.382393 ], [ 10.993395, 46.3815 ], [ 10.993582, 46.379918 ], [ 10.993171, 46.377138 ], [ 10.993886, 46.37399 ], [ 10.994668, 46.371384 ], [ 10.992011, 46.370101 ], [ 10.986677, 46.369024 ], [ 10.98538, 46.368216 ], [ 10.983682, 46.366536 ], [ 10.981321, 46.368145 ], [ 10.979163, 46.369366 ], [ 10.977921, 46.367395 ], [ 10.975931, 46.363918 ], [ 10.975075, 46.363429 ], [ 10.973956, 46.358154 ], [ 10.972622, 46.357092 ], [ 10.971458, 46.354747 ], [ 10.970222, 46.354627 ], [ 10.969108, 46.352989 ], [ 10.968195, 46.35302 ], [ 10.966687, 46.352226 ], [ 10.96663, 46.351766 ], [ 10.966883, 46.351097 ], [ 10.967728, 46.350706 ], [ 10.969163, 46.349244 ], [ 10.96797, 46.347677 ], [ 10.965746, 46.345273 ], [ 10.964129, 46.343028 ], [ 10.962119, 46.339265 ], [ 10.960672, 46.335759 ], [ 10.959749, 46.332989 ], [ 10.955389, 46.331934 ], [ 10.954221, 46.333778 ], [ 10.952347, 46.335737 ], [ 10.949657, 46.337896 ], [ 10.94735, 46.337808 ], [ 10.941425, 46.337329 ], [ 10.940722, 46.336055 ], [ 10.940071, 46.333527 ], [ 10.940303, 46.332531 ], [ 10.940181, 46.330967 ], [ 10.940658, 46.330116 ], [ 10.942878, 46.328176 ], [ 10.945305, 46.326426 ], [ 10.942689, 46.326122 ], [ 10.938494, 46.326499 ], [ 10.937352, 46.326169 ], [ 10.935818, 46.325032 ], [ 10.933123, 46.324181 ], [ 10.930713, 46.323951 ], [ 10.928226, 46.324624 ], [ 10.927504, 46.323952 ], [ 10.923892, 46.323205 ], [ 10.92308, 46.322675 ], [ 10.923644, 46.321087 ], [ 10.924415, 46.319611 ], [ 10.925066, 46.319261 ], [ 10.926665, 46.316084 ], [ 10.926775, 46.315388 ], [ 10.92769, 46.313634 ], [ 10.928642, 46.312801 ], [ 10.926959, 46.312139 ], [ 10.922593, 46.312722 ], [ 10.921646, 46.312384 ], [ 10.920864, 46.311558 ], [ 10.92014, 46.311407 ], [ 10.917809, 46.313044 ], [ 10.917777, 46.314185 ], [ 10.916802, 46.315755 ], [ 10.915811, 46.316409 ], [ 10.916407, 46.314536 ], [ 10.916265, 46.313036 ], [ 10.915824, 46.312435 ], [ 10.914457, 46.308959 ], [ 10.916255, 46.307666 ], [ 10.917361, 46.306354 ], [ 10.91964, 46.303033 ], [ 10.918948, 46.298955 ], [ 10.91826, 46.299102 ], [ 10.915391, 46.301051 ], [ 10.914692, 46.300646 ], [ 10.90982, 46.298839 ], [ 10.909674, 46.298174 ], [ 10.909933, 46.296577 ], [ 10.910733, 46.294798 ], [ 10.911612, 46.294103 ], [ 10.912938, 46.291759 ], [ 10.911267, 46.289604 ], [ 10.910015, 46.288264 ], [ 10.908756, 46.286418 ], [ 10.907004, 46.284937 ], [ 10.903764, 46.283751 ], [ 10.90327, 46.28184 ], [ 10.902761, 46.280869 ], [ 10.90163, 46.27961 ], [ 10.901474, 46.278492 ], [ 10.902137, 46.277542 ], [ 10.90325, 46.276904 ], [ 10.906716, 46.2767 ], [ 10.909562, 46.278826 ], [ 10.911234, 46.278321 ], [ 10.913985, 46.278903 ], [ 10.916088, 46.279576 ], [ 10.916524, 46.279052 ], [ 10.91782, 46.27901 ], [ 10.919393, 46.2786 ], [ 10.921102, 46.279749 ], [ 10.920794, 46.28194 ], [ 10.920806, 46.283487 ], [ 10.92165, 46.284366 ], [ 10.924498, 46.28518 ], [ 10.926522, 46.285915 ], [ 10.929304, 46.286533 ], [ 10.933938, 46.286814 ], [ 10.937213, 46.290548 ], [ 10.939251, 46.291463 ], [ 10.939745, 46.293234 ], [ 10.938259, 46.294563 ], [ 10.937981, 46.295979 ], [ 10.938693, 46.29797 ], [ 10.938015, 46.299108 ], [ 10.936624, 46.302423 ], [ 10.935555, 46.303623 ], [ 10.933841, 46.308309 ], [ 10.935451, 46.309618 ], [ 10.938559, 46.311047 ], [ 10.940227, 46.312952 ], [ 10.941673, 46.314894 ], [ 10.942528, 46.315101 ], [ 10.944753, 46.315096 ], [ 10.945284, 46.315371 ], [ 10.946047, 46.317652 ], [ 10.948559, 46.31589 ], [ 10.950535, 46.315728 ], [ 10.952589, 46.31503 ], [ 10.955801, 46.318682 ], [ 10.960576, 46.318684 ], [ 10.961689, 46.319687 ], [ 10.962094, 46.321572 ], [ 10.962708, 46.322323 ], [ 10.963595, 46.32241 ], [ 10.964182, 46.323127 ], [ 10.965906, 46.32319 ], [ 10.966233, 46.326632 ], [ 10.965413, 46.328745 ], [ 10.966142, 46.332298 ], [ 10.967493, 46.335175 ], [ 10.969046, 46.336567 ], [ 10.969549, 46.33859 ], [ 10.971529, 46.340755 ], [ 10.975561, 46.343793 ], [ 10.979468, 46.346503 ], [ 10.980763, 46.347064 ], [ 10.981755, 46.346717 ], [ 10.982834, 46.344607 ], [ 10.984123, 46.344214 ], [ 10.984665, 46.343501 ], [ 10.983755, 46.342288 ], [ 10.985536, 46.341942 ], [ 10.985415, 46.341561 ], [ 10.988237, 46.340935 ], [ 10.990748, 46.341552 ], [ 10.991821, 46.342062 ], [ 10.991593, 46.34277 ], [ 10.993991, 46.343571 ], [ 10.994685, 46.344673 ], [ 10.995479, 46.344745 ], [ 10.996681, 46.345988 ], [ 10.999152, 46.347401 ], [ 11.001189, 46.347185 ], [ 11.009253, 46.347003 ], [ 11.00944, 46.342837 ], [ 11.011294, 46.340289 ], [ 11.012977, 46.339989 ], [ 11.015266, 46.340125 ], [ 11.017106, 46.339134 ], [ 11.018537, 46.338613 ], [ 11.019014, 46.337849 ], [ 11.020498, 46.337656 ], [ 11.024034, 46.337517 ], [ 11.026854, 46.336968 ], [ 11.026895, 46.338537 ], [ 11.026499, 46.340983 ], [ 11.026554, 46.342332 ], [ 11.029844, 46.341833 ], [ 11.03071, 46.34183 ], [ 11.031467, 46.343744 ], [ 11.038428, 46.343894 ], [ 11.038683, 46.347076 ], [ 11.03955, 46.347947 ], [ 11.039433, 46.349114 ], [ 11.041196, 46.349443 ], [ 11.042722, 46.349371 ], [ 11.042927, 46.349853 ], [ 11.044684, 46.349552 ], [ 11.045079, 46.349819 ], [ 11.045882, 46.351551 ], [ 11.048548, 46.351156 ], [ 11.0495, 46.35032 ], [ 11.050651, 46.350201 ], [ 11.052551, 46.351062 ], [ 11.053204, 46.353705 ], [ 11.052411, 46.354219 ], [ 11.053259, 46.356413 ], [ 11.056503, 46.358006 ], [ 11.055973, 46.358444 ], [ 11.055049, 46.360089 ], [ 11.054615, 46.361429 ], [ 11.054109, 46.365871 ], [ 11.053718, 46.366364 ], [ 11.051358, 46.366586 ], [ 11.049362, 46.367621 ], [ 11.048085, 46.368751 ], [ 11.047108, 46.370483 ], [ 11.046582, 46.371932 ], [ 11.046958, 46.373248 ], [ 11.047059, 46.376833 ], [ 11.045681, 46.381871 ], [ 11.04558, 46.382871 ], [ 11.043268, 46.384164 ], [ 11.041594, 46.384612 ], [ 11.040675, 46.385358 ], [ 11.03958, 46.387411 ], [ 11.03787, 46.387293 ], [ 11.036476, 46.387759 ], [ 11.035882, 46.389309 ], [ 11.034429, 46.389888 ], [ 11.030129, 46.389645 ], [ 11.028387, 46.390796 ], [ 11.026518, 46.390343 ], [ 11.023371, 46.391196 ], [ 11.020713, 46.391283 ], [ 11.020869, 46.393269 ], [ 11.020298, 46.393909 ], [ 11.019435, 46.393889 ], [ 11.017971, 46.393253 ], [ 11.016145, 46.393605 ], [ 11.01423, 46.39277 ], [ 11.01374, 46.393179 ], [ 11.011998, 46.393345 ], [ 11.010724, 46.39307 ], [ 11.008927, 46.393192 ], [ 11.007193, 46.393681 ], [ 11.006224, 46.393307 ], [ 11.005197, 46.392344 ], [ 11.00235, 46.392176 ] ] ] } },
{ "type": "Feature", "properties": { "com_altname": null, "com_area_code": "ITA", "com_capoluogo": "No", "com_code": "22021", "com_name": "Bondone", "com_name_lower": "bondone", "com_name_upper": "BONDONE", "com_type": "Comune", "geo_point_2d": { "lat": 45.804059535852375, "lon": 10.575781156856337 }, "prov_code": "22", "prov_name": "Trento", "reg_code": "4", "reg_name": "Trentino-Alto Adige", "rip_code": "2", "rip_name": "Nord-Est", "year": "2022" }, "geometry": { "type": "Polygon", "coordinates": [ [ [ 10.597678, 45.799735 ], [ 10.599443, 45.800689 ], [ 10.59956, 45.801573 ], [ 10.600487, 45.802819 ], [ 10.605252, 45.80346 ], [ 10.607368, 45.803363 ], [ 10.609391, 45.80386 ], [ 10.61171, 45.805321 ], [ 10.614563, 45.805641 ], [ 10.61573, 45.805962 ], [ 10.617568, 45.805786 ], [ 10.618141, 45.806265 ], [ 10.620425, 45.805904 ], [ 10.622949, 45.80596 ], [ 10.624759, 45.806202 ], [ 10.628081, 45.806179 ], [ 10.631633, 45.805708 ], [ 10.632698, 45.806486 ], [ 10.635147, 45.806672 ], [ 10.634012, 45.807507 ], [ 10.633406, 45.809369 ], [ 10.63266, 45.812608 ], [ 10.629871, 45.816349 ], [ 10.629396, 45.817484 ], [ 10.628063, 45.818627 ], [ 10.627368, 45.819729 ], [ 10.627216, 45.821034 ], [ 10.625537, 45.820466 ], [ 10.620236, 45.82202 ], [ 10.618656, 45.822194 ], [ 10.617464, 45.82205 ], [ 10.614634, 45.823081 ], [ 10.611228, 45.823414 ], [ 10.607171, 45.824594 ], [ 10.605491, 45.825382 ], [ 10.603705, 45.825302 ], [ 10.602107, 45.824328 ], [ 10.601758, 45.823764 ], [ 10.599151, 45.822147 ], [ 10.595219, 45.818359 ], [ 10.593361, 45.815534 ], [ 10.588423, 45.813903 ], [ 10.589159, 45.813003 ], [ 10.590758, 45.811616 ], [ 10.587991, 45.810456 ], [ 10.586037, 45.812813 ], [ 10.582517, 45.811882 ], [ 10.580831, 45.810672 ], [ 10.578173, 45.80932 ], [ 10.576348, 45.809834 ], [ 10.574453, 45.809995 ], [ 10.570131, 45.812422 ], [ 10.568501, 45.81281 ], [ 10.565045, 45.814075 ], [ 10.561228, 45.814104 ], [ 10.554733, 45.814721 ], [ 10.550314, 45.814854 ], [ 10.548156, 45.814735 ], [ 10.547688, 45.814217 ], [ 10.543348, 45.815722 ], [ 10.543119, 45.814906 ], [ 10.542128, 45.814278 ], [ 10.539201, 45.813202 ], [ 10.538126, 45.812537 ], [ 10.537285, 45.810755 ], [ 10.536161, 45.81017 ], [ 10.533906, 45.809381 ], [ 10.532461, 45.809351 ], [ 10.529707, 45.809574 ], [ 10.527659, 45.807365 ], [ 10.526352, 45.80638 ], [ 10.526051, 45.805614 ], [ 10.527447, 45.804256 ], [ 10.529829, 45.804116 ], [ 10.531096, 45.804442 ], [ 10.532474, 45.805147 ], [ 10.533193, 45.805076 ], [ 10.533793, 45.804332 ], [ 10.533754, 45.802537 ], [ 10.535006, 45.801905 ], [ 10.535055, 45.801373 ], [ 10.53422, 45.800706 ], [ 10.532882, 45.800231 ], [ 10.531814, 45.798479 ], [ 10.530736, 45.797569 ], [ 10.529918, 45.796242 ], [ 10.532053, 45.795352 ], [ 10.534914, 45.793859 ], [ 10.536857, 45.791574 ], [ 10.53515, 45.791362 ], [ 10.534469, 45.790871 ], [ 10.532698, 45.788282 ], [ 10.53403, 45.787494 ], [ 10.537798, 45.785634 ], [ 10.541434, 45.785473 ], [ 10.545424, 45.784659 ], [ 10.546021, 45.78476 ], [ 10.548242, 45.784457 ], [ 10.54893, 45.784606 ], [ 10.550453, 45.784259 ], [ 10.550181, 45.783432 ], [ 10.55651, 45.784359 ], [ 10.559622, 45.784412 ], [ 10.560698, 45.783969 ], [ 10.563473, 45.784113 ], [ 10.565055, 45.785034 ], [ 10.568088, 45.785803 ], [ 10.570151, 45.785892 ], [ 10.574487, 45.78686 ], [ 10.575619, 45.787733 ], [ 10.576579, 45.787902 ], [ 10.577432, 45.788678 ], [ 10.58045, 45.788894 ], [ 10.5811, 45.789356 ], [ 10.581206, 45.791242 ], [ 10.582015, 45.791854 ], [ 10.582182, 45.794198 ], [ 10.584156, 45.795056 ], [ 10.585194, 45.795909 ], [ 10.589707, 45.798123 ], [ 10.59102, 45.798463 ], [ 10.595928, 45.798981 ], [ 10.597678, 45.799735 ] ] ] } },
{ "type": "Feature", "properties": { "com_altname": null, "com_area_code": "ITA", "com_capoluogo": "No", "com_code": "22190", "com_name": "Tenna", "com_name_lower": "tenna", "com_name_upper": "TENNA", "com_type": "Comune", "geo_point_2d": { "lat": 46.02163652008044, "lon": 11.261176411671718 }, "prov_code": "22", "prov_name": "Trento", "reg_code": "4", "reg_name": "Trentino-Alto Adige", "rip_code": "2", "rip_name": "Nord-Est", "year": "2022" }, "geometry": { "type": "Polygon", "coordinates": [ [ [ 11.266832, 46.028222 ], [ 11.266276, 46.029335 ], [ 11.265082, 46.030317 ], [ 11.264495, 46.031281 ], [ 11.262829, 46.032206 ], [ 11.260007, 46.031994 ], [ 11.254447, 46.032821 ], [ 11.251271, 46.033699 ], [ 11.24998, 46.032906 ], [ 11.250661, 46.031194 ], [ 11.250589, 46.029853 ], [ 11.24997, 46.028695 ], [ 11.25039, 46.026603 ], [ 11.24898, 46.025804 ], [ 11.246135, 46.02469 ], [ 11.245973, 46.024389 ], [ 11.24898, 46.022436 ], [ 11.249598, 46.021372 ], [ 11.253774, 46.018583 ], [ 11.254203, 46.018624 ], [ 11.256346, 46.017737 ], [ 11.257214, 46.01639 ], [ 11.260195, 46.013718 ], [ 11.260685, 46.013023 ], [ 11.262474, 46.013205 ], [ 11.263921, 46.013091 ], [ 11.264759, 46.012341 ], [ 11.265142, 46.010738 ], [ 11.26761, 46.009459 ], [ 11.269197, 46.009272 ], [ 11.270924, 46.009482 ], [ 11.272806, 46.008985 ], [ 11.274346, 46.009993 ], [ 11.275885, 46.010746 ], [ 11.276044, 46.011518 ], [ 11.275681, 46.012313 ], [ 11.274602, 46.013251 ], [ 11.273615, 46.014582 ], [ 11.27342, 46.015254 ], [ 11.271696, 46.016727 ], [ 11.270309, 46.019291 ], [ 11.270338, 46.020134 ], [ 11.269878, 46.021407 ], [ 11.269946, 46.022104 ], [ 11.269341, 46.022909 ], [ 11.267073, 46.024536 ], [ 11.26521, 46.026817 ], [ 11.264755, 46.028207 ], [ 11.266187, 46.028443 ], [ 11.266832, 46.028222 ] ] ] } },
{ "type": "Feature", "properties": { "com_altname": null, "com_area_code": "ITA", "com_capoluogo": "No", "com_code": "22239", "com_name": "Borgo Lares", "com_name_lower": "borgo lares", "com_name_upper": "BORGO LARES", "com_type": "Comune", "geo_point_2d": { "lat": 46.00520605772337, "lon": 10.735820860704186 }, "prov_code": "22", "prov_name": "Trento", "reg_code": "4", "reg_name": "Trentino-Alto Adige", "rip_code": "2", "rip_name": "Nord-Est", "year": "2022" }, "geometry": { "type": "Polygon", "coordinates": [ [ [ 10.760272, 46.04458 ], [ 10.759595, 46.04441 ], [ 10.7563, 46.045155 ], [ 10.755601, 46.045075 ], [ 10.754107, 46.044231 ], [ 10.753691, 46.043695 ], [ 10.751091, 46.042661 ], [ 10.748965, 46.042374 ], [ 10.747994, 46.041789 ], [ 10.745932, 46.039823 ], [ 10.74294, 46.039266 ], [ 10.741504, 46.039261 ], [ 10.73786, 46.038625 ], [ 10.736764, 46.037114 ], [ 10.736961, 46.036598 ], [ 10.735635, 46.035756 ], [ 10.735816, 46.034921 ], [ 10.734852, 46.034295 ], [ 10.733329, 46.033987 ], [ 10.732976, 46.033516 ], [ 10.731575, 46.032942 ], [ 10.731218, 46.031774 ], [ 10.729593, 46.030453 ], [ 10.727795, 46.02952 ], [ 10.727776, 46.028703 ], [ 10.725596, 46.029075 ], [ 10.725012, 46.028598 ], [ 10.724973, 46.027402 ], [ 10.723354, 46.027329 ], [ 10.722155, 46.025018 ], [ 10.721757, 46.024681 ], [ 10.719675, 46.024353 ], [ 10.718101, 46.022931 ], [ 10.717151, 46.021484 ], [ 10.716391, 46.021572 ], [ 10.715145, 46.021153 ], [ 10.714244, 46.01929 ], [ 10.713444, 46.018258 ], [ 10.711793, 46.016905 ], [ 10.710686, 46.016708 ], [ 10.710926, 46.015284 ], [ 10.711539, 46.015125 ], [ 10.712251, 46.013738 ], [ 10.711518, 46.013625 ], [ 10.710135, 46.011673 ], [ 10.709357, 46.011268 ], [ 10.706004, 46.008201 ], [ 10.70588, 46.007555 ], [ 10.703922, 46.005279 ], [ 10.701437, 46.003134 ], [ 10.699097, 46.001882 ], [ 10.699751, 46.001428 ], [ 10.701166, 46.00124 ], [ 10.704219, 46.000131 ], [ 10.707824, 46.000064 ], [ 10.709793, 45.999203 ], [ 10.711422, 45.999387 ], [ 10.714737, 45.998825 ], [ 10.715186, 45.998612 ], [ 10.720165, 45.997726 ], [ 10.716827, 45.996017 ], [ 10.718508, 45.995897 ], [ 10.719092, 45.995345 ], [ 10.721865, 45.995495 ], [ 10.722825, 45.994554 ], [ 10.721686, 45.993186 ], [ 10.721829, 45.992884 ], [ 10.719414, 45.989747 ], [ 10.718391, 45.989194 ], [ 10.717793, 45.987884 ], [ 10.716935, 45.987234 ], [ 10.716111, 45.986119 ], [ 10.715316, 45.986503 ], [ 10.711787, 45.987488 ], [ 10.712641, 45.985208 ], [ 10.715192, 45.983075 ], [ 10.717825, 45.9802 ], [ 10.719442, 45.978728 ], [ 10.722942, 45.975986 ], [ 10.724574, 45.974161 ], [ 10.72599, 45.972157 ], [ 10.72745, 45.969091 ], [ 10.729401, 45.967046 ], [ 10.729747, 45.964347 ], [ 10.73279, 45.963669 ], [ 10.733312, 45.96401 ], [ 10.737357, 45.965416 ], [ 10.738789, 45.966251 ], [ 10.740003, 45.968066 ], [ 10.742133, 45.967883 ], [ 10.7433, 45.967533 ], [ 10.74582, 45.968324 ], [ 10.746792, 45.968184 ], [ 10.748629, 45.969873 ], [ 10.750317, 45.969572 ], [ 10.751688, 45.969835 ], [ 10.75151, 45.970877 ], [ 10.749533, 45.973896 ], [ 10.749897, 45.974635 ], [ 10.749772, 45.975857 ], [ 10.748575, 45.978457 ], [ 10.749698, 45.980133 ], [ 10.74934, 45.9819 ], [ 10.749429, 45.984094 ], [ 10.748473, 45.985589 ], [ 10.748019, 45.987087 ], [ 10.74816, 45.987737 ], [ 10.748964, 45.988462 ], [ 10.752065, 45.989729 ], [ 10.752414, 45.990348 ], [ 10.752653, 45.992906 ], [ 10.751673, 45.994199 ], [ 10.751796, 45.99486 ], [ 10.750923, 45.996011 ], [ 10.751303, 45.997207 ], [ 10.747381, 45.997217 ], [ 10.747462, 45.999088 ], [ 10.750628, 46.003481 ], [ 10.752889, 46.006311 ], [ 10.754593, 46.007463 ], [ 10.756409, 46.01023 ], [ 10.757303, 46.013539 ], [ 10.759035, 46.016559 ], [ 10.760884, 46.017743 ], [ 10.761126, 46.01834 ], [ 10.76256, 46.019336 ], [ 10.763919, 46.021841 ], [ 10.763753, 46.023385 ], [ 10.762096, 46.025041 ], [ 10.762027, 46.025635 ], [ 10.76052, 46.027 ], [ 10.759607, 46.028546 ], [ 10.759079, 46.030832 ], [ 10.758501, 46.030996 ], [ 10.758211, 46.032562 ], [ 10.75669, 46.03441 ], [ 10.757778, 46.035489 ], [ 10.759375, 46.03639 ], [ 10.759707, 46.037407 ], [ 10.759178, 46.038181 ], [ 10.757762, 46.038955 ], [ 10.757477, 46.040802 ], [ 10.757756, 46.041759 ], [ 10.758575, 46.042908 ], [ 10.760272, 46.04458 ] ] ] } },
{ "type": "Feature", "properties": { "com_altname": null, "com_area_code": "ITA", "com_capoluogo": "No", "com_code": "22163", "com_name": "Rumo", "com_name_lower": "rumo", "com_name_upper": "RUMO", "com_type": "Comune", "geo_point_2d": { "lat": 46.45611260752961, "lon": 10.988779383074249 }, "prov_code": "22", "prov_name": "Trento", "reg_code": "4", "reg_name": "Trentino-Alto Adige", "rip_code": "2", "rip_name": "Nord-Est", "year": "2022" }, "geometry": { "type": "Polygon", "coordinates": [ [ [ 11.028527, 46.421761 ], [ 11.028712, 46.42217 ], [ 11.031601, 46.424665 ], [ 11.03301, 46.426019 ], [ 11.033012, 46.427082 ], [ 11.033782, 46.427811 ], [ 11.033881, 46.428472 ], [ 11.035914, 46.429948 ], [ 11.037943, 46.4331 ], [ 11.037669, 46.434278 ], [ 11.038552, 46.434968 ], [ 11.039926, 46.436802 ], [ 11.040764, 46.437152 ], [ 11.043451, 46.437602 ], [ 11.043529, 46.438352 ], [ 11.044751, 46.439597 ], [ 11.045876, 46.440275 ], [ 11.04677, 46.441221 ], [ 11.046928, 46.441988 ], [ 11.04779, 46.443458 ], [ 11.04728, 46.444909 ], [ 11.047582, 46.446498 ], [ 11.045702, 46.446406 ], [ 11.042419, 46.446547 ], [ 11.041039, 46.447434 ], [ 11.040842, 46.448501 ], [ 11.04019, 46.449039 ], [ 11.040117, 46.450807 ], [ 11.039597, 46.452584 ], [ 11.038335, 46.452333 ], [ 11.036982, 46.45241 ], [ 11.036238, 46.453207 ], [ 11.033788, 46.45444 ], [ 11.032089, 46.457442 ], [ 11.031282, 46.45826 ], [ 11.030656, 46.460641 ], [ 11.029201, 46.462027 ], [ 11.025139, 46.463561 ], [ 11.022523, 46.465358 ], [ 11.01927, 46.465761 ], [ 11.015741, 46.468111 ], [ 11.015579, 46.468943 ], [ 11.014243, 46.469869 ], [ 11.011291, 46.470213 ], [ 11.010407, 46.470056 ], [ 11.009269, 46.471441 ], [ 11.008821, 46.472401 ], [ 11.005859, 46.476804 ], [ 10.999152, 46.47926 ], [ 10.997912, 46.479446 ], [ 10.995808, 46.480347 ], [ 10.994844, 46.480978 ], [ 10.991414, 46.481314 ], [ 10.99005, 46.481761 ], [ 10.988399, 46.483671 ], [ 10.986834, 46.483986 ], [ 10.985258, 46.483626 ], [ 10.980429, 46.483773 ], [ 10.978666, 46.483945 ], [ 10.975748, 46.484025 ], [ 10.973333, 46.483536 ], [ 10.97044, 46.482169 ], [ 10.969018, 46.482026 ], [ 10.963783, 46.482071 ], [ 10.963938, 46.480538 ], [ 10.963007, 46.47898 ], [ 10.962693, 46.477491 ], [ 10.961, 46.476062 ], [ 10.960555, 46.475287 ], [ 10.960274, 46.473893 ], [ 10.95811, 46.471756 ], [ 10.956564, 46.470441 ], [ 10.953959, 46.469685 ], [ 10.952714, 46.469481 ], [ 10.951189, 46.468733 ], [ 10.949614, 46.468391 ], [ 10.947564, 46.468264 ], [ 10.945212, 46.467665 ], [ 10.944085, 46.466397 ], [ 10.942036, 46.465892 ], [ 10.93761, 46.467074 ], [ 10.937151, 46.466983 ], [ 10.936521, 46.465752 ], [ 10.935227, 46.464883 ], [ 10.935429, 46.463241 ], [ 10.934998, 46.462106 ], [ 10.933317, 46.461395 ], [ 10.931775, 46.46045 ], [ 10.931903, 46.459638 ], [ 10.930916, 46.458617 ], [ 10.930978, 46.457071 ], [ 10.932136, 46.456295 ], [ 10.933007, 46.454795 ], [ 10.932208, 46.453558 ], [ 10.934492, 46.452601 ], [ 10.936842, 46.45204 ], [ 10.93808, 46.451317 ], [ 10.940222, 46.450785 ], [ 10.940853, 46.449848 ], [ 10.941978, 46.44963 ], [ 10.943773, 46.448844 ], [ 10.946585, 46.448103 ], [ 10.948558, 46.44573 ], [ 10.950389, 46.443781 ], [ 10.953214, 46.443049 ], [ 10.953806, 46.44177 ], [ 10.954991, 46.440319 ], [ 10.954609, 46.439821 ], [ 10.954844, 46.438386 ], [ 10.956472, 46.436964 ], [ 10.957685, 46.436304 ], [ 10.959264, 46.436052 ], [ 10.960894, 46.436843 ], [ 10.961625, 46.435813 ], [ 10.963876, 46.434704 ], [ 10.967067, 46.434388 ], [ 10.968394, 46.435445 ], [ 10.970569, 46.435849 ], [ 10.972856, 46.436808 ], [ 10.973857, 46.437862 ], [ 10.977996, 46.437493 ], [ 10.979492, 46.436747 ], [ 10.984679, 46.437602 ], [ 10.985814, 46.438051 ], [ 10.987201, 46.438234 ], [ 10.986629, 46.438964 ], [ 10.986848, 46.439986 ], [ 10.988012, 46.440127 ], [ 10.989804, 46.440735 ], [ 10.990185, 46.44117 ], [ 10.992762, 46.441863 ], [ 10.995197, 46.441874 ], [ 10.996409, 46.442636 ], [ 11.000973, 46.443398 ], [ 11.004724, 46.443737 ], [ 11.006215, 46.444049 ], [ 11.009183, 46.444977 ], [ 11.010166, 46.444291 ], [ 11.009855, 46.443522 ], [ 11.010818, 46.442197 ], [ 11.012476, 46.440779 ], [ 11.014231, 46.440049 ], [ 11.01648, 46.438881 ], [ 11.017159, 46.43803 ], [ 11.016873, 46.437664 ], [ 11.0183, 46.436135 ], [ 11.020013, 46.435741 ], [ 11.021482, 46.435134 ], [ 11.022402, 46.432887 ], [ 11.02374, 46.431914 ], [ 11.024049, 46.430993 ], [ 11.026257, 46.430111 ], [ 11.026914, 46.428206 ], [ 11.026733, 46.427305 ], [ 11.028011, 46.425 ], [ 11.027941, 46.423665 ], [ 11.028386, 46.423426 ], [ 11.028527, 46.421761 ] ] ] } },
{ "type": "Feature", "properties": { "com_altname": null, "com_area_code": "ITA", "com_capoluogo": "No", "com_code": "22171", "com_name": "Scurelle", "com_name_lower": "scurelle", "com_name_upper": "SCURELLE", "com_type": "Comune", "geo_point_2d": { "lat": 46.13161754810865, "lon": 11.530290474488053 }, "prov_code": "22", "prov_name": "Trento", "reg_code": "4", "reg_name": "Trentino-Alto Adige", "rip_code": "2", "rip_name": "Nord-Est", "year": "2022" }, "geometry": { "type": "Polygon", "coordinates": [ [ [ 11.508833, 46.050241 ], [ 11.509865, 46.050766 ], [ 11.509811, 46.051328 ], [ 11.510663, 46.052769 ], [ 11.513179, 46.054439 ], [ 11.516331, 46.05797 ], [ 11.518496, 46.059409 ], [ 11.521097, 46.060854 ], [ 11.521356, 46.062077 ], [ 11.519111, 46.062473 ], [ 11.516444, 46.064267 ], [ 11.515547, 46.067566 ], [ 11.513673, 46.067288 ], [ 11.509994, 46.068197 ], [ 11.508804, 46.068614 ], [ 11.506049, 46.070255 ], [ 11.505047, 46.07069 ], [ 11.503253, 46.072761 ], [ 11.502801, 46.073853 ], [ 11.503347, 46.075344 ], [ 11.506329, 46.079071 ], [ 11.507418, 46.080979 ], [ 11.509911, 46.084147 ], [ 11.510618, 46.087259 ], [ 11.510659, 46.088183 ], [ 11.509967, 46.090189 ], [ 11.510032, 46.092469 ], [ 11.510727, 46.096011 ], [ 11.509932, 46.097404 ], [ 11.509451, 46.100924 ], [ 11.509775, 46.10123 ], [ 11.509829, 46.10421 ], [ 11.509163, 46.10649 ], [ 11.509513, 46.10953 ], [ 11.509469, 46.110301 ], [ 11.51083, 46.111464 ], [ 11.512132, 46.111517 ], [ 11.514079, 46.112492 ], [ 11.516273, 46.114476 ], [ 11.51867, 46.116123 ], [ 11.520437, 46.117506 ], [ 11.521104, 46.118645 ], [ 11.522552, 46.119756 ], [ 11.524801, 46.120849 ], [ 11.528726, 46.123318 ], [ 11.530959, 46.124449 ], [ 11.536018, 46.123926 ], [ 11.54051, 46.123158 ], [ 11.542534, 46.122453 ], [ 11.543948, 46.121371 ], [ 11.545469, 46.121281 ], [ 11.545801, 46.121815 ], [ 11.551006, 46.124272 ], [ 11.555745, 46.125775 ], [ 11.559533, 46.126109 ], [ 11.563222, 46.126734 ], [ 11.564066, 46.127562 ], [ 11.56735, 46.127643 ], [ 11.569444, 46.128065 ], [ 11.570263, 46.129132 ], [ 11.569938, 46.129716 ], [ 11.57051, 46.130818 ], [ 11.570447, 46.132688 ], [ 11.57214, 46.133199 ], [ 11.57405, 46.13488 ], [ 11.574096, 46.135374 ], [ 11.573267, 46.136113 ], [ 11.568442, 46.135522 ], [ 11.566799, 46.135984 ], [ 11.564561, 46.137651 ], [ 11.566646, 46.143106 ], [ 11.570119, 46.145119 ], [ 11.570861, 46.145935 ], [ 11.568223, 46.149108 ], [ 11.567167, 46.152026 ], [ 11.565829, 46.154003 ], [ 11.563983, 46.158728 ], [ 11.562941, 46.161042 ], [ 11.559967, 46.168484 ], [ 11.555363, 46.170115 ], [ 11.554239, 46.1718 ], [ 11.550468, 46.175089 ], [ 11.547742, 46.177444 ], [ 11.544623, 46.17748 ], [ 11.543253, 46.181919 ], [ 11.539293, 46.181532 ], [ 11.5378, 46.181263 ], [ 11.537188, 46.178146 ], [ 11.535732, 46.176222 ], [ 11.533297, 46.171238 ], [ 11.533226, 46.169385 ], [ 11.530423, 46.167421 ], [ 11.527707, 46.165701 ], [ 11.52679, 46.164192 ], [ 11.526973, 46.163537 ], [ 11.525221, 46.161936 ], [ 11.52661, 46.160846 ], [ 11.527309, 46.159409 ], [ 11.525902, 46.157194 ], [ 11.524414, 46.156015 ], [ 11.523665, 46.154769 ], [ 11.522254, 46.15447 ], [ 11.519603, 46.152794 ], [ 11.517734, 46.152794 ], [ 11.516802, 46.152383 ], [ 11.515612, 46.1526 ], [ 11.514545, 46.152339 ], [ 11.513279, 46.151238 ], [ 11.514339, 46.149472 ], [ 11.513361, 46.147724 ], [ 11.512368, 46.147136 ], [ 11.511749, 46.146135 ], [ 11.509439, 46.145861 ], [ 11.508133, 46.145183 ], [ 11.507206, 46.143996 ], [ 11.506953, 46.142856 ], [ 11.505029, 46.141391 ], [ 11.50296, 46.138838 ], [ 11.501658, 46.137745 ], [ 11.501622, 46.136979 ], [ 11.500908, 46.135196 ], [ 11.500688, 46.133334 ], [ 11.500013, 46.131877 ], [ 11.498987, 46.130881 ], [ 11.498735, 46.130092 ], [ 11.498923, 46.128865 ], [ 11.497871, 46.12718 ], [ 11.496971, 46.126902 ], [ 11.495992, 46.125606 ], [ 11.494809, 46.122268 ], [ 11.493791, 46.120972 ], [ 11.492706, 46.120073 ], [ 11.494152, 46.118678 ], [ 11.494667, 46.117244 ], [ 11.495357, 46.116386 ], [ 11.496668, 46.115964 ], [ 11.497497, 46.114952 ], [ 11.497605, 46.113863 ], [ 11.499843, 46.111507 ], [ 11.500184, 46.110837 ], [ 11.501181, 46.11012 ], [ 11.501624, 46.108447 ], [ 11.503784, 46.10717 ], [ 11.50322, 46.10526 ], [ 11.503973, 46.104166 ], [ 11.504782, 46.103722 ], [ 11.504327, 46.103043 ], [ 11.504601, 46.101849 ], [ 11.503659, 46.100729 ], [ 11.504185, 46.099463 ], [ 11.503487, 46.098792 ], [ 11.503682, 46.097717 ], [ 11.504749, 46.096109 ], [ 11.5048, 46.095304 ], [ 11.503034, 46.093388 ], [ 11.502177, 46.090875 ], [ 11.501906, 46.089555 ], [ 11.50329, 46.089089 ], [ 11.503412, 46.088291 ], [ 11.502754, 46.087552 ], [ 11.501005, 46.086878 ], [ 11.500137, 46.086096 ], [ 11.499495, 46.084759 ], [ 11.498335, 46.084271 ], [ 11.497853, 46.083021 ], [ 11.497097, 46.082047 ], [ 11.496917, 46.080438 ], [ 11.497893, 46.076499 ], [ 11.496792, 46.073025 ], [ 11.496892, 46.07173 ], [ 11.496361, 46.068444 ], [ 11.496347, 46.067172 ], [ 11.497271, 46.064688 ], [ 11.4975, 46.063131 ], [ 11.498816, 46.061126 ], [ 11.500421, 46.059976 ], [ 11.500933, 46.05918 ], [ 11.502283, 46.058218 ], [ 11.503636, 46.056672 ], [ 11.504353, 46.056346 ], [ 11.506155, 46.05448 ], [ 11.507074, 46.052548 ], [ 11.508833, 46.050241 ] ] ] } },
{ "type": "Feature", "properties": { "com_altname": null, "com_area_code": "ITA", "com_capoluogo": "No", "com_code": "22131", "com_name": "Ossana", "com_name_lower": "ossana", "com_name_upper": "OSSANA", "com_type": "Comune", "geo_point_2d": { "lat": 46.274914122716325, "lon": 10.729402063886159 }, "prov_code": "22", "prov_name": "Trento", "reg_code": "4", "reg_name": "Trentino-Alto Adige", "rip_code": "2", "rip_name": "Nord-Est", "year": "2022" }, "geometry": { "type": "Polygon", "coordinates": [ [ [ 10.748786, 46.250825 ], [ 10.747825, 46.251735 ], [ 10.74756, 46.254237 ], [ 10.748764, 46.255798 ], [ 10.749248, 46.257268 ], [ 10.748804, 46.257946 ], [ 10.74884, 46.260561 ], [ 10.748427, 46.264321 ], [ 10.748955, 46.265696 ], [ 10.751732, 46.267217 ], [ 10.752783, 46.268632 ], [ 10.752562, 46.269767 ], [ 10.753515, 46.272345 ], [ 10.753565, 46.275257 ], [ 10.753211, 46.27996 ], [ 10.753505, 46.281681 ], [ 10.754007, 46.282585 ], [ 10.75393, 46.283827 ], [ 10.755754, 46.286781 ], [ 10.755742, 46.287514 ], [ 10.754875, 46.290659 ], [ 10.75358, 46.292923 ], [ 10.753157, 46.294142 ], [ 10.752147, 46.295991 ], [ 10.751831, 46.297241 ], [ 10.75062, 46.299101 ], [ 10.749462, 46.302059 ], [ 10.749132, 46.303432 ], [ 10.748842, 46.307009 ], [ 10.750713, 46.307871 ], [ 10.750419, 46.309196 ], [ 10.750793, 46.31018 ], [ 10.750988, 46.312097 ], [ 10.750565, 46.312723 ], [ 10.750762, 46.313544 ], [ 10.751991, 46.313901 ], [ 10.750836, 46.314621 ], [ 10.747505, 46.315477 ], [ 10.747844, 46.32132 ], [ 10.747694, 46.322974 ], [ 10.743547, 46.323428 ], [ 10.742894, 46.323391 ], [ 10.739784, 46.324331 ], [ 10.736256, 46.32184 ], [ 10.735791, 46.320419 ], [ 10.734851, 46.318638 ], [ 10.732528, 46.314928 ], [ 10.730838, 46.315848 ], [ 10.728458, 46.316717 ], [ 10.727643, 46.31733 ], [ 10.726308, 46.315131 ], [ 10.724581, 46.316792 ], [ 10.722994, 46.31763 ], [ 10.722816, 46.318001 ], [ 10.720964, 46.318783 ], [ 10.720289, 46.319568 ], [ 10.719096, 46.319999 ], [ 10.717881, 46.318768 ], [ 10.719404, 46.317646 ], [ 10.720327, 46.31747 ], [ 10.718674, 46.316138 ], [ 10.71503, 46.314518 ], [ 10.712568, 46.31297 ], [ 10.716136, 46.311413 ], [ 10.724066, 46.30986 ], [ 10.72142, 46.307373 ], [ 10.717652, 46.303437 ], [ 10.715838, 46.302102 ], [ 10.717845, 46.299678 ], [ 10.719623, 46.297873 ], [ 10.720829, 46.296878 ], [ 10.723718, 46.295223 ], [ 10.723785, 46.28808 ], [ 10.724122, 46.286217 ], [ 10.724069, 46.283283 ], [ 10.72428, 46.279086 ], [ 10.724834, 46.277074 ], [ 10.724429, 46.274917 ], [ 10.723719, 46.273729 ], [ 10.722342, 46.272373 ], [ 10.722603, 46.27206 ], [ 10.721786, 46.26943 ], [ 10.719153, 46.267917 ], [ 10.716861, 46.266992 ], [ 10.715873, 46.266337 ], [ 10.715179, 46.263057 ], [ 10.714088, 46.261702 ], [ 10.712451, 46.26051 ], [ 10.711324, 46.260435 ], [ 10.710261, 46.259717 ], [ 10.708588, 46.259172 ], [ 10.707025, 46.258149 ], [ 10.702846, 46.257142 ], [ 10.700056, 46.255841 ], [ 10.699312, 46.255161 ], [ 10.695662, 46.254852 ], [ 10.692488, 46.255061 ], [ 10.691303, 46.25487 ], [ 10.689122, 46.253623 ], [ 10.686627, 46.251904 ], [ 10.684805, 46.25116 ], [ 10.684652, 46.249943 ], [ 10.686107, 46.247521 ], [ 10.686697, 46.246832 ], [ 10.685737, 46.245733 ], [ 10.68569, 46.243839 ], [ 10.686391, 46.24219 ], [ 10.686147, 46.24045 ], [ 10.688051, 46.240085 ], [ 10.689238, 46.239609 ], [ 10.691042, 46.239308 ], [ 10.691808, 46.239659 ], [ 10.694535, 46.239322 ], [ 10.696233, 46.239487 ], [ 10.6971, 46.239324 ], [ 10.699336, 46.23941 ], [ 10.700584, 46.239083 ], [ 10.70111, 46.240031 ], [ 10.701874, 46.239895 ], [ 10.704516, 46.240768 ], [ 10.706206, 46.240806 ], [ 10.707188, 46.240364 ], [ 10.711479, 46.240698 ], [ 10.713965, 46.241255 ], [ 10.716524, 46.240874 ], [ 10.721719, 46.240609 ], [ 10.722741, 46.241138 ], [ 10.724338, 46.241085 ], [ 10.72575, 46.240487 ], [ 10.728435, 46.23842 ], [ 10.731114, 46.237412 ], [ 10.733328, 46.237456 ], [ 10.733577, 46.238994 ], [ 10.735122, 46.240856 ], [ 10.736951, 46.241533 ], [ 10.740284, 46.243891 ], [ 10.743081, 46.24389 ], [ 10.74388, 46.244259 ], [ 10.74487, 46.245885 ], [ 10.745643, 46.248135 ], [ 10.747042, 46.249547 ], [ 10.748005, 46.249909 ], [ 10.748786, 46.250825 ] ] ] } },
{ "type": "Feature", "properties": { "com_altname": null, "com_area_code": "ITA", "com_capoluogo": "No", "com_code": "22007", "com_name": "Avio", "com_name_lower": "avio", "com_name_upper": "AVIO", "com_type": "Comune", "geo_point_2d": { "lat": 45.73205766967779, "lon": 10.91925255356621 }, "prov_code": "22", "prov_name": "Trento", "reg_code": "4", "reg_name": "Trentino-Alto Adige", "rip_code": "2", "rip_name": "Nord-Est", "year": "2022" }, "geometry": { "type": "Polygon", "coordinates": [ [ [ 10.872507, 45.71579 ], [ 10.872946, 45.715741 ], [ 10.87387, 45.717419 ], [ 10.876841, 45.717202 ], [ 10.881472, 45.717277 ], [ 10.884942, 45.716511 ], [ 10.886177, 45.715984 ], [ 10.889579, 45.715075 ], [ 10.891316, 45.714203 ], [ 10.893852, 45.712621 ], [ 10.89385, 45.711845 ], [ 10.89532, 45.709202 ], [ 10.898215, 45.709134 ], [ 10.899685, 45.708925 ], [ 10.902299, 45.70817 ], [ 10.904597, 45.707719 ], [ 10.908804, 45.706208 ], [ 10.910945, 45.705191 ], [ 10.914591, 45.702574 ], [ 10.915367, 45.70341 ], [ 10.917298, 45.704306 ], [ 10.917067, 45.703468 ], [ 10.916193, 45.702256 ], [ 10.918521, 45.701044 ], [ 10.918782, 45.700554 ], [ 10.923198, 45.700614 ], [ 10.923687, 45.700153 ], [ 10.925982, 45.699089 ], [ 10.924136, 45.69731 ], [ 10.92304, 45.696604 ], [ 10.915929, 45.693533 ], [ 10.913238, 45.69185 ], [ 10.91216, 45.690702 ], [ 10.911998, 45.688315 ], [ 10.91283, 45.687768 ], [ 10.916334, 45.684295 ], [ 10.917967, 45.683716 ], [ 10.91932, 45.682166 ], [ 10.920159, 45.680286 ], [ 10.921797, 45.679846 ], [ 10.923654, 45.679613 ], [ 10.927474, 45.677443 ], [ 10.930368, 45.677727 ], [ 10.932249, 45.676317 ], [ 10.933897, 45.675813 ], [ 10.936572, 45.673477 ], [ 10.93746, 45.673416 ], [ 10.942901, 45.673063 ], [ 10.944497, 45.674065 ], [ 10.944693, 45.675153 ], [ 10.945523, 45.676104 ], [ 10.944927, 45.676982 ], [ 10.946044, 45.678213 ], [ 10.946123, 45.679192 ], [ 10.945548, 45.680021 ], [ 10.947172, 45.682184 ], [ 10.948393, 45.683495 ], [ 10.94999, 45.684868 ], [ 10.951327, 45.684499 ], [ 10.961039, 45.685439 ], [ 10.961998, 45.685683 ], [ 10.961585, 45.68731 ], [ 10.960725, 45.688107 ], [ 10.961817, 45.689704 ], [ 10.962008, 45.691407 ], [ 10.96173, 45.692567 ], [ 10.96201, 45.696789 ], [ 10.960531, 45.69846 ], [ 10.960432, 45.699411 ], [ 10.960844, 45.701216 ], [ 10.962042, 45.701962 ], [ 10.962159, 45.704101 ], [ 10.963534, 45.705749 ], [ 10.96355, 45.706776 ], [ 10.964673, 45.707398 ], [ 10.966817, 45.708109 ], [ 10.966716, 45.709866 ], [ 10.967551, 45.71093 ], [ 10.967668, 45.711661 ], [ 10.966706, 45.712972 ], [ 10.966551, 45.714905 ], [ 10.965899, 45.715737 ], [ 10.963915, 45.717408 ], [ 10.963573, 45.720825 ], [ 10.964049, 45.722406 ], [ 10.965686, 45.723507 ], [ 10.966778, 45.723466 ], [ 10.966478, 45.724946 ], [ 10.965323, 45.726178 ], [ 10.965366, 45.727475 ], [ 10.966249, 45.72795 ], [ 10.967565, 45.729805 ], [ 10.966089, 45.73215 ], [ 10.964618, 45.733312 ], [ 10.963302, 45.735657 ], [ 10.962441, 45.736609 ], [ 10.965347, 45.737817 ], [ 10.967492, 45.73904 ], [ 10.968862, 45.740497 ], [ 10.970227, 45.741096 ], [ 10.974641, 45.741744 ], [ 10.977167, 45.742264 ], [ 10.979447, 45.743294 ], [ 10.980897, 45.743739 ], [ 10.983161, 45.744866 ], [ 10.983568, 45.747136 ], [ 10.9835, 45.748541 ], [ 10.984024, 45.750851 ], [ 10.984817, 45.751633 ], [ 10.987156, 45.753198 ], [ 10.984958, 45.754926 ], [ 10.982183, 45.757668 ], [ 10.980563, 45.759448 ], [ 10.979514, 45.760295 ], [ 10.978712, 45.761696 ], [ 10.97767, 45.764393 ], [ 10.97789, 45.765071 ], [ 10.976269, 45.766382 ], [ 10.971604, 45.768117 ], [ 10.969586, 45.769144 ], [ 10.968939, 45.770597 ], [ 10.96866, 45.768417 ], [ 10.969077, 45.767211 ], [ 10.967391, 45.766736 ], [ 10.9667, 45.765983 ], [ 10.967112, 45.765069 ], [ 10.966523, 45.764698 ], [ 10.962563, 45.764778 ], [ 10.961975, 45.765707 ], [ 10.959813, 45.765744 ], [ 10.957533, 45.764966 ], [ 10.956366, 45.765202 ], [ 10.953503, 45.765247 ], [ 10.952187, 45.765472 ], [ 10.951636, 45.765206 ], [ 10.950544, 45.765944 ], [ 10.949629, 45.765839 ], [ 10.947836, 45.766719 ], [ 10.948285, 45.767292 ], [ 10.947675, 45.767756 ], [ 10.946466, 45.767468 ], [ 10.945604, 45.766644 ], [ 10.94424, 45.767191 ], [ 10.94158, 45.767348 ], [ 10.939482, 45.767273 ], [ 10.938626, 45.766749 ], [ 10.937063, 45.766614 ], [ 10.937052, 45.765632 ], [ 10.937727, 45.765269 ], [ 10.937625, 45.764333 ], [ 10.935174, 45.764156 ], [ 10.933553, 45.763759 ], [ 10.932306, 45.763744 ], [ 10.932306, 45.764519 ], [ 10.931321, 45.764467 ], [ 10.930202, 45.765088 ], [ 10.929721, 45.764234 ], [ 10.928014, 45.765111 ], [ 10.926114, 45.765631 ], [ 10.924733, 45.765556 ], [ 10.923716, 45.764818 ], [ 10.923015, 45.765027 ], [ 10.920639, 45.765019 ], [ 10.919751, 45.765487 ], [ 10.915662, 45.766163 ], [ 10.912405, 45.767652 ], [ 10.910681, 45.767989 ], [ 10.90937, 45.769066 ], [ 10.90702, 45.76987 ], [ 10.906699, 45.770489 ], [ 10.905123, 45.77156 ], [ 10.900818, 45.7723 ], [ 10.899644, 45.772773 ], [ 10.896213, 45.773539 ], [ 10.895288, 45.774442 ], [ 10.895191, 45.775038 ], [ 10.891242, 45.776054 ], [ 10.890401, 45.776626 ], [ 10.888564, 45.776648 ], [ 10.88677, 45.777311 ], [ 10.885852, 45.778397 ], [ 10.884772, 45.779252 ], [ 10.883413, 45.779756 ], [ 10.884777, 45.778238 ], [ 10.885019, 45.77654 ], [ 10.885394, 45.775571 ], [ 10.884444, 45.773732 ], [ 10.883007, 45.772023 ], [ 10.882284, 45.771945 ], [ 10.877677, 45.772763 ], [ 10.877192, 45.772356 ], [ 10.875766, 45.770098 ], [ 10.875852, 45.767487 ], [ 10.876439, 45.764447 ], [ 10.87148, 45.764912 ], [ 10.868261, 45.765365 ], [ 10.866937, 45.76424 ], [ 10.86647, 45.762892 ], [ 10.865127, 45.761133 ], [ 10.865239, 45.758867 ], [ 10.864673, 45.756339 ], [ 10.864868, 45.754894 ], [ 10.864027, 45.751928 ], [ 10.863665, 45.750126 ], [ 10.86373, 45.749093 ], [ 10.862627, 45.743661 ], [ 10.858598, 45.743871 ], [ 10.857687, 45.743217 ], [ 10.855692, 45.742392 ], [ 10.85481, 45.741538 ], [ 10.854391, 45.740354 ], [ 10.852827, 45.73711 ], [ 10.850198, 45.736019 ], [ 10.849766, 45.735607 ], [ 10.849187, 45.733296 ], [ 10.849083, 45.731862 ], [ 10.847683, 45.72789 ], [ 10.846422, 45.726867 ], [ 10.844402, 45.724884 ], [ 10.844723, 45.722856 ], [ 10.84327, 45.720588 ], [ 10.843832, 45.718593 ], [ 10.845909, 45.718001 ], [ 10.850364, 45.717868 ], [ 10.857295, 45.717862 ], [ 10.861926, 45.717408 ], [ 10.865108, 45.71662 ], [ 10.867825, 45.716385 ], [ 10.872507, 45.71579 ] ] ] } },
{ "type": "Feature", "properties": { "com_altname": null, "com_area_code": "ITA", "com_capoluogo": "No", "com_code": "22248", "com_name": "Vallelaghi", "com_name_lower": "vallelaghi", "com_name_upper": "VALLELAGHI", "com_type": "Comune", "geo_point_2d": { "lat": 46.100637587735136, "lon": 11.009261464974553 }, "prov_code": "22", "prov_name": "Trento", "reg_code": "4", "reg_name": "Trentino-Alto Adige", "rip_code": "2", "rip_name": "Nord-Est", "year": "2022" }, "geometry": { "type": "Polygon", "coordinates": [ [ [ 11.049497, 46.145907 ], [ 11.050692, 46.145087 ], [ 11.04998, 46.144326 ], [ 11.048396, 46.143445 ], [ 11.048035, 46.142559 ], [ 11.047195, 46.141686 ], [ 11.045906, 46.141443 ], [ 11.045227, 46.142812 ], [ 11.04339, 46.143266 ], [ 11.041844, 46.142897 ], [ 11.04107, 46.141006 ], [ 11.036919, 46.141802 ], [ 11.027419, 46.145816 ], [ 11.025124, 46.146693 ], [ 11.022024, 46.149105 ], [ 11.020914, 46.15129 ], [ 11.019095, 46.150512 ], [ 11.016612, 46.149887 ], [ 11.015608, 46.148851 ], [ 11.014626, 46.148561 ], [ 11.007802, 46.145681 ], [ 11.003323, 46.143497 ], [ 11.000142, 46.143357 ], [ 10.998974, 46.144337 ], [ 10.996513, 46.144715 ], [ 10.995862, 46.144221 ], [ 10.993937, 46.143605 ], [ 10.990546, 46.141426 ], [ 10.992202, 46.140472 ], [ 10.990645, 46.140275 ], [ 10.987576, 46.139029 ], [ 10.986281, 46.138656 ], [ 10.984595, 46.1365 ], [ 10.984569, 46.134437 ], [ 10.98332, 46.134439 ], [ 10.983208, 46.133058 ], [ 10.981819, 46.13157 ], [ 10.981086, 46.129362 ], [ 10.979383, 46.125216 ], [ 10.977581, 46.122249 ], [ 10.976217, 46.119758 ], [ 10.970598, 46.116373 ], [ 10.968791, 46.11514 ], [ 10.967702, 46.114064 ], [ 10.967595, 46.112727 ], [ 10.967882, 46.111671 ], [ 10.96755, 46.110095 ], [ 10.967467, 46.105332 ], [ 10.966928, 46.103094 ], [ 10.968227, 46.101827 ], [ 10.967851, 46.100053 ], [ 10.965802, 46.097684 ], [ 10.963951, 46.096453 ], [ 10.958928, 46.096824 ], [ 10.955544, 46.093955 ], [ 10.954244, 46.089227 ], [ 10.953007, 46.086605 ], [ 10.953272, 46.086007 ], [ 10.953197, 46.083953 ], [ 10.948842, 46.078475 ], [ 10.944858, 46.073556 ], [ 10.935653, 46.066796 ], [ 10.933347, 46.065539 ], [ 10.931317, 46.064176 ], [ 10.931958, 46.05981 ], [ 10.931897, 46.058585 ], [ 10.932246, 46.058163 ], [ 10.930332, 46.055571 ], [ 10.931918, 46.05536 ], [ 10.933035, 46.054829 ], [ 10.934806, 46.054409 ], [ 10.937216, 46.054934 ], [ 10.937851, 46.054731 ], [ 10.938505, 46.053629 ], [ 10.939765, 46.052537 ], [ 10.940421, 46.051167 ], [ 10.941448, 46.05028 ], [ 10.942269, 46.049098 ], [ 10.943753, 46.048005 ], [ 10.945175, 46.047418 ], [ 10.945568, 46.049457 ], [ 10.946681, 46.050109 ], [ 10.949153, 46.050145 ], [ 10.951239, 46.050737 ], [ 10.952124, 46.05226 ], [ 10.952311, 46.053791 ], [ 10.956326, 46.056445 ], [ 10.958105, 46.05777 ], [ 10.960146, 46.060094 ], [ 10.962065, 46.060057 ], [ 10.962586, 46.060815 ], [ 10.965082, 46.061299 ], [ 10.966164, 46.061809 ], [ 10.968748, 46.062623 ], [ 10.969491, 46.062551 ], [ 10.969992, 46.061026 ], [ 10.972171, 46.062161 ], [ 10.974509, 46.063588 ], [ 10.977856, 46.061123 ], [ 10.97713, 46.059025 ], [ 10.97868, 46.058847 ], [ 10.978624, 46.058424 ], [ 10.98011, 46.056768 ], [ 10.980201, 46.056091 ], [ 10.981727, 46.053342 ], [ 10.985654, 46.054318 ], [ 10.987164, 46.054376 ], [ 10.987712, 46.053619 ], [ 10.992502, 46.053617 ], [ 10.993045, 46.05216 ], [ 10.994674, 46.052016 ], [ 11.001431, 46.051989 ], [ 11.001583, 46.051593 ], [ 11.007225, 46.050749 ], [ 11.014026, 46.049401 ], [ 11.015116, 46.050837 ], [ 11.015382, 46.052236 ], [ 11.017085, 46.053044 ], [ 11.017751, 46.052447 ], [ 11.019197, 46.05256 ], [ 11.020038, 46.052106 ], [ 11.021437, 46.04937 ], [ 11.02264, 46.051973 ], [ 11.023672, 46.053413 ], [ 11.0262, 46.05565 ], [ 11.026231, 46.058602 ], [ 11.024513, 46.062016 ], [ 11.023182, 46.063264 ], [ 11.023074, 46.064641 ], [ 11.022211, 46.065677 ], [ 11.023048, 46.066889 ], [ 11.023312, 46.068083 ], [ 11.022596, 46.069713 ], [ 11.021744, 46.070632 ], [ 11.021541, 46.071948 ], [ 11.022085, 46.072653 ], [ 11.02343, 46.073526 ], [ 11.024241, 46.075438 ], [ 11.02498, 46.075086 ], [ 11.027565, 46.075506 ], [ 11.02826, 46.07587 ], [ 11.027781, 46.077066 ], [ 11.028185, 46.078867 ], [ 11.027917, 46.080102 ], [ 11.027724, 46.082634 ], [ 11.026941, 46.083135 ], [ 11.027078, 46.0846 ], [ 11.026895, 46.085864 ], [ 11.026301, 46.086612 ], [ 11.026313, 46.087572 ], [ 11.025793, 46.088112 ], [ 11.029531, 46.088864 ], [ 11.029156, 46.092031 ], [ 11.030325, 46.091848 ], [ 11.03099, 46.091372 ], [ 11.032421, 46.091563 ], [ 11.034678, 46.089853 ], [ 11.03554, 46.087492 ], [ 11.035515, 46.086333 ], [ 11.038202, 46.084042 ], [ 11.042253, 46.085632 ], [ 11.042062, 46.08711 ], [ 11.046099, 46.089703 ], [ 11.047324, 46.088649 ], [ 11.047407, 46.088038 ], [ 11.049785, 46.0876 ], [ 11.051198, 46.088249 ], [ 11.052598, 46.089813 ], [ 11.054566, 46.091552 ], [ 11.054347, 46.091944 ], [ 11.055681, 46.094142 ], [ 11.057308, 46.096526 ], [ 11.060114, 46.097694 ], [ 11.064543, 46.099738 ], [ 11.067637, 46.1021 ], [ 11.071043, 46.105981 ], [ 11.073056, 46.108149 ], [ 11.074658, 46.109421 ], [ 11.075829, 46.111194 ], [ 11.077004, 46.112357 ], [ 11.077916, 46.115214 ], [ 11.07999, 46.115906 ], [ 11.07948, 46.116831 ], [ 11.076848, 46.118029 ], [ 11.076646, 46.118617 ], [ 11.077384, 46.119642 ], [ 11.078856, 46.120392 ], [ 11.081537, 46.120519 ], [ 11.083608, 46.121107 ], [ 11.082838, 46.122759 ], [ 11.082708, 46.123767 ], [ 11.081936, 46.125024 ], [ 11.081291, 46.125895 ], [ 11.076379, 46.135356 ], [ 11.075314, 46.135328 ], [ 11.072416, 46.133601 ], [ 11.070553, 46.132168 ], [ 11.069867, 46.133287 ], [ 11.068414, 46.134203 ], [ 11.068696, 46.134949 ], [ 11.067785, 46.135921 ], [ 11.066279, 46.136257 ], [ 11.064913, 46.135676 ], [ 11.065731, 46.1389 ], [ 11.065178, 46.14057 ], [ 11.063855, 46.141341 ], [ 11.063772, 46.142449 ], [ 11.064696, 46.143068 ], [ 11.06448, 46.144485 ], [ 11.066315, 46.145963 ], [ 11.067182, 46.147791 ], [ 11.067788, 46.149627 ], [ 11.067694, 46.150955 ], [ 11.065406, 46.150781 ], [ 11.063194, 46.151041 ], [ 11.062032, 46.151783 ], [ 11.059642, 46.151126 ], [ 11.057865, 46.150869 ], [ 11.057009, 46.150339 ], [ 11.054785, 46.149801 ], [ 11.053411, 46.149104 ], [ 11.049497, 46.145907 ] ] ] } },
{ "type": "Feature", "properties": { "com_altname": null, "com_area_code": "ITA", "com_capoluogo": "No", "com_code": "22106", "com_name": "Livo", "com_name_lower": "livo", "com_name_upper": "LIVO", "com_type": "Comune", "geo_point_2d": { "lat": 46.42136022308912, "lon": 11.005688524218302 }, "prov_code": "22", "prov_name": "Trento", "reg_code": "4", "reg_name": "Trentino-Alto Adige", "rip_code": "2", "rip_name": "Nord-Est", "year": "2022" }, "geometry": { "type": "Polygon", "coordinates": [ [ [ 11.016145, 46.393605 ], [ 11.017971, 46.393253 ], [ 11.019435, 46.393889 ], [ 11.020298, 46.393909 ], [ 11.020869, 46.393269 ], [ 11.020713, 46.391283 ], [ 11.023371, 46.391196 ], [ 11.026518, 46.390343 ], [ 11.028387, 46.390796 ], [ 11.028592, 46.391432 ], [ 11.029877, 46.392619 ], [ 11.031632, 46.39455 ], [ 11.035173, 46.396008 ], [ 11.035064, 46.396469 ], [ 11.033775, 46.397765 ], [ 11.032535, 46.398346 ], [ 11.032513, 46.399163 ], [ 11.031315, 46.399879 ], [ 11.031193, 46.401289 ], [ 11.029661, 46.402184 ], [ 11.029097, 46.403296 ], [ 11.027612, 46.404697 ], [ 11.026661, 46.405193 ], [ 11.02666, 46.40605 ], [ 11.027735, 46.407421 ], [ 11.027352, 46.407962 ], [ 11.0269, 46.40986 ], [ 11.027598, 46.410564 ], [ 11.02657, 46.411062 ], [ 11.027298, 46.411891 ], [ 11.027749, 46.412966 ], [ 11.027684, 46.414081 ], [ 11.028242, 46.415138 ], [ 11.027643, 46.416517 ], [ 11.027704, 46.417681 ], [ 11.028783, 46.41827 ], [ 11.029517, 46.419911 ], [ 11.029124, 46.421151 ], [ 11.028527, 46.421761 ], [ 11.028386, 46.423426 ], [ 11.027941, 46.423665 ], [ 11.028011, 46.425 ], [ 11.026733, 46.427305 ], [ 11.026914, 46.428206 ], [ 11.026257, 46.430111 ], [ 11.024049, 46.430993 ], [ 11.02374, 46.431914 ], [ 11.022402, 46.432887 ], [ 11.021482, 46.435134 ], [ 11.020013, 46.435741 ], [ 11.0183, 46.436135 ], [ 11.016873, 46.437664 ], [ 11.017159, 46.43803 ], [ 11.01648, 46.438881 ], [ 11.014231, 46.440049 ], [ 11.012476, 46.440779 ], [ 11.010818, 46.442197 ], [ 11.009855, 46.443522 ], [ 11.010166, 46.444291 ], [ 11.009183, 46.444977 ], [ 11.006215, 46.444049 ], [ 11.004724, 46.443737 ], [ 11.000973, 46.443398 ], [ 10.996409, 46.442636 ], [ 10.995197, 46.441874 ], [ 10.992762, 46.441863 ], [ 10.990185, 46.44117 ], [ 10.989804, 46.440735 ], [ 10.988012, 46.440127 ], [ 10.986848, 46.439986 ], [ 10.986629, 46.438964 ], [ 10.987201, 46.438234 ], [ 10.985814, 46.438051 ], [ 10.984679, 46.437602 ], [ 10.979492, 46.436747 ], [ 10.977996, 46.437493 ], [ 10.973857, 46.437862 ], [ 10.972856, 46.436808 ], [ 10.970569, 46.435849 ], [ 10.968394, 46.435445 ], [ 10.967067, 46.434388 ], [ 10.967103, 46.431408 ], [ 10.968482, 46.428865 ], [ 10.970051, 46.426903 ], [ 10.972041, 46.42577 ], [ 10.973673, 46.425562 ], [ 10.976764, 46.425734 ], [ 10.978936, 46.426047 ], [ 10.980743, 46.425287 ], [ 10.98247, 46.424816 ], [ 10.984501, 46.423764 ], [ 10.98514, 46.423069 ], [ 10.985514, 46.420839 ], [ 10.987337, 46.418701 ], [ 10.987935, 46.41654 ], [ 10.98926, 46.415041 ], [ 10.98962, 46.414225 ], [ 10.989454, 46.412509 ], [ 10.99033, 46.411549 ], [ 10.993031, 46.412473 ], [ 10.994109, 46.412077 ], [ 10.995904, 46.412063 ], [ 10.996892, 46.411677 ], [ 10.998155, 46.411691 ], [ 10.999235, 46.41064 ], [ 11.000975, 46.40932 ], [ 11.001876, 46.408971 ], [ 11.002658, 46.408113 ], [ 11.00358, 46.407633 ], [ 11.005948, 46.405695 ], [ 11.006588, 46.403957 ], [ 11.00876, 46.402161 ], [ 11.009375, 46.402215 ], [ 11.009955, 46.401364 ], [ 11.009889, 46.399878 ], [ 11.010481, 46.399192 ], [ 11.012687, 46.398553 ], [ 11.013426, 46.397613 ], [ 11.015235, 46.396969 ], [ 11.015969, 46.396065 ], [ 11.016145, 46.393605 ] ] ] } },
{ "type": "Feature", "properties": { "com_altname": null, "com_area_code": "ITA", "com_capoluogo": "No", "com_code": "22172", "com_name": "Segonzano", "com_name_lower": "segonzano", "com_name_upper": "SEGONZANO", "com_type": "Comune", "geo_point_2d": { "lat": 46.192021092836676, "lon": 11.282347004906336 }, "prov_code": "22", "prov_name": "Trento", "reg_code": "4", "reg_name": "Trentino-Alto Adige", "rip_code": "2", "rip_name": "Nord-Est", "year": "2022" }, "geometry": { "type": "Polygon", "coordinates": [ [ [ 11.270498, 46.172561 ], [ 11.276076, 46.172083 ], [ 11.279664, 46.171631 ], [ 11.28383, 46.170039 ], [ 11.284584, 46.171608 ], [ 11.287085, 46.172047 ], [ 11.290423, 46.172433 ], [ 11.292009, 46.172861 ], [ 11.294517, 46.173998 ], [ 11.295804, 46.175067 ], [ 11.296737, 46.177192 ], [ 11.297769, 46.17997 ], [ 11.298668, 46.181448 ], [ 11.299451, 46.181717 ], [ 11.302393, 46.18355 ], [ 11.30578, 46.185287 ], [ 11.308787, 46.187176 ], [ 11.315048, 46.190305 ], [ 11.319451, 46.193229 ], [ 11.322454, 46.19468 ], [ 11.32167, 46.195768 ], [ 11.322003, 46.196215 ], [ 11.320845, 46.197924 ], [ 11.319992, 46.200031 ], [ 11.318811, 46.20195 ], [ 11.317709, 46.202521 ], [ 11.316949, 46.203526 ], [ 11.317079, 46.205081 ], [ 11.31628, 46.207307 ], [ 11.316439, 46.208811 ], [ 11.314758, 46.210528 ], [ 11.314134, 46.211949 ], [ 11.314087, 46.214128 ], [ 11.313852, 46.215047 ], [ 11.311698, 46.217898 ], [ 11.309849, 46.219907 ], [ 11.308197, 46.220827 ], [ 11.306, 46.221159 ], [ 11.30501, 46.221516 ], [ 11.304201, 46.221114 ], [ 11.304599, 46.22017 ], [ 11.301602, 46.219578 ], [ 11.299105, 46.218242 ], [ 11.298573, 46.21598 ], [ 11.297522, 46.215079 ], [ 11.296208, 46.214736 ], [ 11.291126, 46.213727 ], [ 11.290484, 46.213146 ], [ 11.289713, 46.213377 ], [ 11.286247, 46.213069 ], [ 11.286454, 46.211768 ], [ 11.285175, 46.210237 ], [ 11.283956, 46.209816 ], [ 11.279008, 46.208898 ], [ 11.277527, 46.208851 ], [ 11.277137, 46.208273 ], [ 11.278521, 46.20641 ], [ 11.276369, 46.205116 ], [ 11.275379, 46.204155 ], [ 11.271849, 46.203159 ], [ 11.269135, 46.203748 ], [ 11.268512, 46.202595 ], [ 11.267035, 46.201652 ], [ 11.263639, 46.203524 ], [ 11.262581, 46.202955 ], [ 11.261649, 46.202911 ], [ 11.259572, 46.202331 ], [ 11.258, 46.202569 ], [ 11.254354, 46.202479 ], [ 11.252522, 46.201899 ], [ 11.252091, 46.201336 ], [ 11.252987, 46.199959 ], [ 11.252458, 46.197823 ], [ 11.25088, 46.196353 ], [ 11.250925, 46.195428 ], [ 11.250076, 46.19248 ], [ 11.251012, 46.190888 ], [ 11.251132, 46.189906 ], [ 11.250551, 46.188692 ], [ 11.249746, 46.187828 ], [ 11.248607, 46.187851 ], [ 11.247701, 46.187447 ], [ 11.247374, 46.184648 ], [ 11.246818, 46.183627 ], [ 11.246208, 46.180505 ], [ 11.24393, 46.178359 ], [ 11.243561, 46.177187 ], [ 11.242374, 46.176435 ], [ 11.241922, 46.175374 ], [ 11.241269, 46.174977 ], [ 11.240798, 46.174657 ], [ 11.240978, 46.173106 ], [ 11.239984, 46.17215 ], [ 11.239006, 46.170816 ], [ 11.240697, 46.169779 ], [ 11.242636, 46.169137 ], [ 11.244349, 46.168926 ], [ 11.248223, 46.167623 ], [ 11.249687, 46.166504 ], [ 11.251559, 46.166007 ], [ 11.252869, 46.168526 ], [ 11.255101, 46.16957 ], [ 11.264151, 46.172762 ], [ 11.270498, 46.172561 ] ] ] } },
{ "type": "Feature", "properties": { "com_altname": null, "com_area_code": "ITA", "com_capoluogo": "No", "com_code": "22110", "com_name": "Malé", "com_name_lower": "malé", "com_name_upper": "MALÉ", "com_type": "Comune", "geo_point_2d": { "lat": 46.360431697367176, "lon": 10.894034745350096 }, "prov_code": "22", "prov_name": "Trento", "reg_code": "4", "reg_name": "Trentino-Alto Adige", "rip_code": "2", "rip_name": "Nord-Est", "year": "2022" }, "geometry": { "type": "Polygon", "coordinates": [ [ [ 10.844205, 46.34892 ], [ 10.843827, 46.348548 ], [ 10.844823, 46.346121 ], [ 10.847954, 46.340845 ], [ 10.853741, 46.339567 ], [ 10.857386, 46.337785 ], [ 10.858942, 46.337375 ], [ 10.861651, 46.336322 ], [ 10.865613, 46.335204 ], [ 10.867999, 46.335081 ], [ 10.869087, 46.335242 ], [ 10.869845, 46.33618 ], [ 10.87395, 46.335698 ], [ 10.878703, 46.337235 ], [ 10.880229, 46.338996 ], [ 10.882788, 46.339675 ], [ 10.883976, 46.340453 ], [ 10.886386, 46.340449 ], [ 10.887877, 46.341274 ], [ 10.892005, 46.34402 ], [ 10.892375, 46.345028 ], [ 10.893451, 46.346263 ], [ 10.89727, 46.348932 ], [ 10.898, 46.348609 ], [ 10.899619, 46.348827 ], [ 10.900364, 46.349334 ], [ 10.903404, 46.350689 ], [ 10.906048, 46.349108 ], [ 10.910792, 46.345209 ], [ 10.911087, 46.343894 ], [ 10.912697, 46.34233 ], [ 10.913069, 46.341482 ], [ 10.915004, 46.341903 ], [ 10.915629, 46.341247 ], [ 10.91688, 46.340656 ], [ 10.918424, 46.339436 ], [ 10.919043, 46.337669 ], [ 10.921722, 46.33432 ], [ 10.922707, 46.332507 ], [ 10.927273, 46.328383 ], [ 10.931596, 46.328638 ], [ 10.933722, 46.327189 ], [ 10.935818, 46.325032 ], [ 10.937352, 46.326169 ], [ 10.938494, 46.326499 ], [ 10.942689, 46.326122 ], [ 10.945305, 46.326426 ], [ 10.942878, 46.328176 ], [ 10.940658, 46.330116 ], [ 10.940181, 46.330967 ], [ 10.940303, 46.332531 ], [ 10.940071, 46.333527 ], [ 10.940722, 46.336055 ], [ 10.941425, 46.337329 ], [ 10.941318, 46.338415 ], [ 10.938456, 46.340896 ], [ 10.938493, 46.341764 ], [ 10.935095, 46.342974 ], [ 10.933571, 46.344845 ], [ 10.932096, 46.347064 ], [ 10.930472, 46.348681 ], [ 10.929253, 46.349446 ], [ 10.928102, 46.349502 ], [ 10.925828, 46.350247 ], [ 10.922533, 46.352462 ], [ 10.922909, 46.35274 ], [ 10.922377, 46.354766 ], [ 10.919743, 46.35515 ], [ 10.919128, 46.356446 ], [ 10.917571, 46.356602 ], [ 10.917018, 46.357722 ], [ 10.920591, 46.358228 ], [ 10.92067, 46.360715 ], [ 10.920371, 46.36128 ], [ 10.9219, 46.361861 ], [ 10.923801, 46.362908 ], [ 10.924055, 46.363657 ], [ 10.926064, 46.365347 ], [ 10.924357, 46.366112 ], [ 10.923604, 46.367116 ], [ 10.923741, 46.367584 ], [ 10.922979, 46.368498 ], [ 10.921546, 46.369387 ], [ 10.920139, 46.371085 ], [ 10.918774, 46.373867 ], [ 10.917432, 46.37414 ], [ 10.915208, 46.37796 ], [ 10.915238, 46.378735 ], [ 10.91332, 46.380376 ], [ 10.913119, 46.381082 ], [ 10.913152, 46.383367 ], [ 10.916243, 46.388719 ], [ 10.917779, 46.390153 ], [ 10.916414, 46.391312 ], [ 10.915889, 46.393697 ], [ 10.915126, 46.393839 ], [ 10.913006, 46.394945 ], [ 10.910761, 46.395006 ], [ 10.910045, 46.39549 ], [ 10.908538, 46.3974 ], [ 10.908351, 46.398592 ], [ 10.907138, 46.401213 ], [ 10.907657, 46.40268 ], [ 10.907433, 46.402963 ], [ 10.905337, 46.403295 ], [ 10.902523, 46.403945 ], [ 10.900953, 46.404061 ], [ 10.897307, 46.402825 ], [ 10.896638, 46.402287 ], [ 10.89665, 46.400757 ], [ 10.896191, 46.400279 ], [ 10.892201, 46.398448 ], [ 10.889627, 46.397844 ], [ 10.888564, 46.397103 ], [ 10.885661, 46.396511 ], [ 10.884645, 46.393941 ], [ 10.88098, 46.390085 ], [ 10.87754, 46.386134 ], [ 10.877332, 46.384685 ], [ 10.879115, 46.384744 ], [ 10.883189, 46.384138 ], [ 10.885365, 46.385539 ], [ 10.887798, 46.38612 ], [ 10.889129, 46.386695 ], [ 10.889778, 46.385332 ], [ 10.88973, 46.384329 ], [ 10.891877, 46.383284 ], [ 10.892006, 46.38272 ], [ 10.893386, 46.381942 ], [ 10.894878, 46.380623 ], [ 10.89654, 46.379484 ], [ 10.898053, 46.379115 ], [ 10.896805, 46.375212 ], [ 10.896025, 46.374398 ], [ 10.898605, 46.372601 ], [ 10.901015, 46.370645 ], [ 10.9006, 46.369617 ], [ 10.900671, 46.368238 ], [ 10.901351, 46.366007 ], [ 10.901089, 46.365552 ], [ 10.899445, 46.365315 ], [ 10.896632, 46.366833 ], [ 10.89446, 46.365237 ], [ 10.892929, 46.365659 ], [ 10.890636, 46.366774 ], [ 10.889354, 46.367171 ], [ 10.886868, 46.367577 ], [ 10.885441, 46.368224 ], [ 10.884314, 46.36906 ], [ 10.881515, 46.37038 ], [ 10.880751, 46.369861 ], [ 10.878081, 46.368661 ], [ 10.874255, 46.367138 ], [ 10.87118, 46.369043 ], [ 10.870184, 46.369494 ], [ 10.86487, 46.372446 ], [ 10.862834, 46.371165 ], [ 10.86063, 46.369284 ], [ 10.858788, 46.367377 ], [ 10.858252, 46.367137 ], [ 10.854172, 46.366235 ], [ 10.853527, 46.36544 ], [ 10.853991, 46.363623 ], [ 10.853908, 46.362504 ], [ 10.854448, 46.3616 ], [ 10.856529, 46.357185 ], [ 10.854407, 46.354938 ], [ 10.852753, 46.353769 ], [ 10.850393, 46.351595 ], [ 10.847675, 46.351381 ], [ 10.846103, 46.350478 ], [ 10.844205, 46.34892 ] ] ] } },
{ "type": "Feature", "properties": { "com_altname": null, "com_area_code": "ITA", "com_capoluogo": "No", "com_code": "22116", "com_name": "Mezzocorona", "com_name_lower": "mezzocorona", "com_name_upper": "MEZZOCORONA", "com_type": "Comune", "geo_point_2d": { "lat": 46.23048498091443, "lon": 11.127903671863216 }, "prov_code": "22", "prov_name": "Trento", "reg_code": "4", "reg_name": "Trentino-Alto Adige", "rip_code": "2", "rip_name": "Nord-Est", "year": "2022" }, "geometry": { "type": "Polygon", "coordinates": [ [ [ 11.118754, 46.204856 ], [ 11.122646, 46.202324 ], [ 11.126486, 46.199499 ], [ 11.128645, 46.198015 ], [ 11.130932, 46.197524 ], [ 11.133048, 46.196526 ], [ 11.134505, 46.199106 ], [ 11.135987, 46.200761 ], [ 11.138728, 46.200962 ], [ 11.13943, 46.201268 ], [ 11.140523, 46.202319 ], [ 11.140877, 46.20314 ], [ 11.140936, 46.205164 ], [ 11.14381, 46.207316 ], [ 11.145704, 46.209008 ], [ 11.146668, 46.211001 ], [ 11.146643, 46.21701 ], [ 11.147011, 46.218834 ], [ 11.148223, 46.221327 ], [ 11.149938, 46.223743 ], [ 11.152212, 46.225482 ], [ 11.15338, 46.22609 ], [ 11.155854, 46.226759 ], [ 11.159396, 46.226962 ], [ 11.164986, 46.22673 ], [ 11.167894, 46.226905 ], [ 11.170056, 46.227521 ], [ 11.172691, 46.228893 ], [ 11.175725, 46.231049 ], [ 11.17606, 46.231441 ], [ 11.174638, 46.232667 ], [ 11.172905, 46.233371 ], [ 11.172319, 46.233224 ], [ 11.170855, 46.234085 ], [ 11.17165, 46.23501 ], [ 11.16995, 46.236253 ], [ 11.169311, 46.236976 ], [ 11.16841, 46.238924 ], [ 11.17063, 46.240258 ], [ 11.172648, 46.24099 ], [ 11.17506, 46.242402 ], [ 11.17607, 46.243553 ], [ 11.177583, 46.244622 ], [ 11.179673, 46.246575 ], [ 11.180292, 46.248161 ], [ 11.178645, 46.247851 ], [ 11.176557, 46.246513 ], [ 11.174605, 46.245497 ], [ 11.171006, 46.244243 ], [ 11.169238, 46.243817 ], [ 11.166847, 46.241932 ], [ 11.165631, 46.240709 ], [ 11.163004, 46.237685 ], [ 11.155687, 46.242346 ], [ 11.156269, 46.242947 ], [ 11.157384, 46.243326 ], [ 11.158603, 46.244608 ], [ 11.159293, 46.246395 ], [ 11.15785, 46.247039 ], [ 11.155138, 46.247972 ], [ 11.151305, 46.250223 ], [ 11.155157, 46.252904 ], [ 11.156417, 46.253992 ], [ 11.15665, 46.255045 ], [ 11.156278, 46.255974 ], [ 11.155614, 46.256266 ], [ 11.153791, 46.255585 ], [ 11.152401, 46.255382 ], [ 11.150752, 46.257096 ], [ 11.149825, 46.257694 ], [ 11.148781, 46.257241 ], [ 11.146763, 46.258458 ], [ 11.146141, 46.258465 ], [ 11.145777, 46.257108 ], [ 11.144566, 46.255875 ], [ 11.144413, 46.255289 ], [ 11.13886, 46.256959 ], [ 11.133889, 46.25864 ], [ 11.133073, 46.258831 ], [ 11.131618, 46.258129 ], [ 11.130804, 46.256988 ], [ 11.13048, 46.255887 ], [ 11.128586, 46.256647 ], [ 11.127345, 46.256602 ], [ 11.124552, 46.25264 ], [ 11.124258, 46.250603 ], [ 11.122563, 46.250364 ], [ 11.121859, 46.24954 ], [ 11.121863, 46.248595 ], [ 11.120859, 46.246913 ], [ 11.118684, 46.246363 ], [ 11.117555, 46.244904 ], [ 11.117398, 46.244286 ], [ 11.11769, 46.242818 ], [ 11.116884, 46.243062 ], [ 11.116135, 46.24399 ], [ 11.114605, 46.243635 ], [ 11.113748, 46.245082 ], [ 11.112828, 46.245068 ], [ 11.112293, 46.244353 ], [ 11.110361, 46.24303 ], [ 11.109708, 46.242205 ], [ 11.108257, 46.242124 ], [ 11.105783, 46.241094 ], [ 11.101209, 46.241961 ], [ 11.099101, 46.240294 ], [ 11.09609, 46.24264 ], [ 11.094394, 46.243049 ], [ 11.091884, 46.243388 ], [ 11.089501, 46.241879 ], [ 11.088904, 46.240364 ], [ 11.086405, 46.241166 ], [ 11.085149, 46.239866 ], [ 11.082846, 46.238864 ], [ 11.083131, 46.238341 ], [ 11.082532, 46.237299 ], [ 11.08119, 46.237089 ], [ 11.080013, 46.237637 ], [ 11.078442, 46.23731 ], [ 11.077696, 46.236838 ], [ 11.076657, 46.23678 ], [ 11.076181, 46.235781 ], [ 11.075364, 46.235526 ], [ 11.074143, 46.234049 ], [ 11.072122, 46.232358 ], [ 11.070878, 46.230985 ], [ 11.073355, 46.229784 ], [ 11.075838, 46.229041 ], [ 11.078784, 46.229055 ], [ 11.081118, 46.227825 ], [ 11.084364, 46.22741 ], [ 11.0868, 46.227307 ], [ 11.090936, 46.226818 ], [ 11.092846, 46.226225 ], [ 11.094527, 46.225127 ], [ 11.099277, 46.221328 ], [ 11.100665, 46.219921 ], [ 11.105843, 46.215505 ], [ 11.107882, 46.213231 ], [ 11.108993, 46.212329 ], [ 11.109952, 46.211136 ], [ 11.118754, 46.204856 ] ] ] } },
{ "type": "Feature", "properties": { "com_altname": null, "com_area_code": "ITA", "com_capoluogo": "No", "com_code": "22176", "com_name": "Soraga di Fassa", "com_name_lower": "soraga di fassa", "com_name_upper": "SORAGA DI FASSA", "com_type": "Comune", "geo_point_2d": { "lat": 46.39277508521389, "lon": 11.753386629085862 }, "prov_code": "22", "prov_name": "Trento", "reg_code": "4", "reg_name": "Trentino-Alto Adige", "rip_code": "2", "rip_name": "Nord-Est", "year": "2022" }, "geometry": { "type": "MultiPolygon", "coordinates": [ [ [ [ 11.800196, 46.403961 ], [ 11.799578, 46.402614 ], [ 11.799294, 46.401359 ], [ 11.799241, 46.399452 ], [ 11.79879, 46.396605 ], [ 11.79916, 46.395537 ], [ 11.800038, 46.39463 ], [ 11.79794, 46.392496 ], [ 11.797288, 46.390297 ], [ 11.797311, 46.388539 ], [ 11.797662, 46.386084 ], [ 11.796411, 46.383725 ], [ 11.795413, 46.383089 ], [ 11.794596, 46.381893 ], [ 11.794483, 46.381084 ], [ 11.795204, 46.379601 ], [ 11.795228, 46.378202 ], [ 11.796355, 46.377656 ], [ 11.797817, 46.377635 ], [ 11.802002, 46.378365 ], [ 11.804835, 46.377401 ], [ 11.806036, 46.377783 ], [ 11.808154, 46.377727 ], [ 11.810214, 46.377125 ], [ 11.81253, 46.377325 ], [ 11.813581, 46.378038 ], [ 11.814705, 46.377459 ], [ 11.815551, 46.377899 ], [ 11.818041, 46.377255 ], [ 11.820158, 46.377167 ], [ 11.820173, 46.376621 ], [ 11.82181, 46.376287 ], [ 11.821889, 46.375341 ], [ 11.822888, 46.374357 ], [ 11.824121, 46.372458 ], [ 11.825183, 46.371254 ], [ 11.826483, 46.370505 ], [ 11.827838, 46.369316 ], [ 11.829473, 46.368522 ], [ 11.830892, 46.366932 ], [ 11.833226, 46.366158 ], [ 11.834976, 46.366158 ], [ 11.835313, 46.368122 ], [ 11.834318, 46.369475 ], [ 11.834413, 46.371448 ], [ 11.834064, 46.373152 ], [ 11.833166, 46.374371 ], [ 11.832862, 46.376587 ], [ 11.833491, 46.377178 ], [ 11.83181, 46.379613 ], [ 11.833918, 46.381323 ], [ 11.834325, 46.382466 ], [ 11.835526, 46.383275 ], [ 11.834033, 46.384634 ], [ 11.833558, 46.385333 ], [ 11.832081, 46.386649 ], [ 11.83204, 46.387187 ], [ 11.833388, 46.389226 ], [ 11.833989, 46.39215 ], [ 11.834352, 46.392469 ], [ 11.834979, 46.395739 ], [ 11.835931, 46.398207 ], [ 11.836122, 46.399472 ], [ 11.835729, 46.40072 ], [ 11.836765, 46.401325 ], [ 11.839001, 46.403352 ], [ 11.839553, 46.404144 ], [ 11.839987, 46.405561 ], [ 11.841354, 46.407402 ], [ 11.843689, 46.409919 ], [ 11.843476, 46.410865 ], [ 11.841979, 46.411648 ], [ 11.840314, 46.412979 ], [ 11.835061, 46.411008 ], [ 11.828282, 46.40886 ], [ 11.820083, 46.410247 ], [ 11.817251, 46.410841 ], [ 11.813992, 46.405715 ], [ 11.809223, 46.407398 ], [ 11.806008, 46.406796 ], [ 11.802012, 46.404734 ], [ 11.800196, 46.403961 ] ] ], [ [ [ 11.640756, 46.387227 ], [ 11.641734, 46.38862 ], [ 11.643062, 46.388158 ], [ 11.644084, 46.388294 ], [ 11.644615, 46.389012 ], [ 11.645701, 46.391309 ], [ 11.647206, 46.39041 ], [ 11.652557, 46.389429 ], [ 11.653019, 46.388694 ], [ 11.654756, 46.387127 ], [ 11.657102, 46.386049 ], [ 11.658216, 46.385988 ], [ 11.659442, 46.386328 ], [ 11.660775, 46.386198 ], [ 11.662527, 46.386382 ], [ 11.663628, 46.385754 ], [ 11.664727, 46.384558 ], [ 11.666169, 46.384997 ], [ 11.667859, 46.385148 ], [ 11.67041, 46.384453 ], [ 11.674655, 46.383968 ], [ 11.675598, 46.384026 ], [ 11.683472, 46.383539 ], [ 11.68501, 46.383576 ], [ 11.692092, 46.38319 ], [ 11.692503, 46.383245 ], [ 11.69497, 46.384914 ], [ 11.694725, 46.385783 ], [ 11.697957, 46.385664 ], [ 11.69846, 46.386598 ], [ 11.701011, 46.388583 ], [ 11.701606, 46.389283 ], [ 11.700945, 46.390249 ], [ 11.70491, 46.39065 ], [ 11.705972, 46.393462 ], [ 11.70777, 46.394753 ], [ 11.706151, 46.397012 ], [ 11.705914, 46.398081 ], [ 11.704688, 46.399131 ], [ 11.704188, 46.400114 ], [ 11.700938, 46.400869 ], [ 11.697476, 46.401849 ], [ 11.694276, 46.401841 ], [ 11.692841, 46.402393 ], [ 11.691962, 46.399938 ], [ 11.690681, 46.398157 ], [ 11.686714, 46.398931 ], [ 11.68425, 46.399521 ], [ 11.678517, 46.40148 ], [ 11.675239, 46.403292 ], [ 11.671275, 46.404365 ], [ 11.669683, 46.404897 ], [ 11.664996, 46.404825 ], [ 11.662736, 46.40448 ], [ 11.660115, 46.404607 ], [ 11.657921, 46.40419 ], [ 11.654104, 46.402841 ], [ 11.651823, 46.402308 ], [ 11.650397, 46.401542 ], [ 11.648513, 46.399588 ], [ 11.648114, 46.398966 ], [ 11.646972, 46.39821 ], [ 11.643864, 46.396887 ], [ 11.640714, 46.396051 ], [ 11.637711, 46.395004 ], [ 11.63705, 46.394515 ], [ 11.635724, 46.392647 ], [ 11.632361, 46.391149 ], [ 11.633076, 46.390584 ], [ 11.635436, 46.390439 ], [ 11.637059, 46.389295 ], [ 11.639139, 46.388473 ], [ 11.640756, 46.387227 ] ] ] ] } },
{ "type": "Feature", "properties": { "com_altname": null, "com_area_code": "ITA", "com_capoluogo": "No", "com_code": "22234", "com_name": "Pieve di Bono-Prezzo", "com_name_lower": "pieve di bono-prezzo", "com_name_upper": "PIEVE DI BONO-PREZZO", "com_type": "Comune", "geo_point_2d": { "lat": 45.94020659526301, "lon": 10.656018185911856 }, "prov_code": "22", "prov_name": "Trento", "reg_code": "4", "reg_name": "Trentino-Alto Adige", "rip_code": "2", "rip_name": "Nord-Est", "year": "2022" }, "geometry": { "type": "Polygon", "coordinates": [ [ [ 10.619567, 45.925169 ], [ 10.62239, 45.923578 ], [ 10.624211, 45.923096 ], [ 10.626251, 45.921908 ], [ 10.629466, 45.920697 ], [ 10.631864, 45.919526 ], [ 10.638488, 45.916671 ], [ 10.639831, 45.91619 ], [ 10.647582, 45.912346 ], [ 10.648869, 45.912426 ], [ 10.64957, 45.913748 ], [ 10.650287, 45.914341 ], [ 10.651303, 45.914606 ], [ 10.652016, 45.915424 ], [ 10.653456, 45.916448 ], [ 10.655778, 45.917815 ], [ 10.660106, 45.918742 ], [ 10.661963, 45.918743 ], [ 10.665625, 45.921226 ], [ 10.666961, 45.923883 ], [ 10.668921, 45.925962 ], [ 10.669153, 45.927664 ], [ 10.670007, 45.92846 ], [ 10.670313, 45.929296 ], [ 10.671206, 45.929943 ], [ 10.672107, 45.930062 ], [ 10.675045, 45.931808 ], [ 10.677572, 45.931923 ], [ 10.678305, 45.931483 ], [ 10.68035, 45.931403 ], [ 10.681719, 45.932463 ], [ 10.682707, 45.93239 ], [ 10.683922, 45.932982 ], [ 10.685687, 45.9332 ], [ 10.686869, 45.934049 ], [ 10.690236, 45.935931 ], [ 10.690875, 45.936914 ], [ 10.693837, 45.939162 ], [ 10.695561, 45.940039 ], [ 10.696144, 45.93952 ], [ 10.698081, 45.938652 ], [ 10.699443, 45.938981 ], [ 10.701538, 45.93875 ], [ 10.701933, 45.939298 ], [ 10.702765, 45.94145 ], [ 10.703335, 45.94222 ], [ 10.703871, 45.944592 ], [ 10.703098, 45.945665 ], [ 10.704468, 45.94647 ], [ 10.704514, 45.947002 ], [ 10.705593, 45.948069 ], [ 10.706675, 45.948629 ], [ 10.707293, 45.949872 ], [ 10.708367, 45.950267 ], [ 10.710126, 45.951655 ], [ 10.710533, 45.95258 ], [ 10.710326, 45.953529 ], [ 10.710712, 45.95409 ], [ 10.710085, 45.95419 ], [ 10.707532, 45.955907 ], [ 10.706907, 45.956816 ], [ 10.704764, 45.957939 ], [ 10.704265, 45.95851 ], [ 10.70293, 45.958474 ], [ 10.700026, 45.959158 ], [ 10.697965, 45.959363 ], [ 10.696462, 45.960151 ], [ 10.695417, 45.960375 ], [ 10.694218, 45.96018 ], [ 10.69196, 45.96033 ], [ 10.690661, 45.960779 ], [ 10.687431, 45.961574 ], [ 10.686017, 45.962077 ], [ 10.685147, 45.963077 ], [ 10.684129, 45.963671 ], [ 10.681757, 45.964137 ], [ 10.680052, 45.963119 ], [ 10.676852, 45.963813 ], [ 10.675697, 45.963746 ], [ 10.673263, 45.962648 ], [ 10.670878, 45.962064 ], [ 10.667944, 45.962484 ], [ 10.666587, 45.963393 ], [ 10.66371, 45.964214 ], [ 10.661437, 45.965115 ], [ 10.660398, 45.9646 ], [ 10.660076, 45.96356 ], [ 10.659143, 45.962576 ], [ 10.658531, 45.962612 ], [ 10.656167, 45.962411 ], [ 10.653823, 45.960794 ], [ 10.651349, 45.95844 ], [ 10.65016, 45.956854 ], [ 10.648235, 45.955064 ], [ 10.646284, 45.953539 ], [ 10.646927, 45.95231 ], [ 10.646323, 45.951364 ], [ 10.643973, 45.949089 ], [ 10.642433, 45.948603 ], [ 10.641339, 45.947259 ], [ 10.640423, 45.94674 ], [ 10.639716, 45.945439 ], [ 10.640285, 45.945065 ], [ 10.639362, 45.94386 ], [ 10.639363, 45.942961 ], [ 10.635623, 45.941304 ], [ 10.635141, 45.940049 ], [ 10.634116, 45.93923 ], [ 10.632781, 45.939124 ], [ 10.632253, 45.938491 ], [ 10.631254, 45.938113 ], [ 10.629683, 45.93835 ], [ 10.628047, 45.938287 ], [ 10.626289, 45.937702 ], [ 10.625, 45.937727 ], [ 10.622675, 45.937378 ], [ 10.620485, 45.93743 ], [ 10.618196, 45.936778 ], [ 10.616031, 45.936917 ], [ 10.61482, 45.93677 ], [ 10.612479, 45.937173 ], [ 10.608862, 45.937099 ], [ 10.606248, 45.936759 ], [ 10.602689, 45.936 ], [ 10.601557, 45.935569 ], [ 10.599341, 45.935479 ], [ 10.59602, 45.935722 ], [ 10.594496, 45.937598 ], [ 10.593633, 45.938255 ], [ 10.594597, 45.94097 ], [ 10.592871, 45.94192 ], [ 10.590024, 45.940956 ], [ 10.586787, 45.940574 ], [ 10.582288, 45.942727 ], [ 10.580916, 45.942602 ], [ 10.578869, 45.94326 ], [ 10.577354, 45.943982 ], [ 10.576414, 45.943783 ], [ 10.570367, 45.944022 ], [ 10.569879, 45.94359 ], [ 10.567688, 45.94372 ], [ 10.567259, 45.943199 ], [ 10.567288, 45.942075 ], [ 10.566357, 45.940186 ], [ 10.568056, 45.939022 ], [ 10.56885, 45.93909 ], [ 10.570482, 45.939807 ], [ 10.572182, 45.941004 ], [ 10.57311, 45.941304 ], [ 10.575104, 45.940324 ], [ 10.575824, 45.94022 ], [ 10.576598, 45.939441 ], [ 10.577726, 45.939303 ], [ 10.578962, 45.93863 ], [ 10.578529, 45.93748 ], [ 10.578381, 45.935625 ], [ 10.579461, 45.935202 ], [ 10.580911, 45.93508 ], [ 10.582289, 45.935298 ], [ 10.588742, 45.935356 ], [ 10.589585, 45.934609 ], [ 10.592285, 45.935283 ], [ 10.596712, 45.934288 ], [ 10.599719, 45.93386 ], [ 10.601742, 45.933129 ], [ 10.602475, 45.932156 ], [ 10.603887, 45.931795 ], [ 10.606063, 45.930088 ], [ 10.608255, 45.928826 ], [ 10.609037, 45.927059 ], [ 10.611542, 45.92714 ], [ 10.613791, 45.927542 ], [ 10.615005, 45.927041 ], [ 10.616076, 45.927235 ], [ 10.619567, 45.925169 ] ] ] } }
]
}
